îN,ê´,çáåv,0,1,2,3,4,5,6,7,8,9,10,11,12,13,14,15,16,17,18,19,20,21,22,23,24,25,26,27,28,29,30,31,32,33,34,35,36,37,38,39,40,41,42,43,44,45,46,47,48,49,50,51,52,53,54,55,56,57,58,59,60,61,62,63,64,65,66,67,68,69,70,71,72,73,74,75,76,77,78,79,80,81,82,83,84,85,86,87,88,89,90,91,92,93,94,95,96,97,98,99,100,101,102,103,104,105
2020,1,61349581,428005,446054,468457,480153,501907,514130,513861,524747,526616,540528,545068,547643,557531,555138,550198,552565,574977,581329,601356,617391,635288,636254,650572,654083,657797,666373,664013,648773,653163,646827,658299,668200,687872,703827,713052,736009,759345,767985,767910,774703,808361,828439,858203,880994,922678,959382,1014419,1028714,1011319,980062,948528,931255,908002,904190,702426,865574,809982,787524,760609,743211,744337,755785,730040,707360,739220,758861,753073,791277,828019,868112,918371,994845,968781,906112,548814,571689,681688,643636,643418,605752,527887,438311,441377,426809,397396,346288,296592,264598,227782,189088,152333,123329,97680,71879,53891,37221,24411,15549,9957,6309,4203,2158,1385,888,483,716
2021,1,61019059,424679,427186,445687,468124,479933,501716,513940,513743,524738,526605,540466,545175,547862,557623,555299,550482,552518,574885,581759,604471,623822,637522,637146,652223,653993,655903,663750,661024,645765,649639,644077,655259,665297,685449,701519,710952,734104,757654,766460,766356,773380,806933,827100,856980,879576,921197,957734,1012455,1026559,1009248,977600,946030,928530,905115,901115,699663,861967,806084,783773,756588,739024,739361,750320,724274,701239,731982,750775,744166,780861,816077,854298,901855,975395,948192,885288,534662,555354,660381,621441,618961,579922,502604,414690,415101,398003,367579,316393,267935,235688,199786,162753,128804,102844,79879,55915,40938,27958,17973,10983,6989,4102,2639,1308,810,500,626
2022,1,60757789,409369,423729,427011,445732,468112,479967,501749,513992,513920,524934,526927,540926,545768,548142,558067,555846,550803,553288,579287,590972,617502,637738,650023,648791,661796,660337,659525,666224,662300,646151,650081,644175,655061,665227,685411,701044,710508,733739,756983,765958,765851,772833,806467,826529,856249,878784,920416,956644,1011046,1024995,1007359,975640,943948,926216,902481,898108,697098,858603,802585,780072,752610,734359,734175,744574,718153,694588,724083,742003,734397,769506,802850,839103,883813,954136,925201,861686,518776,537270,636473,597064,591425,551175,474934,388980,385933,366607,335181,284477,237501,205721,171250,137200,106155,83121,63092,43063,30044,19028,12018,7010,4265,2476,1537,735,438,563
2023,1,60492427,387900,408872,423411,426937,445852,468140,480053,501888,514207,514139,525372,527241,541446,545997,548480,558540,556016,551241,559011,593468,606082,632170,653423,662836,657308,668241,665467,664192,669768,665630,649556,653190,646559,657189,666884,686831,702286,711512,734477,757617,766507,765977,772824,806227,826394,855881,878471,919728,955782,1009851,1023336,1005615,973787,941789,923900,899939,894954,694501,855001,798732,775991,747932,729204,728239,737959,710991,686818,715292,732141,723384,756464,787981,822112,863964,930516,900267,835869,501621,517656,610023,569873,561579,520197,444937,361404,354751,333644,301011,251898,206450,175664,143725,112784,84838,64876,47908,30941,20960,12975,7985,4531,2872,1608,963,444,559
2024,1,60383002,397057,393456,408624,429231,428105,446209,468678,480556,502537,514994,514962,526048,528037,542056,546613,549119,559387,558791,557556,564638,591148,600321,621903,638705,656257,655146,665737,665105,665569,672027,668233,651897,655359,648309,659085,668210,687022,702292,711182,734031,757329,765903,765676,772248,805615,825400,854746,877057,918037,953922,1007938,1021285,1003051,970994,938620,920455,896420,891421,691461,850890,794797,771288,743301,724613,723907,733010,705849,681568,709549,725240,716211,748525,778577,810934,851925,915883,884972,820764,492325,506458,595145,553371,543057,500612,426138,344066,335293,312310,278499,231184,187387,157211,126441,97392,72589,53937,38718,25687,17285,10604,6136,3428,1915,1054,608,584
2025,1,60136873,397305,397087,393603,408810,429399,428261,446386,468911,480857,502918,515438,515425,526508,528525,542507,547002,550016,561716,562934,563345,571660,598933,608509,630028,645948,661821,659068,668641,667396,667389,673433,669283,652668,655873,648542,659013,667896,686586,701838,710740,733556,756780,765284,765014,771536,804800,824453,853628,875766,916523,952142,1005807,1018843,1000368,968127,935575,917175,892902,887562,688112,846386,790168,766365,738103,719052,717789,726173,698580,673818,700654,715234,705365,736105,764415,794730,833171,893620,861187,796355,476093,487868,570669,527732,514616,470933,397520,317870,306336,281738,247678,202375,161237,132782,104668,78870,57381,41518,28956,18628,12136,7199,4023,2168,1167,619,650
2026,1,59878294,395444,397339,397234,393796,408984,429556,428439,446618,469212,481235,503358,515902,515882,526995,528974,542896,547899,552350,565859,568718,570374,579477,607125,616632,637274,651520,665742,661981,670933,669220,668803,674485,670048,653188,656106,648481,658710,667477,686147,701408,710286,733032,756178,764633,764320,770767,803891,823389,852389,874340,914834,950151,1003434,1016159,997460,965032,932288,913627,889088,883367,684487,841529,785193,761078,732513,713053,711179,718793,690740,665476,691105,704531,693794,722866,749312,777434,813150,869878,835868,770402,458823,468049,544563,500446,484494,439704,367630,290753,276708,250919,217150,174422,136422,110121,84931,62480,44271,31126,21052,13113,8261,4732,2551,1325,687,694
2027,1,59609635,395293,395483,397488,397427,393974,409143,429735,428671,446917,469587,481670,503818,516359,516366,527445,529362,543795,550236,556504,571642,575740,578196,587682,615247,623875,642850,655449,668654,664283,672757,670636,669862,675251,670562,653427,656046,648190,658302,667054,685732,700967,709784,732456,755545,763952,763570,769907,802868,822210,851021,872749,912944,947932,1000823,1013246,994318,961692,928732,909779,884940,878817,680584,836306,779849,755392,726482,706570,704042,710830,682296,656514,680884,693105,681455,708743,733187,758963,791791,844593,808936,742780,440409,446904,516762,471522,452766,407049,336650,262967,246785,220327,187463,147832,113346,89531,67423,48315,33270,22687,14858,8950,5445,3009,1563,782,759
2028,1,59332461,396055,395335,395636,397682,397605,394135,409323,429967,428968,447289,470019,482123,504272,516845,516814,527833,530261,546135,554395,562304,578661,583558,586404,595803,622490,629457,646788,658370,670955,666116,674174,671698,670634,675766,670795,653373,655754,647793,657890,666655,685306,700478,709233,731851,754882,763214,762730,768938,801733,820907,849492,870966,910835,945490,997991,1010100,990926,958075,924873,905593,880440,873906,676391,830693,774099,749255,719963,699569,696340,702250,673220,646917,669966,680913,668287,693659,715963,739251,769033,817685,780265,713325,420757,424373,487267,441024,419551,373161,304857,234853,217023,190512,159156,123049,92331,71222,52254,36396,24311,16053,10167,5914,3471,1849,925,849
2029,1,59047185,396601,396101,395490,395832,397861,397767,394315,409555,430265,429337,447715,470469,482569,504753,517293,517202,528734,532606,550300,560202,569344,586478,591766,594527,603043,628074,633408,649719,660680,672787,667542,675237,672473,671156,676000,670735,653088,655358,647392,657501,666246,684835,699941,708655,731218,754165,762389,761785,767865,800480,819450,847777,868973,908513,942840,994930,1006701,987252,954151,920674,901049,875583,868623,671890,824652,767892,742617,712919,692010,688037,693022,663494,636660,658311,667900,654221,677544,697574,718239,744804,789033,749687,681882,399806,400450,456136,409063,385040,338333,272634,206836,187952,162016,132710,100425,73600,55320,39456,26660,17246,11013,6737,3780,2138,1097,982
2030,1,58753939,396675,396649,396258,395688,396012,398023,397947,394547,409851,430634,429758,448157,470911,483043,505199,517682,518103,531081,536786,556116,567249,577176,594688,599892,601769,608634,632030,636356,652039,662521,674212,668612,676013,672997,671396,675941,670444,652698,654958,647015,657103,665792,684316,699378,708050,730533,753361,761458,760736,766678,799077,817814,845859,866779,905994,939979,991624,1003019,983264,949879,916115,896143,870355,862943,667046,818128,761176,735444,705312,683859,679103,683126,653092,625705,645865,653995,639188,660334,677964,695860,718998,758470,717037,648344,377543,375176,423477,375813,349521,302974,240458,179409,160105,135333,108513,80214,57292,41868,28972,18960,11862,7316,4317,2335,1272,1154
2031,1,58452791,396218,396727,396807,396456,395868,396175,398204,398180,394842,410215,431056,430194,448591,471382,483485,505587,518584,520454,535264,542628,563175,575087,585393,602817,607138,607363,612606,634984,638693,653889,663955,675282,669396,676539,673241,671345,675652,670048,652304,654582,646629,656661,665294,683773,698790,707396,729765,752455,760426,759576,765350,797500,815982,843747,864400,903275,936888,988041,999021,978922,945238,911191,890862,864735,856827,661815,811067,753915,727695,697106,675085,669516,672535,641975,614002,632563,639131,623129,641972,657070,672016,691466,725827,682196,612680,354002,348633,389461,341545,313402,267599,208893,153077,133967,110861,86846,62573,43459,30817,20655,13074,7900,4701,2674,1393,1351
2032,1,58143734,395143,396273,396887,397007,396637,396031,396356,398437,398475,395204,410631,431492,430622,449055,471822,483871,506490,520937,524649,541112,549715,571021,583307,593523,610065,612733,611339,615581,637328,640560,655332,665033,676066,669929,676784,673192,671062,675258,669651,651934,654197,646199,656175,664772,683206,698153,706661,728897,751449,759284,758277,763854,795734,813965,841456,861832,900337,933538,984149,994666,974203,940224,905889,885182,858682,850218,656157,803428,746069,719331,688267,665664,659251,661211,630096,601491,618340,623246,605989,622401,634802,646574,662055,690980,645120,574933,329253,320955,354355,306642,277197,232823,178521,128305,109943,88899,67889,47572,32063,22024,14278,8729,5089,2919,1599,1530
2033,1,57826565,393233,395203,396436,397088,397189,396801,396214,396589,398732,398838,395615,411060,431921,431080,449490,472206,484773,508847,525133,530517,548204,557583,579246,591439,600771,615662,616708,614318,617946,639201,642017,656418,665825,676599,670182,676738,672913,670676,674862,669277,651556,653769,645727,655666,664227,682591,697437,705829,727934,750335,758003,756814,762178,793786,811777,838984,859059,897152,929898,979910,989933,969102,934822,900185,879064,852139,843060,650039,795171,737597,710318,678772,655570,648270,649105,617393,588111,603137,606286,587712,601537,611037,619390,630644,653874,605844,535209,303416,292353,318543,271593,241533,199287,149884,105485,88332,69639,51728,35180,22971,15262,9558,5638,3168,1750,1748
2034,1,57501390,390752,393296,395368,396638,397270,397353,396984,396447,396885,399096,399250,396039,411481,432379,431512,449872,473109,487136,513056,531002,537631,556077,565817,587378,598689,606373,619637,619684,616686,619838,640663,643115,657218,666366,676852,670143,676461,672530,670287,674491,668895,651135,653299,645234,655136,663636,681900,696627,704907,726868,749086,756560,755171,760329,791675,809417,836313,856050,893690,925931,975300,984813,963605,929011,894039,872448,845051,835313,643427,786251,728464,700630,668592,644766,636525,636155,603803,573803,586898,588195,568222,579266,585640,590346,597177,614531,564472,493695,276682,263131,282516,236997,207067,167598,123444,84912,69336,53178,38343,25265,15958,10242,6188,3518,1904,1957
2035,1,57168502,387851,390820,393464,395571,396821,397435,397536,397217,396743,397248,399508,399675,396454,411932,432811,431891,450773,475476,491367,518947,538118,545521,564313,573948,594630,604293,610357,622614,622051,618582,621317,641765,643925,657767,666628,676813,669874,676081,672145,669923,674111,668470,650672,652807,644719,654560,662971,681117,695728,703887,725671,747677,754939,753360,758325,789398,806867,833416,852779,889917,921618,970314,979295,957689,922747,887393,865279,837377,826932,636285,776630,718640,690237,657690,633206,623957,622299,589269,558517,569569,568896,547413,555460,558495,559382,561664,573049,521187,450684,249328,233683,246885,203492,174426,138274,99554,66786,53061,39507,27601,17594,10735,6648,3871,2120,2164
2036,1,56828291,384573,387924,390992,393669,395755,396986,397618,397770,397514,397106,397660,399933,400092,396900,412359,433191,432793,453147,479719,497294,526087,546009,553764,572447,581198,600237,608281,613344,624981,623946,620065,622435,642580,644485,658037,666598,676545,669502,675699,671785,669551,673689,668003,650188,652294,644161,653912,662217,680247,694733,702740,724319,746093,753150,751397,756164,786939,804101,830266,849214,885815,916955,964940,973356,951312,915972,880188,857516,829074,817873,628581,766275,708096,679100,646020,620832,610508,607476,573734,542197,551078,548287,525167,530008,529540,526500,524184,529604,476287,406611,221715,204502,212305,171692,144156,111720,78459,51219,39509,28506,19267,11865,6985,4169,2338,2405
2037,1,56481287,381011,384651,388099,391198,393854,395921,397170,397853,398067,397877,397518,398085,400350,400539,397324,412737,434094,435171,457412,485666,504475,533997,554254,561898,579699,586810,604230,611272,615721,626876,625427,621186,623263,643143,644766,658016,666340,676173,669127,675342,671417,669137,673224,667515,649684,651738,643531,653177,661380,679286,693614,701443,722799,744345,751211,749280,753831,784269,801091,826830,845337,881379,911929,959155,966953,944411,908625,872384,849113,820096,808093,620289,755154,696790,667173,633524,607587,596114,591626,557143,524778,531327,526250,501375,502844,498768,491765,484889,484483,430212,362045,194300,176122,179414,142137,116684,88220,60297,38222,28574,19946,13025,7739,4391,2524,2669
2038,1,56128173,377241,381094,384829,388308,391384,394021,396105,397404,398150,398430,398290,397943,398501,400798,400965,397699,413638,436473,439453,463396,492870,512416,542250,562390,569149,585313,590815,607227,613654,617626,628358,626548,622017,623839,643428,644756,657766,665978,675800,668778,674978,671007,668681,672739,667006,649137,651110,642816,652361,660455,678204,692348,699983,721120,742449,749120,746994,751297,781363,797808,823095,841147,876600,906520,952917,960022,936926,900663,863935,840024,810400,797557,611381,743222,684677,654400,620145,593408,580720,574693,539428,506168,510204,502675,475969,473954,466233,455311,444031,438117,383545,317717,167583,149071,148779,115257,92318,67939,45096,27706,20041,13516,8516,4877,2665,2928
2039,1,55769744,373306,377328,381276,385040,388495,391551,394205,396340,397701,398513,398843,398714,398359,398948,401223,401341,398600,416023,440756,445468,470643,500828,520681,550384,569643,574767,589320,593826,609615,615563,619117,629479,627379,622598,624138,643423,644517,657412,665614,675452,668422,674572,670556,668205,672233,666454,648520,650398,642023,651458,659413,676978,690922,698371,719300,740404,746860,744511,748539,778194,794240,819058,836633,871456,900687,946164,952501,928813,892041,854793,830205,799950,786228,601822,730433,671700,640719,605821,578240,564268,556607,520498,486261,487600,477489,448930,443383,432054,417363,401988,391079,337041,274430,142065,123822,120857,91363,71241,50922,32763,19478,13613,8859,5380,2967,3157
2040,1,55406896,369231,373398,377514,381489,385229,388662,391736,394440,396637,398065,398926,399268,399131,398806,399373,401600,402243,400989,420326,446771,452749,478633,509101,528813,557637,575263,578784,592335,596228,611530,617058,620247,630311,627959,622900,624147,643188,644174,657057,665277,675098,668026,674125,670085,667708,671684,665830,647818,649606,641145,650441,658231,675596,689346,696623,717338,738196,744407,741807,745531,774749,790384,814710,831775,865909,894371,938835,944348,920023,882709,844912,819616,788707,774061,591570,716727,657798,626067,590490,562022,546690,537276,500245,464953,463440,450666,420294,411236,396433,378263,359269,344122,291541,232999,118195,100760,95982,70646,53512,37079,23086,13261,8943,5610,3281,3466
2041,1,55038713,365005,369325,373583,377726,381676,385395,388846,391970,394736,397000,398478,399351,399685,399579,399231,399749,402503,404654,405139,426067,454076,460437,486540,517053,535781,563140,579285,581747,594733,598103,613018,618186,621069,630897,628266,622912,623923,642850,643830,656728,664934,674702,667589,673658,669595,667171,671063,665119,647039,648730,640157,649289,656902,674073,687641,694745,715223,735799,741734,738858,742266,771029,786234,810032,826540,859906,887522,930889,935511,910506,872619,834253,808219,776626,761006,580579,702039,642905,610382,574095,544690,527897,516590,478561,442168,437694,422235,390153,377696,359684,338473,316548,298089,247901,194163,96347,80170,74366,53178,39051,26187,15755,8733,5677,3429,3827
2042,1,54666141,360611,365100,369510,373794,377912,381841,385577,389078,392264,395097,397412,398903,399768,400134,400005,399607,400648,404917,408844,410675,433038,461790,468046,494140,523868,541071,567080,582253,584106,596607,599562,614141,619008,621649,631209,628281,622691,623598,642510,643511,656395,664550,674267,667133,673172,669063,666562,670356,664330,646176,647742,639037,647993,655437,672423,685807,692719,712926,733186,738818,735659,738742,767026,781770,804991,820874,853394,880093,922275,925941,900212,861728,822773,795965,763659,747006,568797,686301,626957,593602,556566,526155,507783,494437,455365,417873,410383,392282,358671,343048,322230,298612,274587,253848,206911,158542,76799,62237,56095,38892,27642,17912,10400,5557,3479,4122
2043,1,54290066,356020,360706,365284,369719,373978,378075,382022,385808,389371,392623,395507,397835,399319,400217,400561,400382,400506,403052,409111,414433,417398,440398,469422,475358,500653,529041,544858,569988,584616,585948,598064,600663,614960,619589,621959,631227,628063,622371,623272,642196,643188,656022,664128,673812,666658,672645,668461,665868,669570,663455,645204,646622,637776,646563,653851,670650,683830,690519,710423,730336,735654,732204,734949,762720,776959,799534,814726,846329,872039,912943,915585,889096,849994,810426,782806,749746,731995,556170,669443,609890,575657,537817,506314,486238,470729,430616,392081,381583,360964,326110,307685,284645,259386,234179,212208,169235,126604,59736,47043,41115,27592,18951,11852,6633,3413,4321
2044,1,53911258,351199,356117,360890,365491,369901,374141,378255,382251,386098,389727,393030,395928,398251,399768,400645,400939,401284,402911,407228,414705,421219,424495,447679,476757,481624,505599,532746,547655,572304,586462,587382,599164,601467,615539,619901,621980,631010,627743,622049,622970,641877,642827,655611,663687,673339,666144,672048,667773,665097,668698,662469,644100,645360,636385,645015,652145,668738,681682,688121,707691,727242,732237,728485,730867,758077,771749,793611,808056,838669,863312,902843,904400,877116,837367,797159,768682,734825,715902,542642,651397,591632,556456,517742,485055,463172,445420,404322,364858,351439,328532,292828,272139,247591,221537,196069,173856,135384,98665,45245,34555,29233,18960,12568,7576,4083,4397
2045,1,53530272,346116,351296,356299,361095,365672,370062,374319,378482,382539,386452,390131,393449,396342,398698,400195,401023,401842,403693,407086,412799,421498,428383,431514,454674,483043,486383,509142,535484,549883,574114,587899,588465,599968,602036,615852,619924,621769,630692,627422,621752,622665,641520,642428,655182,663229,672826,665560,671366,667009,664241,667715,661348,642856,643967,634878,643351,650306,666660,679340,685503,704725,723900,728558,724484,726467,753050,766095,787184,800820,830365,853863,891930,892339,864216,823793,782915,753530,718825,698655,528155,632085,572093,535895,496228,462288,438534,418512,376546,336336,320186,295335,259319,237030,211767,185769,160897,139325,105707,74881,33304,24623,20133,12602,8052,4675,4843
2046,1,53147429,340750,346213,351477,356502,361275,365832,370239,374543,378767,382889,386852,390547,393860,396787,399124,400573,401927,404256,407879,412657,419563,428669,435468,438258,460669,487817,489794,511761,537664,551625,575523,588985,589257,600538,602344,615878,619718,621459,630373,627126,621451,622322,641127,642013,654736,662733,672244,664893,670608,666162,663276,666598,660085,641483,642458,633258,641555,648307,664394,676783,682660,701521,720302,724599,720169,721701,747591,759957,780211,792977,821373,843649,880156,879346,850343,809213,767628,737279,701673,680181,512647,611413,551164,513854,473180,437957,412322,390062,347416,306730,288152,261859,226164,203022,177845,152692,129165,108987,80385,55235,23784,16996,13412,8093,4980,5457
2047,1,52762839,335119,340848,346393,351678,356680,361432,366007,370461,374825,379114,383286,387264,390955,394302,397211,399501,401476,404342,408449,413463,419421,426702,435760,442274,444037,465223,491239,492315,513847,539370,552981,576589,589780,589820,600848,602373,615676,619412,621148,630080,626827,621114,621945,640717,641581,654253,662169,671579,664152,669767,665205,662179,665339,658691,639996,640836,631510,639604,646126,661919,674005,679590,698071,716430,720330,715494,716526,741666,753297,772650,784480,811650,832626,867468,865366,835435,793561,751228,719852,683295,660400,496043,589266,528725,490235,448537,412054,384585,360197,317144,276343,255797,228677,193986,170756,146412,122788,101226,83043,59418,39530,16453,11348,8633,5016,5996
2048,1,52376392,329268,335216,341026,346592,351854,356836,361605,366227,370740,375169,379507,383694,387669,391394,394724,397587,400403,403890,408537,414042,420242,426560,433762,442572,448107,448427,468489,493770,494325,515480,540698,554008,577369,590345,590127,600880,602178,615375,619105,620863,629784,626492,620742,621552,640291,641113,653704,661523,670839,663329,668817,664117,660941,663947,657180,638397,639086,629609,637475,643744,659231,671005,676283,694358,712254,715705,710418,710907,735234,746073,764457,775289,801153,820742,853810,850338,819427,776766,733639,701176,663611,639214,478250,565517,504671,464968,422283,384622,355440,329126,286031,245604,223670,196412,163397,140798,117938,96403,77279,61509,42615,27405,11010,7320,5363,6329
2049,1,51987763,323282,329366,335392,341223,346765,352008,357007,361823,366503,371080,375558,379911,384095,388104,391812,395098,398485,402811,408081,414134,420833,427397,433620,440544,448410,452539,451577,470904,495787,495897,516752,541704,554760,577924,590655,590160,600688,601887,615074,618825,620575,629451,626122,620355,621144,639830,640580,653075,660804,670017,662399,667735,662889,659573,662440,655555,636671,637183,627535,635148,641156,656327,667774,672723,690353,707728,710680,704904,704806,728257,738244,755593,765363,789830,807943,839121,834196,802245,758747,714782,681165,642523,616508,459166,540050,478928,438033,394458,355769,325085,297151,254511,215030,192374,165682,134940,113605,92762,73739,57356,44207,29608,18379,7118,4558,6730
2050,1,51596478,317286,323380,329540,335586,341394,346918,352177,357222,362096,366839,371465,375958,380307,384526,388519,392183,395990,400882,406992,413674,420928,428000,434471,440399,446356,452846,455719,453908,472831,497366,497123,517715,542441,555295,578230,590691,589975,600400,601595,614799,618541,620251,629084,625736,619953,620701,639304,639970,652375,660006,669088,661339,666513,661531,658091,660819,653802,634795,635106,625269,632621,638360,653199,664295,668883,686012,702811,705222,698918,698187,720693,729770,746015,754651,777630,794172,823338,816864,783807,739425,694572,659723,619917,592148,438696,512782,451468,409464,365166,325687,293807,264709,223107,185193,162509,137037,109058,89513,71089,54838,41309,30781,19900,11909,4442,6482
2051,1,51201970,311391,317383,323551,329731,335755,341544,347084,352389,357491,362428,367219,371860,376350,380735,384938,388888,393070,398373,405045,412572,420462,428099,435085,441265,446211,450773,456030,458073,455767,474339,498597,498051,518421,542967,555591,578267,590508,589695,600113,601329,614521,618223,619894,628702,625337,619517,620197,638702,639291,651596,659103,668030,660141,665162,660059,656497,659070,651895,632746,632835,622807,629890,635349,649831,660542,664721,681295,697469,699294,692421,691009,712505,720612,735675,743104,764498,779371,806388,798262,764029,718711,672911,636732,595661,566013,416769,483679,422320,379362,334593,294652,262026,232333,192404,156665,134618,110934,86081,68727,52972,39577,28824,20733,12923,7448,6272
2052,1,50803655,305721,311488,317552,323740,329897,335903,341708,347294,352655,357819,362803,367610,372248,376773,381142,385303,389767,395436,402511,410599,419345,427627,435187,441890,447089,450628,453944,458386,459950,457222,475515,499530,498732,518926,543258,555630,578091,590231,589415,599850,601060,614208,617871,619522,628306,624903,619021,619619,638032,638537,650715,658073,666832,658817,663698,658477,654777,657166,649812,630506,630368,620145,626949,632106,646197,656474,660197,676170,691666,692860,685374,683237,703651,710720,724525,730671,750379,763471,788190,778303,742822,696503,649680,612057,569629,538005,393353,452765,391581,347911,303013,263071,230258,200623,162994,129971,109151,87713,66215,51313,38309,27674,19457,13493,8100,7975
2053,1,50401016,300409,305817,311655,317738,323903,330043,336065,341914,347556,352978,358190,363190,367994,372667,377176,381504,386175,392114,399545,408033,417342,426491,434708,441994,447723,451515,453799,456291,460267,461421,458358,476406,500215,499219,519206,543298,555463,577822,589954,589160,599586,600758,613863,617505,619137,627876,624409,618451,618976,637287,637682,649709,656907,665508,657381,662123,656769,652905,655087,647535,628072,627701,617279,623781,628607,642257,652051,655280,670601,685366,685880,677742,674830,694085,700048,712513,717298,735208,746397,768661,756894,720078,672681,624743,585569,541722,508079,368462,420134,359432,315384,270833,231454,199088,170192,135422,105551,86451,67594,49533,37184,26843,18721,12690,8476,9378
2054,1,49993620,295535,300505,305982,311838,317898,324046,330202,336268,342172,347875,353344,358572,363569,368407,373066,377534,382368,388500,396190,405028,414736,424456,433556,441509,447829,452157,454694,456147,458165,461740,462568,459219,477061,500706,499491,519246,543137,555207,577554,589702,588904,599288,600424,613504,617126,618719,627386,623841,617817,618261,636442,636705,648570,655616,664072,655837,660423,654910,650860,652814,645059,625441,624828,614191,620362,624812,637974,647243,649937,664554,678530,678317,669483,665742,683759,688548,699589,702924,718912,728067,747707,733930,695677,647105,597968,557163,511887,476245,342167,385974,326144,282194,238564,200378,169122,141611,110151,83741,66742,50662,35966,26109,18197,12236,7988,10421
2055,1,49581158,291146,295630,300668,306162,311995,318039,324202,330401,336522,342486,348235,353721,358946,363977,368802,373420,378389,384671,392540,401628,411683,421807,431488,440339,447338,452265,455342,457049,458021,459633,462890,463438,459852,477531,500980,499532,519095,542889,554951,577310,589448,588615,598959,600077,613132,616715,618242,626823,623209,617111,617450,635478,635600,647309,654216,662528,654171,658573,652879,648623,650343,642384,622606,621734,610858,616654,620686,633316,642018,644134,657991,671122,670131,660553,655930,672628,676169,685694,687482,701414,708397,725225,709285,669473,619636,569242,526779,480129,442589,314612,350563,292132,248861,206794,170448,140924,115363,87536,64765,50118,36859,25306,17737,11919,7719,10726
2056,1,49163481,287273,291241,295792,300845,306317,312134,318192,324399,330651,336831,342842,348606,354090,359349,364367,369152,374266,380670,388672,397930,408230,418705,428796,438240,446154,451771,455452,457701,458928,459491,460779,463762,464079,460306,477794,501023,499388,518860,542642,554720,577065,589163,588295,598617,599718,612729,616246,617693,626195,622506,616311,616523,634384,634375,645941,652711,660861,652356,656551,650657,646191,647671,639501,619553,618394,607244,612622,616199,628254,636342,637835,650876,663101,661277,650907,645347,660642,662857,670762,670896,682631,687286,701093,682816,641324,590157,538501,494414,446525,407286,286017,314333,257922,215989,176141,142232,114980,91830,67820,48725,36535,25987,17227,11642,7535,10734
2057,1,48740593,283896,287368,291401,295966,300997,306453,312285,318385,324644,330954,337180,343207,348970,354488,359734,364714,369989,376522,384630,394011,404472,415194,425643,435507,444028,450576,454956,457814,459585,460402,460637,461648,464404,464538,460561,477837,500880,499165,518626,542418,554487,576788,588847,587964,598264,599328,612268,615705,617082,625497,621708,615395,615472,633173,633047,644469,651085,659045,650372,654338,648241,643562,644793,636395,616257,614770,603312,608236,611322,622754,630179,631005,643171,654421,651708,640498,633948,647748,648548,654721,653087,662467,664621,675169,654375,611104,558593,505734,460142,411245,370609,256722,277836,224128,184215,147190,116223,91673,71271,51118,35589,25810,17727,11331,7375,10631
2058,1,48312661,280975,283991,287526,291573,296116,301131,306601,312474,318626,324942,331298,337539,343565,349362,354868,360077,365541,372220,380441,389915,400490,411374,422076,432305,441259,448430,453753,457316,459699,461062,461552,461508,462289,464866,464798,460604,477703,500658,498941,518415,542193,554224,576483,588519,587620,597880,598883,611737,615103,616401,624704,620794,614357,614308,631860,631618,642880,649315,657060,648201,651931,645629,640730,641692,633042,612680,610828,599035,603468,606021,616780,623495,623606,634831,645038,641379,629283,621683,633886,633172,637492,633965,640815,640269,647307,623832,578732,524929,471011,424127,374552,332987,227168,241726,191406,154152,120454,92814,71272,53817,37409,25192,17642,11684,7193,10485
2059,1,47880029,278474,281071,284148,287697,291721,296248,301277,306787,312710,318918,325279,331650,337891,343951,349737,355206,360894,367746,376094,385669,396329,407326,418194,428682,438016,445635,451593,456109,459201,461178,462215,462427,462150,462750,465127,464843,460477,477494,500437,498740,518202,541939,553934,576165,588180,587248,597441,598369,611146,614432,615628,623796,619757,613207,613046,630448,630075,641149,647379,654888,645840,649329,642814,637677,638343,629404,608789,606539,594384,598286,600264,610301,616253,615593,625810,634904,630246,617212,608492,618987,616654,618988,613426,617545,614090,617377,591098,544186,489228,434490,386630,336866,294978,197879,206700,160390,126339,96346,72282,53916,39459,26532,17255,11652,7433,10306
2060,1,47443200,276326,278570,281227,284317,287843,291851,296392,301460,307019,312997,319249,325625,331996,338271,344320,350070,356012,363071,371574,381265,392015,403095,414080,424741,434346,442360,448780,453939,457990,460680,462334,463092,463071,462613,463012,465174,464717,460277,477284,500237,498538,517962,541658,553632,575837,587812,586822,596934,597796,610486,613670,614742,622764,618607,611959,611688,628922,628395,639256,645259,652524,643286,646525,639781,634381,634708,625444,604555,601874,589328,592655,594017,603277,608408,606925,616065,623978,618259,604227,594311,602976,598908,599109,591349,592526,585960,585287,556146,507522,451645,396424,348071,298738,257250,169422,173442,131643,101211,75159,54778,39606,28041,18209,11419,7428,10368
2061,1,47002809,274439,276422,278725,281394,284462,287972,291993,296572,301688,307301,313322,319589,325965,332370,338634,344648,350865,358160,366852,376684,387540,398709,409779,420562,430353,438655,445484,451112,455813,459467,461835,463212,463739,463536,462876,463060,465049,464516,460077,477096,500037,498310,517696,541366,553321,575481,587391,586330,596369,597158,609737,612795,613735,621620,617361,610616,610222,627260,626556,637182,642953,649968,640535,643504,636505,630803,630753,621136,599949,596803,583834,586545,587244,595667,599916,597556,605554,612211,605362,590265,579069,585772,579840,577737,567607,565633,555786,551001,519025,468892,412434,357234,309005,260833,220532,142354,142562,105624,79086,57059,40314,28200,19283,12076,7294,10425
2062,1,46559612,272716,274535,276577,278891,281538,284589,288112,292170,296796,301965,307620,313656,319922,326331,332726,338957,345431,352983,361891,371898,382886,394159,405322,416196,426120,434623,441753,447800,452976,457284,460620,462714,463860,464206,463801,462925,462937,464850,464316,459897,476907,499810,498057,517421,541066,552982,575073,586904,585781,595740,596433,608877,611801,612618,620379,616019,609166,608624,625441,624541,634926,640458,647214,637569,640240,632949,626909,626448,616448,594941,591291,577870,579918,579903,587427,590736,587447,594230,599547,591490,575254,562687,567282,559336,554749,542080,536775,523530,514563,479880,428548,372016,317474,270107,223880,185544,117175,114560,82670,60146,42071,28760,19431,12814,7729,10397
2063,1,46114479,271077,272813,274689,276742,279034,281664,284728,288287,292392,297069,302278,307947,313983,320282,326682,333044,339727,347516,356661,366870,378022,389426,400697,411669,421696,430349,437694,444052,449652,454439,458433,461498,463363,464328,464473,463852,462805,462741,464652,464137,459717,476693,499560,497795,517136,540739,552595,574602,586360,585169,595024,595599,607899,610698,611407,619044,614571,607586,606875,623449,622350,632485,637769,644245,634365,636696,629078,622670,621764,611350,589497,585307,571402,572734,571951,578515,580826,576553,582040,585923,576573,559116,545076,547396,537277,530025,514677,505909,489226,476107,438958,386914,330954,277826,232125,188609,152942,94303,89810,62981,44428,30070,19855,12937,8218,10668
2064,1,45668379,269448,271174,272967,274854,276884,279159,281801,284901,288505,292660,297377,302600,308269,314336,320626,326994,333801,341779,351138,361569,372913,384481,395887,406973,417110,425882,433391,439973,445889,451106,455583,459308,462147,463832,464597,464526,463733,462610,462546,464475,463957,459513,476456,499300,497524,516827,540364,552146,574076,585755,584472,594200,594651,606813,609501,610103,617602,612991,605856,604959,621280,619979,629854,634871,641037,630887,632838,624864,618057,616669,605807,583585,578814,564386,564949,563348,568892,570144,564823,568922,571268,560533,541764,526132,525996,513546,503475,485352,473061,452993,435866,396679,344561,289946,239047,195809,155685,123272,74048,68538,46606,31815,20800,13246,8313,11151
2065,1,45222336,267758,269546,271328,273130,274995,277008,279295,281973,285117,288770,292964,297694,302916,308615,314674,320933,327737,335817,345341,355972,367526,379286,390861,402088,412353,421252,428894,435649,441795,447332,452242,456454,459955,462616,464102,464652,464408,463540,462417,462371,464297,463754,459287,476211,499032,497231,516473,539930,551646,573489,585065,583672,593263,593598,605634,608214,608695,616029,611262,603960,602873,618934,617423,627018,631740,637555,627099,628638,620276,613038,611129,599787,577169,571771,556782,556524,554055,558515,558639,552197,554810,555506,543282,523094,505742,502970,488052,475047,454123,438338,415042,394243,353614,302200,249774,201906,161850,125669,96949,56605,50809,33437,22049,13903,8529,11516
2066,1,44777410,265947,267855,269699,271490,273271,275118,277143,279465,282186,285379,289070,293276,298004,303256,308947,314974,321663,329717,339319,350096,361838,373808,385580,396983,407404,416448,424232,431129,437454,443225,448460,453108,457098,460423,462886,464158,464535,464216,463348,462244,462196,464096,463528,459053,475958,498741,496893,516062,539446,551088,572820,584271,582759,592223,592456,604367,606823,607159,614307,609367,601897,600617,616406,614668,623955,628340,633761,622974,624065,615285,607580,605110,593252,570207,564134,548548,547419,544031,547336,546253,538611,539627,538551,524718,502997,483797,478224,460743,444755,421086,401935,375745,351793,310479,260637,211235,167118,130837,98989,74236,42037,36519,23217,14767,8969,11879
2067,1,44334662,263983,266045,268008,269861,271630,273394,275252,277312,279677,282446,285675,289378,293582,298339,303582,309242,315691,323606,333156,343992,355867,368024,380012,391621,402232,411450,419395,426444,432917,438872,444345,449320,453748,457564,460694,462944,464043,464345,464026,463177,462071,461998,463873,463295,458812,475683,498406,496502,515604,538906,550451,572050,583367,581746,591093,591227,602997,605306,605477,612419,607303,599664,598185,613680,611691,620627,624636,629630,618483,619088,609856,601650,598576,586159,562657,555861,539648,537596,533230,535299,532922,523991,523292,520302,504730,481361,460205,451703,431625,412685,386419,364201,335615,309213,268090,220698,175074,135290,103220,75924,55227,30270,25406,15579,9545,12383
2068,1,43895123,261841,264081,266197,268169,270000,271753,273527,275420,277522,279934,282739,285979,289679,293912,298660,303873,309946,317599,326982,337745,349663,361951,374133,385966,396800,406229,414363,421583,428214,434322,439982,445198,449956,454213,457835,460752,462831,463855,464156,463856,463006,461875,461778,463642,463055,458550,475368,498018,496066,515093,538289,549718,571173,582362,580646,589878,589899,601503,603644,603633,610364,605070,597258,595563,610734,608457,617001,620601,625132,613595,613674,603956,595210,591481,578463,554475,546916,530042,527007,521596,522339,518573,508258,505706,500650,483207,458093,434908,423408,400774,379003,350446,325619,295307,267304,227290,183161,141934,106897,79299,56581,39840,21097,17080,10090,13057
2069,1,43459746,259511,261938,264232,266358,268308,270122,271885,273694,275629,277778,280224,283040,286277,290005,294228,298946,304565,311820,320913,331487,343314,355643,367961,379995,391071,400742,409105,416526,423333,429604,435421,440827,445829,450418,454482,457894,460642,462645,463668,463988,463687,462811,461658,461551,463404,462794,458249,475001,497585,495579,514510,537579,548882,570197,581270,579463,588565,588450,599866,601821,601624,608140,602663,594663,592729,607533,604934,613051,616207,620235,608277,607790,597548,588216,583781,570121,545624,537259,519685,515600,509068,508387,503127,491317,486765,479483,460052,433133,407904,393408,368344,344015,313621,286811,255573,226901,188880,148700,112317,82257,59198,40890,27819,14211,11083,13813
2070,1,43029366,256997,259609,262089,264392,266495,268428,270254,272051,273901,275883,278066,280523,283335,286599,290317,294510,299627,306406,315074,325335,336954,349187,361548,373727,385021,394957,403581,411242,418257,424709,430692,436259,441454,446288,450687,454543,457786,460458,462460,463502,463821,463494,462596,461433,461317,463146,462493,457900,474592,497102,495023,513837,536769,547953,569138,580096,578185,587132,586862,598070,599836,599451,605742,600068,591858,589650,604046,601095,608749,611423,614906,602495,601397,590587,580623,575432,561094,536066,526844,508525,503314,495578,493366,486494,473068,466359,456705,435203,406473,379252,361844,334622,308155,276529,248499,217206,188802,153557,117847,86566,61511,42857,28605,18774,9239,14898
2071,1,42600670,254304,257094,259758,262247,264528,266616,268560,270418,272257,274153,276169,278362,280815,283653,286907,290595,295180,301439,309604,319417,330702,342718,354985,367214,378670,388848,397756,405690,412951,419616,425785,431522,436879,441909,446555,450747,454435,457604,460274,462295,463335,463629,463279,462371,461200,461061,462846,462141,457506,474132,496545,494377,513064,535862,546937,567991,578820,576780,585552,585109,596102,597674,597092,603139,597245,588791,586273,600221,596885,604033,606182,609074,596172,594407,582980,572337,566340,551286,525695,515553,496433,490004,480967,477090,468463,453280,444255,432093,408477,377986,348892,328790,299815,271783,239660,211261,180795,153549,121744,90867,64762,44552,29995,19313,12211,14385
2072,1,42173302,251446,254400,257242,259915,262383,264648,266746,268723,270624,272508,274438,276462,278652,281131,283958,287182,291257,296965,304585,313872,324686,336359,348409,360548,372071,382434,391603,399833,407376,414294,420680,426605,432135,437329,442172,446614,450641,454255,457421,460110,462128,463143,463413,463054,462137,460943,460762,462493,461744,457062,473601,495897,493633,512196,534868,545834,566741,577414,575227,583802,583183,593953,595322,594527,600301,594149,585418,582560,596017,592261,598856,600433,602682,589242,586751,574660,563294,556439,540620,514429,503293,483305,475557,465100,459408,448868,431796,420314,405558,379850,347728,317021,294589,264427,235547,203746,175847,147038,121738,93871,67979,46907,31181,20252,12562,15912
2073,1,41748263,248438,251541,254547,257397,260050,262501,264777,266908,268927,270872,272790,274729,276751,278965,281433,284230,287836,293018,300065,308784,319050,330241,341945,353869,365316,375769,385144,393649,401496,408700,415344,421490,427212,432581,437590,442232,446509,450461,454073,457257,459944,461937,462928,463188,462820,461880,460645,460411,462096,461296,456550,472982,495151,492799,511247,533790,544633,565364,575859,573509,581881,581081,591616,592764,591729,597190,590746,581711,578480,591400,587184,593177,594133,595676,581653,578377,565580,553446,545674,529035,502196,489984,469055,459868,447861,440192,427593,408527,394502,377135,349442,315963,284045,259818,229172,200250,169592,143013,116576,93867,70227,49237,32829,21053,13173,17045
2074,1,41326287,245297,248532,251686,254701,257531,260167,262630,264938,267111,269174,271153,273080,275016,277061,279265,281702,284877,289576,296077,304202,313879,324509,335725,347303,358549,368947,378431,387156,395286,402801,409737,416144,422090,427652,432839,437649,442127,446331,450282,453911,457093,459753,461722,462703,462954,462562,461580,460294,460015,461647,460779,455953,472270,494314,491885,510216,532615,543309,563842,574139,571621,579783,578795,589074,589975,588662,593769,587005,577637,573998,586330,581616,586952,587226,588004,573352,569238,555693,542739,533980,516454,488916,475537,453581,442824,429129,419328,404550,383438,366854,346945,317521,283097,250518,225178,194830,166682,137926,113385,89886,70223,50865,34460,22166,13694,18085
2075,1,40907837,242040,245390,248675,251838,254833,257647,260294,262790,265139,267356,269453,271441,273365,275324,277359,279532,282344,286600,292600,300159,309222,319249,329898,340985,351896,362112,371562,380409,388766,396571,403822,410526,416736,422524,427908,432897,437546,441951,446153,450120,453747,456903,459539,461497,462468,462696,462262,461229,459898,459568,461129,460177,455267,471471,493397,490893,509092,531320,541846,562157,572249,569560,577502,576307,586302,586917,585291,590009,582894,573161,569076,580769,575512,580130,579663,579612,564293,559287,544942,531108,521282,502797,474500,459850,436770,424302,408789,396730,379706,356566,337487,315252,284492,249682,217118,191434,162171,135559,109352,87426,67246,50863,35600,23267,14417,19010
2076,1,40493132,238688,242132,245531,248826,251968,254947,257773,260453,262989,265383,267633,269740,271724,273672,275620,277624,280168,284051,289592,296634,305113,314513,324551,335066,345494,355393,364678,373503,381990,390030,397577,404600,411110,417165,422777,427965,432795,437372,441775,445993,449958,453559,456690,459316,461263,462211,462396,461909,460832,459451,459053,460527,459483,454496,470597,492402,489811,507855,529889,540227,560306,570186,567319,575020,573595,583263,583555,581584,585877,578377,568247,563679,574674,568822,572658,571390,570454,554428,548467,533264,518478,507497,487972,458847,442806,418501,404191,386759,372366,353095,328022,306658,282459,250913,216393,184582,159344,131890,107475,84316,65405,48706,35598,24036,15134,19991
2077,1,40082180,235262,238779,242272,245680,248954,252082,255072,257930,260650,263231,265658,267918,270020,272029,273966,275884,278256,281862,287017,293586,301530,310334,319736,329635,339497,348928,357911,366584,375057,383233,391019,398343,405176,411533,417414,422834,427864,432623,437197,441617,445832,449771,453348,456468,459083,461006,461910,462043,461512,460384,458936,458453,459833,458706,453653,469647,491317,488621,506486,528306,538448,558286,567942,564881,572314,570622,579922,579859,577510,581337,573419,562857,557763,567993,561495,564485,562362,560481,543701,536713,520582,504767,492534,471874,441840,424284,398665,382409,363007,346270,324829,298058,274759,249120,217460,183966,153640,129592,104567,82869,63079,47373,34089,24035,15634,21002
2078,1,39674822,231784,235351,238917,242418,245807,249067,252205,255227,258125,260890,263503,265940,268197,270323,272321,274228,276512,279939,284805,290975,298432,306690,315487,324745,333994,342871,351401,359782,368109,376277,384205,391773,398910,405593,411779,417470,422734,427694,432450,437040,441457,445647,449561,453127,456236,458827,460707,461558,461645,461063,459867,458336,457762,459055,457855,452738,468612,490123,487304,504972,526566,536507,556089,565501,562222,569347,567353,576249,575798,573036,576353,567980,556950,551278,560677,553482,555566,552531,549638,532049,523949,506816,489884,476285,454384,423359,404174,377181,358924,337567,318550,295156,267054,242329,215906,184873,153128,124953,102744,80626,61996,45688,33156,23016,15633,21897
2079,1,39270779,228280,231872,235487,239061,242544,245918,249188,252359,255421,258362,261160,263783,266217,268497,270614,272582,274852,278184,282862,288734,295778,303539,311783,320430,329039,337314,345301,353238,361279,369307,377231,384945,392330,399321,405836,411835,417372,422566,427523,432295,436882,441274,445439,449342,452897,455982,458529,460355,461160,461196,460546,459266,457645,456987,458203,456931,451740,467473,488802,485848,503310,524668,534395,553699,562840,559307,566085,563759,572213,571336,568123,570886,562018,550475,544177,552675,544736,545854,541842,537858,519397,510094,491872,473723,458632,435379,403293,382393,354017,333770,310544,289451,264454,235533,210020,183552,153883,124536,99066,79221,60318,44904,31976,22386,14970,22407
2080,1,38869694,224777,228367,232006,235630,239185,242653,246038,249340,252550,255656,258630,261437,264057,266515,268786,270872,273202,276514,281089,286764,293500,300840,308580,316667,324667,332309,339704,347106,354707,362454,370244,377958,385493,392734,399559,405890,411737,417206,422397,427370,432138,436701,441068,445222,449114,452644,455685,458179,459958,460712,460679,459943,458574,456870,456139,457278,455924,450641,466213,487341,484248,501495,522603,532098,551093,559922,556103,562500,559810,567779,566438,562734,564895,555485,543384,536410,543942,535213,535293,530229,525068,505662,495054,475645,456165,439448,414743,381559,358909,329206,307051,282176,259342,233240,204130,178548,152783,125150,98736,76386,59267,43688,31427,21590,14561,22274
2081,1,38471173,221303,224862,228499,232146,235752,239293,242772,246188,249529,252782,255920,258904,261709,264353,266801,269043,271489,274854,279401,284966,291498,298523,305836,313414,320854,327893,334664,341480,348550,355861,363374,370957,378496,385890,392969,399613,405795,411574,417039,422245,427215,431959,436497,440853,444996,448863,452349,455337,457783,459511,460195,460076,459250,457798,456022,455219,456270,454815,449427,464819,485736,482501,499521,520356,529594,548236,556714,552581,558560,555472,562911,561065,556828,558328,548329,535628,527934,534432,524858,523822,517620,511182,490752,478722,458016,437084,418619,392392,358127,333756,302853,279002,252824,228731,202143,173541,148618,124256,99223,76131,57145,42927,30577,21219,14043,21917
2082,1,38074814,217887,221387,224992,228637,232267,235858,239410,242920,246374,249758,253044,256192,259173,262002,264637,267056,269655,273131,277724,283256,289671,296487,303481,310627,317557,324043,330217,336414,342901,349685,356764,364074,371485,378886,386121,393022,399519,405633,411409,416889,422092,427037,431757,436284,440629,444747,448571,452004,454944,457338,458995,459593,459382,458473,456948,455102,454215,455161,453589,448083,463288,483984,480602,497374,517907,526847,545095,553188,548710,554231,550709,557572,555176,550354,551135,540503,527165,518704,524093,513610,511365,503932,496110,474562,460978,438858,416368,396060,368294,333028,307038,275188,249980,222983,198236,171851,144450,120868,98514,76506,56955,41390,30044,20645,13802,21371
2083,1,37680232,214558,217970,221515,225128,228756,232371,235973,239556,243104,246601,250017,253312,256458,259464,262283,264890,267664,271286,275983,281556,287933,294629,301411,308235,314734,320713,326340,331944,337814,344017,350572,357452,364592,371868,379112,386173,392929,399360,405471,411261,416738,421917,426838,431546,436062,440382,444458,448228,451614,454501,456824,458394,458900,458605,457621,456026,454099,453110,453934,452232,446607,461617,482079,478536,495032,515221,523829,541642,549312,544458,549479,545486,551719,548722,543265,543269,531962,517948,508669,512861,501396,497842,489074,479743,456973,441697,418057,393930,371737,342483,306369,278991,246563,220474,193253,168529,143044,117479,95828,75959,57236,41252,28969,20285,13428,20893
2084,1,37287077,211342,214640,218096,221649,225245,228859,232485,236117,239737,243327,246856,250282,253575,256745,259742,262534,265493,269283,274119,279791,286205,292861,299522,306132,312310,317862,322986,328046,333325,338914,344890,351248,357961,364968,372090,379164,386082,392773,399200,405325,411112,416565,421719,426629,431327,435818,440095,444118,447841,451174,453991,456227,457703,458123,457753,456698,455020,452994,451889,452576,450743,444996,459800,480007,476283,492465,512269,520510,537847,545056,539789,544267,539760,545305,541654,535511,534685,522662,507927,497767,500665,488137,483163,472939,461962,437859,420761,395528,369737,345684,315067,278382,249970,217460,191080,164294,140279,116335,93140,73888,56827,41456,28872,19559,13194,20381
2085,1,36895048,208261,211422,214764,218228,221764,225347,228971,232626,236296,239957,243579,247118,250542,253859,257021,259990,263131,267098,272095,277901,284411,291104,297725,304214,310179,315413,320115,324675,329411,334410,339774,345555,351748,358330,365186,372140,379074,385928,392616,399057,405178,410941,416370,421513,426412,431085,435534,439759,443734,447405,450667,453397,455539,456928,457272,456829,455691,453913,451773,450537,451085,449117,443244,457823,477746,473813,489643,509024,516864,533679,540382,534669,538554,533485,538281,533923,527049,525337,512550,497042,485930,487425,473744,467224,455410,442639,417105,398086,371238,343825,318012,286286,249425,220465,188467,162446,136753,114086,92234,71816,55277,41159,29014,19494,12722,19939
2086,1,36503905,205335,208341,211545,214894,218342,221864,225457,229110,232803,236513,240205,243837,247374,250823,254132,257266,260582,264723,269888,275850,282490,289280,295938,302388,308235,313262,317649,321789,326027,330484,335259,340429,346047,352110,358544,365236,372053,378923,385774,392475,398912,405009,410749,416167,421299,426173,430804,435201,439379,443302,446902,450077,452713,454767,456080,456349,455822,454582,452689,450421,449053,449458,447349,441338,455667,475269,471098,486541,505458,512858,529103,535256,529057,532293,526613,530598,525486,517835,515173,501565,485222,473080,473053,458115,449906,436361,421659,394627,373639,345220,316301,288962,256506,219985,191072,160225,135215,111219,90451,71117,53727,40037,28807,19590,12679,19390
2087,1,36113476,202576,205413,208461,211673,215006,218440,221973,225594,229283,233016,236757,240460,244090,247651,251091,254374,257852,262158,267488,273612,280405,287326,294084,300574,306386,311298,315482,319310,323128,327089,331323,335906,340914,346404,352321,358592,365150,371905,378772,385635,392332,398746,404820,410548,415955,421063,425895,430474,434825,438951,442804,446317,449398,451946,453922,455159,455343,454713,453357,451335,448938,447434,447689,445426,439260,453304,472545,468113,483132,501540,508461,524084,529638,522906,525436,519096,522214,516299,507816,504132,489638,472390,459131,457447,441135,431088,415679,398936,370392,347453,317585,287407,258904,226230,190655,162439,133366,109968,88178,69743,53204,38914,28022,19450,12742,19046
2088,1,35723669,199992,202653,205532,208588,211783,215103,218547,222108,225765,229494,233257,237008,240710,244363,247917,251331,254953,259411,264896,271179,278131,285206,292098,298690,304547,309430,313505,317132,320640,324181,327919,331962,336384,341265,346611,352369,358508,365004,371756,378635,385495,392169,398559,404622,410339,415722,420788,425569,430102,434401,438457,442224,445644,448637,451107,453006,454155,454235,453487,452000,449849,447318,445672,445764,443328,436981,450706,469551,464833,479388,497239,503637,518583,523480,516170,517936,510893,513084,506310,496933,492144,476689,458461,443984,440492,422684,410655,393278,374436,344434,319639,288574,257511,228345,196068,162085,135209,108464,87186,67990,52176,38536,27236,18920,12651,18893
2089,1,35334476,197581,200067,202771,205657,208696,211878,215208,218680,222276,225972,229731,233504,237254,240979,244625,248154,251903,256495,262121,268552,275658,282893,289942,296673,302638,307573,311624,315145,318453,321684,325004,328551,332434,336731,341469,346658,352286,358365,364858,371622,378498,385334,391985,398364,404416,410109,415450,420466,425201,429683,433912,437883,441556,444889,447804,450196,452007,453050,453010,452130,450511,448226,445557,443756,443665,441028,434477,447850,466261,461231,475277,492523,498351,512554,516737,508802,509752,501961,503157,495459,485115,479129,462634,443336,427528,422067,402649,388525,369125,348194,316861,290440,258556,227116,197901,166686,134914,109963,85994,67225,50864,37791,26971,18389,12306,18755
2090,1,34945969,195339,197656,200184,202894,205764,208790,211982,215339,218845,222480,226206,229974,233747,237520,241237,244859,248718,253427,259174,265739,272987,280377,287591,294483,300594,305645,309754,313254,316457,319490,322501,325631,329019,332777,336932,341515,346576,352145,358222,364727,371487,378340,385154,391793,398161,404189,409841,415132,420102,424787,429200,433344,437222,440808,444062,446899,449203,450907,451828,451655,450641,448886,446461,443641,441666,441363,438500,431724,444712,462647,457275,470768,487352,492557,505951,509361,500762,500840,492250,492373,483676,472286,465001,447371,426904,409645,402062,380951,364665,343256,320321,287916,260229,228038,196836,168245,138745,109724,87182,66306,50292,36841,26449,18210,11961,18464
2091,1,34558304,193252,195413,197771,200305,202999,205856,208892,212111,215502,219046,222710,226445,230213,234008,237774,241468,245416,250222,256074,262752,270128,277661,285033,292095,298376,303581,307812,311374,314558,317488,320301,323123,326094,329358,332976,336978,341435,346438,352004,358093,364594,371332,378163,384965,391594,397938,403925,409527,414773,419692,424309,428637,432690,436481,439989,443166,445914,448110,449691,450477,450167,449015,447119,444541,441552,439374,438833,435722,428699,441265,458680,452937,465826,481686,486211,498729,501312,492007,491150,481700,480664,470885,458360,449661,430790,409048,390229,380395,357555,339108,315778,291060,257967,229513,197635,167339,140042,112839,86992,67222,49605,36427,25784,17858,11844,18078
2092,1,34171707,191303,193325,195526,197891,200409,203091,205957,209019,212271,215699,219272,222946,226680,230471,234259,238001,242017,246900,252836,259609,267092,274753,282272,289497,295956,301340,305733,309422,312671,315583,318294,320919,323583,326430,329555,333021,336898,341299,346299,351878,357963,364442,371158,377978,384769,391374,397677,403615,409172,414368,419220,423753,427990,431957,435670,439101,442188,444828,446901,448346,448992,448543,447247,445196,442448,439261,436856,436053,432669,425376,437481,454328,448182,460410,475481,479271,490848,492547,482488,480624,470245,467953,457001,443239,432994,412771,389660,369200,357033,332496,311962,286932,260784,227519,198913,168019,139288,113893,89462,67076,50290,35928,25494,17409,11615,17780
2093,1,33786462,189471,191376,193438,195645,197993,200499,203190,206082,209177,212466,215922,219505,223177,226934,230718,234483,238543,243481,249480,256326,263897,271665,279315,286693,293324,298896,303477,307333,310711,313689,316384,318908,321376,323916,326626,329600,332943,336764,341162,346175,351750,357813,364271,370976,377785,384553,391118,397373,403266,408773,413902,418671,423113,427265,431154,434790,438132,441112,443629,445564,446868,447373,446777,445324,443099,440152,436743,434088,432997,429315,421728,433330,449559,442971,454478,468694,471697,482266,483018,472147,469194,457809,454155,441924,426811,414883,393206,368661,346526,332011,305880,283464,257085,230003,197185,169105,139854,113281,90298,68980,50181,36425,25146,17213,11323,17466
2094,1,33402893,187731,189543,191487,193555,195746,198083,200597,203313,206238,209369,212685,216151,219732,223426,227177,230938,235016,239985,246024,252924,260561,268415,276176,283690,290483,296238,301016,305064,308613,311723,314486,316994,319362,321707,324110,326670,329522,332810,336629,341039,346049,351603,357645,364093,370787,377573,384302,390818,397029,402872,408313,413359,418038,422396,426471,430283,433831,437066,439922,442301,444096,445256,445611,444856,443226,440801,437629,433976,431046,429641,425633,417727,428781,444332,437264,447991,461287,463450,472936,472666,460919,456786,444310,439172,425545,408958,395219,372016,346021,322240,305433,277938,253978,226741,199337,167636,140758,113740,89812,69625,51605,36346,25493,16978,11196,17102
2095,1,33021343,186058,187803,189654,191604,193655,195835,198180,200719,203467,206427,209585,212911,216375,219978,223666,227394,231463,236437,242493,249421,257102,265022,272873,280501,287439,293369,298339,302590,306335,309618,312515,315093,317446,319691,321900,324154,326593,329391,332677,336508,340915,345904,351438,357470,363907,370578,377326,384007,390480,396641,402419,407778,412735,417330,421611,425609,429334,432775,435887,438606,440844,442494,443503,443695,442760,440927,438274,434856,430935,427705,425956,421595,413341,423796,438607,431023,440912,453222,454484,462800,461425,448730,443317,429652,422895,407745,389574,373920,349170,321770,296444,277532,249027,224000,196510,169466,139535,114476,90177,69250,52088,37377,25438,17213,11043,16813
2096,1,32642150,184424,186129,187912,189769,191703,193743,195930,198300,200871,203654,206641,209807,213131,216617,220214,223879,227911,232863,238908,245840,253541,261504,269423,277146,284209,290295,295449,299900,303851,307333,310405,313118,315541,317773,319883,321943,324078,326463,329259,332557,336385,340772,345742,351265,357287,363702,370336,377036,383674,390098,396194,401891,407162,412035,416554,420759,424670,428289,431607,434582,437160,439253,440752,441596,441605,440463,438399,435496,431809,427594,424037,421915,417169,408535,418336,432347,424211,433203,444453,444743,451794,449223,435499,428692,413727,405206,388419,368580,350957,324699,296012,269364,248663,219633,194135,167063,141058,113481,90760,69531,51807,37727,26160,17175,11196,16552
2097,1,32265635,182806,184494,186237,188026,189867,191789,193837,196049,198450,201055,203864,206859,210025,213370,216849,220424,224388,229289,235296,242206,249902,257883,265847,273643,280809,287033,292354,296995,301149,304841,308114,311004,313564,315867,317963,319926,321868,323949,326332,329140,332436,336245,340613,345572,351086,357086,363464,370052,376709,383299,389659,395675,401284,406472,411269,415713,419831,423637,427133,430316,433150,435583,437524,438856,439516,439313,437938,435621,432445,428462,423927,420013,417485,412318,403272,412364,425514,416795,424821,434928,434167,439846,435977,421132,412803,396422,386000,367487,345945,326360,298706,268972,241345,219313,190351,165044,139058,114720,89971,69981,52018,37524,26405,17663,11171,16499
2098,1,31892080,181180,182875,184601,186350,188124,189953,191883,193955,196198,198632,201263,204080,207074,210260,213598,217056,220925,225746,231685,238545,246208,254181,262165,270010,277259,283599,289068,293883,298232,302130,305616,308708,311446,313887,316056,318006,319851,321740,323819,326214,329020,332297,336087,340446,345396,350888,356853,363185,369731,376341,382868,389148,395077,400604,405716,410438,414795,418809,422493,425855,428898,431588,433868,435642,436789,437235,436795,435163,432568,429093,424787,419905,415604,412631,407006,397515,405848,418075,408730,415716,424585,422685,426877,421594,405523,395536,377632,365198,344918,321699,300235,271420,240993,212858,190073,161826,137377,113093,90954,69373,52354,37676,26262,17828,11488,16460
2099,1,31521732,179528,181249,182981,184714,186447,188209,190046,192000,194102,196378,198837,201476,204291,207305,210485,213802,217549,222261,228104,234884,242486,250424,258402,266271,273579,280014,285610,290581,295108,299204,302898,306205,309148,311768,314075,316099,317932,319724,321611,323702,326095,328883,332141,335922,340271,345201,350659,356579,362870,369370,375917,382366,388560,394407,399859,404896,409533,413786,417678,421229,424451,427350,429888,432002,433590,434522,434728,434027,432113,429215,425412,420756,415497,410771,407315,401196,391233,398752,409986,399970,405830,413356,410222,412794,405968,388560,376788,357282,342770,320745,295947,272809,243186,212548,184479,161590,134699,111727,89664,70130,51899,37920,26369,17732,11596,16639
2100,1,31154795,177833,179596,181354,183093,184809,186531,188301,190161,192145,194280,196580,199047,201685,204520,207527,210685,214288,218865,224584,231254,238765,246638,254583,262449,269790,276297,281999,287105,291791,296070,299964,303482,306641,309467,311954,314118,316024,317805,319595,321494,323584,325959,328728,331978,335750,340080,344975,350389,356269,362516,368954,375424,381788,387901,393674,399051,404003,408536,412669,416428,419841,422920,425668,428039,429967,431340,432031,431973,430985,428763,425534,421376,416339,410665,405479,401500,394856,384393,391037,401199,390458,395098,401168,396688,397494,388987,370143,356483,335340,318748,295069,268912,244431,214482,184210,156834,134503,109548,88580,69136,52466,37590,26540,17804,11533,16817
2101,1,30791441,176085,177901,179701,181465,183188,184893,186622,188415,190305,192321,194480,196788,199254,201910,204739,207725,211165,215584,221152,227685,235075,242854,250734,258569,265917,272471,278256,283475,288301,292742,296822,300543,303914,306957,309652,311996,314044,315898,317678,319480,321377,323448,325806,328567,331808,335561,339857,344710,350085,355921,362107,368469,374857,381140,387180,392879,398171,403019,407433,411434,415056,418326,421255,423837,426022,427736,428867,429293,428946,427644,425086,421496,416952,411498,405374,399691,395155,387952,376955,382656,391658,380133,383448,387933,381985,380868,370550,350196,334591,311838,293232,268115,240940,215580,185886,156605,130544,109388,86853,68300,51722,38001,26309,17919,11580,16884
2102,1,30431817,174275,176152,178005,179810,181559,183270,184983,186735,188558,190479,192520,194686,196992,199476,202126,204934,208197,212442,217837,224206,231447,239101,246887,254661,261987,268559,274403,279712,284656,289241,293486,297395,300971,304228,307141,309694,311923,313919,315772,317563,319363,321243,323297,325646,328399,331621,335341,339596,344411,349743,355520,361632,367913,374221,380432,386398,392012,397201,401931,406214,410078,413559,416679,419443,421840,423812,425283,426149,426285,425621,423976,421053,417071,412104,406196,399587,393374,388246,380446,368876,373556,381300,368924,370798,373555,366008,362815,350581,328690,311141,286875,266445,240225,212501,186838,158031,130354,106169,86726,66968,51097,37462,26596,17763,11655,16950
2103,1,30076055,172399,174341,176255,178113,179903,181641,183360,185096,186876,188730,190676,192723,194888,197212,199690,202319,205400,209457,214662,220845,227911,235411,243071,250753,258026,264590,270464,275839,280878,285584,289976,294052,297818,301281,304410,307183,309621,311799,313793,315658,317447,319230,321092,323138,325479,328214,331404,335083,339301,344074,349349,355054,361086,367289,373525,379663,385545,391057,396129,400728,404875,408598,411930,414886,417466,419650,421382,422588,423162,422980,421970,419954,416632,412221,406794,400398,393273,386496,380734,372292,360104,363677,370057,356753,357054,357930,348659,343263,329051,305654,286234,260669,238730,211871,184169,158839,131540,106014,84174,66871,50100,37009,26219,17957,11554,17033
2104,1,29724282,170457,172464,174443,176362,178205,179984,181729,183471,185236,187048,188925,190878,192923,195106,197423,199880,202779,206642,211646,217626,224494,231814,239320,246878,254067,260590,266466,271879,276988,281793,286310,290535,294471,298125,301462,304451,307111,309498,311674,313679,315543,317314,319079,320934,322972,325296,327999,331149,334793,338970,343686,348890,354517,360473,366606,372771,378825,384606,390001,394943,399408,403414,406989,410158,412932,415300,417244,418711,419626,419882,419352,417967,415545,411787,406910,400987,394070,386396,379018,372574,363438,350580,352953,357848,343530,342119,340965,329870,322182,305989,281186,260087,233554,210552,183623,156571,132213,106979,84051,64903,50027,36288,25902,17703,11680,17018
2105,1,29376623,168452,170522,172565,174549,176453,178286,180072,181840,183610,185405,187241,189125,191075,193138,195314,197612,200335,204005,208802,214568,221222,228339,235664,243068,250140,256591,262438,267860,273012,277891,282510,286862,290949,294775,298304,301502,304380,306988,309374,311561,313565,315410,317165,318923,320770,322790,325082,327746,330861,334465,338587,343235,348363,353916,359803,365865,371948,377902,383568,388834,393642,397967,401825,405238,408225,410789,412919,414600,415777,416373,416280,415373,413578,410713,406482,401102,394650,387180,378920,370895,363714,353827,340243,341309,344585,329161,325904,322590,309612,299602,281495,255500,233032,205987,182480,156107,130325,107527,84816,64808,48555,36235,25397,17489,11514,17086
2106,1,29033212,166391,168517,170621,172670,174639,176533,178373,180182,181977,183778,185597,187439,189321,191289,193345,195500,198061,201546,206137,211685,218114,225011,232131,239354,246280,252625,258410,263811,268977,273902,278597,283055,287271,291249,294951,298344,301432,304259,306865,309262,311448,313433,315262,317009,318759,320589,322578,324832,327462,330538,334088,338143,342716,347772,353257,359076,365057,371042,376882,382420,387552,392221,396399,400097,403329,406107,408433,410302,411694,412553,412802,412331,411012,408769,405421,400679,394763,387750,379689,370799,362074,354095,343394,329018,328658,330172,313559,308341,302779,287913,275619,255780,228923,205527,178524,155134,129938,105991,85250,65398,48484,35168,25360,17148,11375,17022
2107,1,28694184,164281,166455,168615,170725,172759,174718,176619,178481,180318,182144,183968,185793,187633,189532,191493,193529,195945,199259,203653,208984,215184,221850,228748,235766,242517,248727,254417,259763,264911,269854,274598,279135,283458,287567,291423,294991,298274,301312,304136,306754,309149,311317,313286,315107,316847,318580,320378,322330,324550,327141,330165,333649,337632,342135,347125,352543,358283,364168,370040,375754,381159,386154,390677,394694,398211,401236,403778,405845,407426,408503,409015,408885,408001,406232,403502,399633,394347,387860,380247,371551,361981,352499,343654,332065,316823,314911,314522,296662,289404,281559,264865,250441,229174,201902,178125,151771,129129,105677,84033,65733,48925,35117,24614,17123,11153,16895
2108,1,28359676,162133,164344,166552,168717,170814,172837,174803,176726,178616,180483,182332,184162,185985,187842,189735,191676,193969,197130,201341,206465,212438,218869,225534,232330,238882,244926,250490,255749,260846,265774,270539,275128,279533,283750,287739,291463,294922,298155,301191,304026,306642,309019,311170,313132,314946,316668,318371,320132,322050,324233,326772,329731,333145,337059,341499,346424,351765,357410,363185,368933,374516,379784,384633,388996,392834,396145,398935,401219,403000,404267,404999,405134,404592,403257,400998,397742,393318,387452,380356,372098,362715,352408,342105,332317,319757,303571,299985,297573,278443,269122,259019,240670,224390,202124,174983,151432,126330,105019,83784,64794,49176,35437,24578,16619,11137,16680
2109,1,28029811,159958,162195,164440,166653,168805,170891,172922,174910,176860,178780,180669,182525,184353,186193,188043,189916,192112,195142,199190,204122,209878,216077,222504,229066,235400,241255,246663,251802,256814,261696,266450,271062,275520,279821,283920,287779,291395,294805,298036,301082,303915,306513,308874,311018,312972,314768,316460,318125,319854,321735,323867,326343,329233,332580,336432,340808,345659,350908,356445,362098,367717,373164,378288,382979,387163,390795,393873,396406,398407,399876,400800,401156,400880,399887,398061,395274,391456,386441,379955,372204,363249,353122,342017,330819,319999,306382,289183,283819,279298,258928,247578,235358,215635,197905,175176,148762,126048,102742,83262,64602,48474,35618,24802,16594,10809,16542
2110,1,27704687,157769,160019,162290,164540,166739,168881,170974,173027,175042,177022,178964,180860,182714,184559,186392,188222,190347,193274,197182,201942,207496,213473,219665,225988,232093,237739,242966,247954,252851,257652,262361,266964,271448,275804,279988,283959,287711,291279,294686,297928,300972,303788,306369,308722,310858,312795,314561,316216,317849,319541,321372,323442,325850,328674,331961,335752,340056,344817,349961,355378,360904,366390,371695,376661,381174,385153,388554,391377,393628,395318,396446,396997,396944,396218,394735,392379,389027,384612,378964,371812,363352,353642,342710,330733,318557,306615,291860,273598,266389,259723,238201,224962,210876,190183,171519,148925,123825,102512,81457,64199,48330,35109,24928,16746,10794,16258
2111,1,27384362,155578,157829,160113,162388,164625,166815,168964,171078,173158,175202,177205,179153,181047,182918,184756,186570,188650,191499,195294,199906,205279,211050,217018,223105,228974,234398,239425,244238,248988,253676,258307,262868,267344,271728,275969,280026,283892,287596,291162,294580,297819,300845,303645,306219,308564,310683,312590,314319,315942,317538,319180,320950,322952,325297,328063,331290,335010,339227,343886,348913,354207,359602,364947,370095,374886,379195,382945,386092,388634,390576,391927,392684,392828,392328,391113,389100,386178,382225,377170,370841,362969,353743,343214,331404,318475,305233,292082,276132,256796,247719,238932,216441,201561,185986,164827,145816,123961,100704,81275,62808,48029,35005,24572,16831,10892,16082
2112,1,27068837,153399,155638,157921,160210,162473,164700,166896,169066,171207,173316,175383,177392,179339,181250,183113,184932,186994,189791,193500,197991,203210,208796,214555,220416,226053,231249,236061,240678,245256,249800,254320,258805,263242,267620,271890,276007,279961,283779,287481,291056,294472,297694,300704,303496,306062,308390,310479,312349,314046,315632,317180,318761,320465,322404,324692,327400,330558,334194,338312,342856,347763,352929,358186,363376,368351,372940,377021,380517,383385,385621,387226,388208,388561,388260,387273,385530,382950,379425,374829,369086,362022,353370,343312,331892,319120,305154,290765,276341,259174,238798,227889,217106,193927,177771,161189,140127,121373,100815,79841,62667,46988,34787,24500,16591,10948,16043
2113,1,26758051,151244,153458,155728,158017,160293,162546,164780,166998,169194,171364,173495,175568,177575,179539,181443,183288,185353,188125,191775,196173,201264,206690,212263,217914,223328,228299,232889,237296,241681,246056,250435,254811,259174,263514,267780,271927,275942,279849,283665,287377,290950,294348,297554,300556,303340,305889,308187,310240,312078,313739,315276,316763,318279,319921,321805,324035,326677,329753,333292,337299,341726,346508,351539,356644,361664,366439,370801,374631,377850,380413,382313,383552,384132,384042,383257,381744,379437,376254,372084,366796,360309,352448,342951,331986,319590,305772,290690,275096,259370,241010,219682,207071,194522,171037,154069,137035,116638,98711,79929,61562,46883,34033,24347,16542,10791,16060
2114,1,26451871,149125,151302,153547,155823,158099,160366,162625,164880,167124,169349,171541,173678,175750,177774,179731,181616,183704,186474,190091,194424,199416,204711,210123,215587,220794,225547,229918,234108,238286,242469,246681,250918,255174,259441,263671,267817,271863,275832,279737,283562,287272,290828,294210,297407,300402,303169,305688,307950,309970,311772,313384,314862,316284,317739,319326,321154,323320,325881,328863,332294,336187,340493,345143,350026,354964,359787,364338,368451,372005,374921,377150,378685,379524,379665,379094,377786,375711,372802,368974,364109,358073,350780,342055,331637,319681,306222,291279,275025,258201,241192,221717,199615,185532,171562,148234,130981,114063,94859,78261,61630,46056,33957,23819,16439,10759,15976
2115,1,26150097,147052,149182,151390,153641,155904,158171,160444,162724,165005,167277,169524,171722,173858,175946,177964,179902,182029,184816,188423,192717,197638,202832,208111,213413,218435,222987,227147,231121,235084,239063,243086,247157,251276,255437,259597,263707,267754,271755,275722,279636,283459,287151,290691,294065,297255,300232,302969,305452,307682,309666,311420,312973,314386,315747,317148,318680,320445,322532,325001,327878,331199,334974,339152,343658,348376,353121,357723,362028,365868,369121,371705,373571,374709,375111,374773,373682,371816,369142,365589,361066,355450,348603,340437,330771,319345,306310,291708,275582,258134,240105,221885,201463,178851,163633,148689,126020,109025,92766,75207,60343,46106,33358,23766,16082,10692,15906
2116,1,25852470,145036,147109,149269,151482,153720,155974,158248,160541,162847,165156,167449,169703,171900,174052,176134,178133,180311,183130,186747,191026,195902,201023,206200,211369,216233,220605,224569,228336,232085,235851,239671,243555,247509,251535,255590,259632,263645,267647,271646,275622,279533,283340,287016,290548,293914,297087,300035,302736,305187,307381,309317,311011,312499,313852,315160,316506,317976,319664,321661,324028,326797,330003,333654,337693,342039,346568,351096,355456,359491,363031,365955,368177,369648,370351,370278,369423,367776,365314,361999,357753,352479,346050,338324,329205,318511,305987,291791,275988,258658,240043,220885,201616,180507,157740,141816,126407,104896,88668,73547,57989,45144,33395,23347,16046,10460,15824
2117,1,25558681,143084,145092,147194,149360,151561,153790,156051,158344,160663,162996,165326,167626,169878,172092,174238,176302,178538,181402,185044,189327,194183,199258,204362,209429,214162,218381,222170,225744,229288,232842,236451,240133,243902,247765,251685,255625,259571,263540,267540,271548,275521,279416,283206,286875,290399,293748,296892,299804,302473,304888,307034,308910,310540,311969,313268,314522,315807,317202,318801,320698,322959,325618,328704,332219,336101,340263,344580,348870,352964,356704,359917,362482,364312,365350,365579,364991,363584,361346,358246,354240,349245,343158,335846,327162,317004,305188,291484,276067,259038,240530,220827,200707,180644,159201,136710,120565,105218,85310,70299,56709,43383,32698,23373,15763,10437,15631
2118,1,25268389,141201,143138,145176,147284,149437,151629,153865,156145,158464,160810,163164,165501,167799,170068,172276,174404,176703,179618,183298,187601,192457,197510,202568,207561,212196,216290,219930,223333,226685,230036,233434,236907,240475,244154,247913,251720,255565,259468,263434,267443,271448,275405,279284,283067,286727,290235,293555,296663,299543,302177,304544,306630,308443,310013,311388,312635,313828,315038,316345,317846,319641,321794,324335,327289,330653,334356,338312,342396,346425,350228,353644,356502,358676,360075,360642,360360,359223,357227,354354,350568,345816,340009,333039,324766,315036,303744,290723,275776,259112,240884,221275,200655,179829,159322,137975,116223,100355,85572,67636,54204,42425,31422,22885,15781,10253,15503
2119,1,24981246,139391,141255,143222,145265,147360,149505,151703,153958,156263,158609,160975,163337,165672,167987,170250,172440,174800,177771,181496,185830,190702,195754,200790,205739,210304,214304,217824,221081,224264,227425,230620,233884,237245,240723,244300,247947,251661,255463,259363,263339,267345,271334,275275,279147,282921,286565,290044,293329,296405,299250,301836,304143,306166,307919,309436,310759,311944,313063,314187,315398,316798,318487,320526,322940,325747,328936,332439,336167,339996,343739,347223,350288,352759,354505,355435,355494,354665,352942,350315,346759,342230,336670,329983,322052,312729,301859,289347,275056,258839,240952,221601,201062,179783,158604,138080,117299,96741,81617,67844,52151,40551,30728,21992,15451,10264,15314
2120,1,24696913,137656,139444,141337,143309,145340,147427,149578,151795,154075,156406,158772,161146,163505,165857,168166,170412,172832,175858,179630,184003,188902,193969,199005,203934,208457,212393,215824,218964,222003,224996,228003,231066,234218,237489,240868,244333,247889,251560,255361,259270,263243,267233,271206,275140,279003,282762,286377,289820,293074,296115,298912,301439,303683,305647,307346,308811,310072,311184,312218,313246,314358,315655,317233,319147,321417,324055,327050,330331,333811,337360,340790,343928,346610,348656,349937,350361,349875,348463,346113,342807,338512,333180,326743,319097,310115,299648,287551,273754,258164,240699,221664,201358,180147,158563,137458,117388,97636,78677,64708,52311,39015,29371,21506,14848,10050,15211
2121,1,24414997,136032,137708,139525,141423,143383,145406,147499,149669,151910,154216,156567,158941,161312,163688,166034,168326,170799,173878,177697,182111,187045,192138,197190,202121,206628,210528,213899,216954,219877,222728,225568,228444,231396,234459,237632,240901,244276,247790,251460,255269,259175,263133,267107,271073,274998,278846,282576,286156,289568,292787,295781,298519,300983,303168,305078,306725,308128,309317,310344,311283,312213,313224,314412,315868,317642,319747,322197,324976,328016,331223,334466,337556,340317,342579,344163,344941,344823,343757,341721,338695,334654,329560,323356,315964,307270,297143,285445,272055,256942,240071,221431,201415,180412,158884,137422,116859,97710,79405,62377,49893,39135,28258,20556,14520,9658,14894
2122,1,24135266,134478,136083,137788,139610,141496,143448,145477,147589,149782,152049,154375,156734,159105,161493,163863,166192,168708,171833,175696,180151,185122,190249,195329,200278,204791,208681,212021,215019,217859,220595,223294,226004,228770,231634,234600,237665,240845,244178,247691,251369,255175,259067,263009,266976,270933,274843,278663,282358,285907,289284,292457,295392,298067,300473,302604,304462,306047,307378,308482,309415,310256,311087,311991,313059,314378,315992,317914,320154,322699,325473,328382,331292,334012,336359,338164,339249,339489,338793,337106,334397,330640,325804,319843,312689,304253,294417,283059,270062,255347,238935,220853,201203,180463,159118,137700,116828,97270,79465,62954,48096,37326,28345,19777,13879,9445,14313
2123,1,23857871,132989,134528,136162,137872,139682,141560,143518,145566,147700,149919,152206,154540,156896,159284,161666,164019,166569,169729,173630,178122,183130,188293,193409,198388,202924,206826,210161,213131,215916,218570,221156,223726,226327,229005,231773,234633,237610,240748,244080,247601,251276,255069,258945,262880,266838,270780,274663,278448,282112,285627,288958,292072,294945,297562,299914,301993,303789,305302,306548,307559,308394,309137,309862,310648,311582,312745,314181,315898,317911,320197,322681,325266,327814,330127,332024,333336,333887,333552,332238,329881,326444,321896,316198,309292,301099,291526,280462,267805,253476,237452,219808,200678,180273,159163,137903,117064,97244,79107,63002,48541,35982,27035,19838,13353,9028,13997
2124,1,23582240,131558,133038,134606,136245,137943,139745,141629,143606,145675,147835,150074,152369,154700,157073,159455,161820,164391,167577,171504,176027,181067,186267,191421,196438,201009,204940,208293,211261,214020,216621,219126,221584,224046,226559,229142,231806,234579,237514,240651,243991,247509,251172,254949,258818,262744,266687,270603,274451,278205,281836,285305,288578,291630,294445,297008,299308,301325,303049,304478,305631,306544,307282,307920,308528,309182,309964,310953,312189,313685,315446,317450,319619,321851,324001,325872,327284,328067,328048,327098,325117,322035,317811,312405,305767,297828,288504,277708,265348,251358,235712,218444,199728,179803,158995,137942,117237,97440,79086,62718,48578,36315,26062,18921,13394,8686,13379
2125,1,23308630,130176,131606,133115,134688,136315,138005,139813,141716,143714,145808,147988,150235,152527,154875,157242,159607,162187,165386,169329,173872,178937,184169,189361,194419,199033,203006,206394,209383,212142,214719,217172,219550,221901,224276,226695,229175,231753,234484,237418,240563,243900,247407,251054,254824,258684,262595,266513,270394,274211,277933,281518,284930,288141,291136,293897,296408,298646,300591,302231,303567,304622,305439,306072,306594,307072,307576,308188,308981,310002,311253,312740,314438,316263,318107,319825,321220,322111,322330,321700,320087,317384,313519,308440,302099,294434,285370,274829,262742,249052,233742,216843,198489,178952,158580,137796,117270,97584,79245,62701,48359,36343,26303,18240,12775,8713,12872
2126,1,23037241,128835,130223,131682,133196,134757,136376,138072,139899,141823,143845,145959,148147,150391,152700,155042,157392,159969,163169,167115,171667,176746,182003,187228,192327,196987,201010,204446,207474,210256,212835,215265,217592,219864,222129,224411,226728,229123,231659,234389,237331,240473,243799,247291,250931,254692,258537,262424,266307,270158,273943,277619,281148,284499,287653,290594,293303,295752,297919,299780,301327,302565,303524,304236,304754,305147,305477,305814,306234,306816,307599,308583,309773,311136,312584,314007,315259,316143,316478,316093,314805,312474,308991,304275,298265,290902,282118,271844,260018,246606,231598,215031,197034,177842,157829,137436,117146,97611,79362,62827,48346,36179,26323,18409,12315,8310,12912
2127,1,22767301,127525,128882,130298,131762,133264,134817,136442,138157,140005,141952,143994,146116,148301,150562,152865,155190,157749,160938,164875,169422,174505,179774,185026,190161,194867,198944,202436,205516,208339,210943,213376,215681,217903,220090,222263,224444,226677,229030,231565,234303,237242,240373,243685,247170,250801,254547,258369,262221,266075,269894,273634,277254,280723,284017,287117,290007,292654,295032,297115,298883,300332,301474,302329,302926,303316,303562,303727,303875,304088,304438,304960,305655,306520,307517,308555,309524,310276,310614,310354,309318,307318,304211,299881,294237,287210,278734,268746,257194,244049,229323,213059,195388,176538,156850,136785,116840,97508,79384,62920,48443,36169,26204,18423,12429,8011,12315
2128,1,22499584,126236,127572,128956,130377,131829,133323,134882,136526,138262,140132,142099,144149,146268,148470,150725,153011,155542,158705,162621,167151,172223,177495,182760,187925,192672,196803,200355,203495,206373,209020,211479,213788,215989,218127,220223,222296,224394,226585,228937,231480,234215,237143,240261,243566,247042,250658,254382,258169,261993,265815,269590,273274,276835,280247,283488,286537,289365,291942,294236,296226,297896,299249,300287,301027,301497,301741,301823,301801,301746,301731,301826,302066,302445,302955,303553,304150,304632,304850,304603,303702,301961,299191,295242,289988,283331,275196,265522,254263,241398,226945,210966,193596,175063,155700,135937,116287,97253,79300,62937,48515,36242,26197,18340,12438,8085,11872
2129,1,22234379,124960,126283,127645,129034,130443,131887,133387,134965,136630,138387,140277,142252,144299,146435,148631,150869,153358,156485,160365,164866,169914,175174,180443,185623,190406,194586,198199,201403,204344,207048,209551,211887,214093,216211,218259,220256,222246,224303,226493,228853,231393,234117,237033,240144,243440,246901,250496,254185,257945,261737,265516,269235,272861,276366,279725,282915,285903,288661,291154,293356,295248,296822,298071,298994,299607,299931,300012,299909,299687,299407,299142,298962,298894,298927,299050,299219,299343,299305,298951,298074,296479,293976,290370,285502,279239,271479,262152,251213,238647,224480,208778,191694,173457,154399,134940,115566,96793,79093,62870,48528,36296,26250,18335,12382,8091,11982
2130,1,21971306,123688,125007,126355,127722,129099,130500,131950,133469,135068,136754,138530,140428,142400,144464,146594,148773,151211,154288,158122,162579,167591,172825,178083,183270,188074,192297,195966,199236,202243,205012,207574,209955,212189,214313,216342,218292,220206,222156,224212,226410,228767,231296,234008,236918,240020,243301,246741,250302,253964,257693,261443,265166,268828,272399,275851,279160,282289,285207,287882,290283,292387,294184,295654,296788,297584,298051,298212,298109,297808,297364,296838,296303,295823,295417,295074,294780,294490,294108,293513,292543,290985,288639,285309,280791,274919,267558,258611,248025,235784,221922,206510,189706,171753,152983,133812,114718,96193,78719,62706,48476,36306,26289,18372,12379,8055,11991
2131,1,21710625,122413,123735,125078,126431,127786,129155,130562,132031,133571,135191,136895,138679,140574,142563,144621,146734,149110,152128,155902,160305,165266,170462,175695,180873,185690,189942,193661,196991,200067,202904,205533,207974,210254,212407,214443,216375,218242,220117,222066,224130,226325,228671,231188,233894,236796,239883,243143,246550,250084,253716,257404,261098,264765,268373,271891,275294,278542,281602,284437,287021,289324,291333,293026,294381,295388,296039,296343,296320,296021,295500,294813,294021,293192,292382,291609,290861,290121,289340,288417,287222,285586,283290,280129,275897,270383,263419,254876,244675,232792,219260,204157,187645,169972,151480,132585,113759,95487,78231,62409,48350,36267,26296,18399,12404,8053,11938
2132,1,21452587,121129,122460,123805,125153,126494,127841,129216,130642,132132,133693,135330,137042,138823,140735,142718,144759,147066,150014,153719,158054,162954,168097,173293,178448,183261,187534,191289,194674,197813,200721,203420,205929,208270,210470,212536,214476,216325,218154,220028,221985,224046,226230,228564,231075,233774,236661,239727,242955,246335,249840,253431,257064,260703,264317,267873,271342,274685,277864,280842,283586,286073,288281,290186,291764,292992,293854,294343,294463,294245,293727,292965,292015,290934,289782,288613,287445,286264,285047,283741,282235,280392,278034,274938,270888,265670,259073,250933,241141,229648,216478,201708,185507,168125,149909,131282,112716,94689,77657,62022,48121,36173,26268,18404,12422,8069,11935
2133,1,21197313,119831,121176,122529,123879,125215,126548,127901,129295,130742,132253,133830,135475,137184,138982,140888,142854,145087,147958,151583,155841,160666,165745,170889,176008,180804,185081,188864,192290,195486,198460,201231,203812,206222,208484,210598,212569,214426,216238,218066,219948,221902,223952,226124,228452,230956,233641,236507,239542,242743,246095,249559,253096,256675,260262,263825,267332,270742,274016,277114,280002,282649,285042,287146,288936,290387,291470,292171,292476,292401,291965,291207,290185,288949,287550,286047,284492,282902,281257,279531,277659,275524,272977,269837,265868,260847,254557,246793,237410,226331,213554,199149,183282,166209,148280,129920,111608,93821,77008,61567,47823,36002,26200,18384,12425,8081,11959
2134,1,20944906,118516,119877,121244,122602,123940,125268,126607,127979,129394,130862,132389,133973,135615,137341,139133,141022,143178,145967,149505,153676,158416,163418,168498,173566,178332,182600,186394,189852,193092,196125,198964,201619,204102,206434,208611,210631,212519,214340,216151,217987,219866,221809,223847,226013,228334,230825,233489,236324,239333,242506,245818,249229,252713,256241,259778,263292,266741,270083,273276,276285,279077,281630,283920,285909,287572,288879,289801,290318,290428,290135,289460,288444,287138,285588,283844,281963,279996,277954,275814,273539,271057,268238,264929,260935,256013,249936,242491,233493,222829,210469,196459,180957,164215,146590,128508,110450,92899,76302,61052,47472,35779,26076,18336,12411,8083,11977
2135,1,20695474,117182,118561,119944,121316,122662,123992,125326,126684,128077,129513,130997,132530,134111,135770,137490,139265,141342,144046,147493,151569,156215,161129,166132,171138,175858,180103,183895,187369,190644,193723,196623,199348,201906,204312,206560,208644,210581,212434,214254,216073,217906,219774,221705,223737,225896,228204,230675,233308,236118,239099,242233,245493,248852,252286,255764,259253,262710,266092,269354,272458,275372,278071,280521,282697,284559,286079,287225,287963,288285,288177,287646,286714,285415,283798,281907,279791,277507,275099,272575,269902,267035,263889,260330,256189,251263,245304,238089,229423,219153,207212,193621,178513,162132,144831,127043,109250,91935,75552,60492,47075,35516,25914,18249,12379,8074,11980
2136,1,20449115,115828,117226,118627,120015,121375,122713,124049,125402,126781,128195,129647,131137,132667,134264,135917,137620,139581,142199,145552,149529,154073,158890,163805,168735,173398,177604,181380,184857,188151,191267,194215,197002,199632,202114,204437,206593,208594,210497,212349,214177,215993,217815,219671,221596,223621,225767,228056,230496,233105,235887,238830,241913,245122,248432,251816,255247,258680,262071,265374,268548,271558,274379,276976,279313,281362,283082,284441,285403,285946,286051,285705,284917,283703,282095,280140,277882,275369,272654,269775,266732,263484,259973,256109,251742,246693,240753,233677,225258,215333,203794,190625,175934,159942,142994,125519,108005,90936,74768,59897,46643,35219,25724,18136,12320,8053,11967
2137,1,20205899,114456,115871,117291,118697,120073,121425,122769,124124,125498,126898,128328,129786,131273,132818,134409,136046,137932,140427,143686,147561,151999,156711,161529,166372,170963,175120,178863,182329,185629,188766,191753,194589,197283,199838,202238,204470,206543,208511,210413,212273,214098,215903,217713,219563,221481,223493,225621,227879,230295,232877,235622,238514,241547,244708,247969,251307,254683,258051,261364,264580,267661,270579,273299,275783,277994,279902,281461,282637,283404,283730,283597,282994,281925,280403,278459,276140,273490,270553,267377,263992,260389,256516,252308,247660,242411,236374,229342,221084,211424,200242,187481,173212,157631,141063,123927,106709,89900,73956,59275,46184,34896,25509,18003,12244,8015,11936
2138,1,19965869,113068,114498,115935,117360,118754,120122,121480,122843,124219,125614,127030,128466,129921,131422,132961,134537,136354,138768,141895,145669,149998,154601,159314,164060,168569,172661,176361,179799,183090,186236,189246,192122,194867,197487,199961,202271,204421,206461,208428,210338,212195,214009,215802,217606,219449,221354,223348,225446,227680,230070,232615,235310,238153,241139,244252,247468,250752,254064,257355,260582,263706,266696,269514,272122,274481,276551,278299,279676,280657,281208,281296,280906,280022,278646,276789,274483,271776,268707,265317,261645,257714,253503,248953,243984,238480,232271,225171,216983,207506,196607,184213,170355,155192,139025,122253,105356,88821,73113,58631,45704,34553,25275,17853,12154,7966,11880
2139,1,19729065,111667,113109,114561,116003,117416,118802,120176,121553,122937,124334,125745,127167,128600,130068,131563,133088,134842,137180,140219,143853,148075,152566,157169,161810,166226,170243,173885,177284,180549,183689,186710,189610,192396,195069,197609,199994,202223,204340,206379,208354,210261,212107,213909,215696,217493,219323,221210,223175,225249,227458,229811,232307,234954,237751,240690,243759,246921,250143,253379,256585,259721,262755,265646,268353,270837,273056,274967,276534,277717,278482,278796,278627,277956,276765,275055,272837,270145,267023,263507,259629,255423,250899,246029,240740,234940,228504,221262,213037,203657,192964,180869,167386,152632,136874,120487,103933,87695,72235,57963,45207,34194,25027,17689,12053,7907,11807
2140,1,19495502,110258,111707,113171,114628,116058,117463,118855,120248,121646,123051,124464,125881,127300,128746,130208,131689,133390,135659,138614,142154,146229,150610,155100,159631,163946,167877,171450,174795,178024,181140,184157,187069,189880,192595,195190,197642,199947,202143,204259,206306,208278,210174,212008,213804,215584,217368,219180,221039,222980,225029,227202,229507,231956,234557,237308,240204,243220,246321,249469,252621,255737,258784,261721,264502,267086,269431,271492,273223,274597,275565,276093,276151,275701,274723,273198,271128,268525,265421,261856,257858,253455,248669,243502,237912,231816,225112,217674,209339,199953,189385,177518,164347,149972,134616,118623,102432,86511,71319,57267,44692,33822,24767,17515,11942,7841,11720
2141,1,19265171,108845,110297,111768,113237,114682,116104,117515,118926,120340,121759,123180,124599,126013,127445,128885,130333,131988,134198,137077,140527,144502,148732,153112,157530,161738,165574,169067,172347,175525,178607,181602,184511,187335,190076,192714,195223,197596,199868,202063,204187,206231,208192,210076,211904,213693,215460,217226,219011,220846,222762,224776,226901,229160,231564,234120,236829,239673,242629,245657,248723,251786,254814,257766,260594,263253,265699,267888,269770,271309,272469,273201,273474,273251,272494,271182,269298,266843,263829,260285,256242,251726,246753,241338,235468,229093,222119,214443,205944,196482,185941,174225,161302,147249,132270,116666,100847,85262,70356,56541,44155,33437,24498,17333,11825,7769,11622
2142,1,19038051,107434,108884,110357,111833,113290,114727,116155,117585,119017,120452,121887,123314,124730,126157,127583,129009,130629,132788,135601,138969,142848,146975,151203,155511,159609,163344,166748,169952,173067,176100,179063,181951,184773,187528,190193,192747,195178,197518,199789,201992,204113,206146,208095,209973,211794,213570,215319,217059,218820,220630,222512,224478,226558,228773,231133,233647,236305,239091,241975,244922,247901,250877,253812,256656,259363,261886,264177,266189,267880,269206,270132,270609,270602,270072,268982,267311,265042,262176,258724,254705,250148,245070,239478,233375,226740,219510,211592,202887,193296,182713,171057,158310,144521,129868,114633,99183,83943,69340,55778,43595,33035,24219,17145,11702,7693,11515
2143,1,18814099,106030,107472,108943,110421,111885,113334,114777,116224,117675,119128,120579,122020,123444,124873,126294,127706,129302,131421,134176,137473,141264,145293,149417,153572,157563,161194,164502,167621,170662,173634,176550,179407,182209,184963,187643,190226,192703,195101,197440,199719,201919,204029,206050,207993,209864,211672,213430,215153,216870,218606,220382,222217,224139,226175,228347,230666,233130,235731,238447,241251,244113,247006,249890,252719,255444,258016,260386,262502,264324,265804,266897,267569,267767,267454,266591,265142,263086,260406,257103,253177,248648,243534,237845,231576,224725,217255,209107,200190,190427,179750,168087,155431,141840,127462,112551,97455,82558,68267,54973,43007,32616,23928,16950,11575,7613,11402
2144,1,18593257,104639,106068,107530,109006,110472,111928,113383,114845,116313,117785,119254,120711,122149,123586,125009,126416,127996,130086,132795,136028,139743,143682,147707,151758,155598,159128,162337,165363,168321,171221,174078,176889,179661,182396,185076,187676,190183,192627,195024,197371,199647,201836,203934,205949,207885,209743,211533,213265,214966,216658,218360,220090,221881,223760,225754,227886,230156,232564,235096,237734,240454,243232,246034,248814,251526,254117,256538,258735,260663,262276,263524,264365,264759,264652,264007,262785,260951,258484,255367,251591,247156,242074,236354,229997,222993,215324,206959,197839,187896,177082,165361,152732,139261,125097,110466,95685,81120,67141,54122,42386,32176,23625,16746,11443,7530,11283
2145,1,18375446,103266,104677,106125,107592,109056,110514,111976,113450,114933,116422,117910,119385,120839,122290,123721,125130,126703,128772,131446,134628,138274,142135,146069,150021,153760,157143,160256,163187,166054,168872,171659,174412,177139,179845,182507,185109,187634,190108,192551,194956,197300,199565,201742,203834,205842,207765,209605,211369,213080,214756,216414,218071,219757,221506,223343,225298,227382,229597,231938,234393,236949,239586,242275,244975,247639,250219,252661,254911,256922,258643,260026,261024,261589,261679,261241,260238,258631,256386,253482,249892,245608,240621,234937,228555,221473,213664,205120,195807,185689,174728,162907,150255,136843,122822,108416,93912,79647,65972,53229,41730,31711,23306,16534,11305,7444,11160
2146,1,18160577,101915,103304,104733,106186,107641,109097,110561,112042,113537,115041,116546,118040,119512,120978,122424,123841,125414,127471,130118,133260,136851,140641,144496,148357,152000,155287,158257,161095,163869,166598,169304,171988,174658,177320,179954,182540,185068,187560,190033,192484,194886,197219,199472,201643,203728,205723,207628,209442,211186,212872,214514,216128,217741,219386,221093,222892,224800,226830,228979,231244,233619,236094,238643,241232,243818,246352,248785,251059,253125,254931,256424,257559,258283,258546,258306,257511,256124,254107,251425,248047,243949,239114,233527,227185,220084,212208,203539,194067,183782,172676,160741,148025,134624,120689,106444,92169,78171,64774,52302,41041,31220,22969,16311,11162,7354,11033
2147,1,17948549,100592,101953,103359,104793,106234,107681,109143,110626,112128,113644,115164,116674,118166,119649,121111,122543,124122,126174,128803,131914,135460,139194,142977,146759,150314,153510,156388,159086,161768,164406,167024,169628,172231,174836,177427,179987,182500,184995,187486,189967,192415,194806,197127,199374,201538,203610,205587,207467,209261,210980,212632,214231,215801,217373,218977,220647,222399,224254,226219,228294,230480,232776,235165,237616,240093,242551,244940,247208,249300,251163,252744,253991,254854,255278,255213,254618,253440,251644,249190,246034,242148,237499,232064,225822,218765,210877,202152,192571,182149,170903,158853,146057,132626,118732,104595,90493,76720,63574,51352,40326,30705,22613,16075,11011,7261,10900
2148,1,17739252,99299,100630,102007,103418,104840,106273,107726,109207,110711,112234,113766,115290,116799,118301,119781,121229,122821,124874,127492,130581,134092,137779,141506,145216,148695,151807,154598,157207,159751,162298,164826,167344,169868,172407,174942,177460,179948,182428,184922,187421,189899,192336,194715,197030,199270,201421,203475,205428,207288,209057,210742,212351,213907,215436,216968,218535,220159,221859,223650,225542,227540,229648,231860,234153,236494,238845,241161,243387,245476,247368,249008,250346,251323,251889,251987,251569,250593,249007,246775,243847,240183,235746,230497,224407,217453,209613,200884,191259,180745,169384,157222,144341,130863,116970,102899,88921,75325,62394,50401,39594,30170,22240,15826,10852,7163,10762
2149,1,17532563,98040,99337,100683,102065,103464,104878,106317,107789,109291,110816,112354,113890,115414,116932,118432,119898,121504,123565,126178,129252,132737,136388,140067,143722,147132,150172,152883,155408,157864,160274,162713,165142,167581,170042,172512,174975,177422,179877,182356,184858,187354,189821,192246,194619,196927,199154,201287,203318,205251,207086,208821,210463,212030,213545,215035,216530,218052,219624,221261,222981,224797,226719,228744,230862,233047,235265,237476,239632,241682,243574,245246,246645,247716,248399,248642,248389,247592,246210,244189,241484,238048,233833,228796,222892,216090,208356,199680,190059,179514,168078,155825,142859,129326,115415,101372,87479,74016,61259,49466,38861,29622,21852,15565,10684,7060,10617
2150,1,17328353,96816,98078,99389,100740,102110,103502,104921,106379,107872,109395,110934,112476,114012,115545,117061,118548,120170,122240,124855,127920,131386,135010,138653,142260,145618,148593,151236,153684,156057,158381,160684,163025,165376,167753,170146,172545,174938,177352,179806,182293,184792,187277,189732,192151,194517,196812,199022,201132,203143,205051,206852,208545,210145,211671,213148,214601,216051,217522,219032,220599,222244,223986,225827,227759,229772,231836,233917,235970,237953,239809,241485,242919,244054,244834,245197,245092,244462,243261,241446,238953,235741,231754,226939,221247,214631,207050,198483,188920,178388,166933,154624,141590,127998,114059,100024,86181,72816,60194,48566,38140,29074,21455,15293,10508,6951,10464
