îN,ê´,çáåv,15,16,17,18,19,20,21,22,23,24,25,26,27,28,29,30,31,32,33,34,35,36,37,38,39,40,41,42,43,44,45,46,47,48,49,50,51,52,53,54,55,56,57,58,59,60,61,62,63,64,65,66,67,68,69,70,71,72,73,74,75,76,77,78,79,80,81,82,83,84,85,86,87,88,89,90,91,92,93,94,95,96,97,98,99,100,101,102,103,104,105
2020,2,,0.000368211693106047,0.000701142568714725,0.001297033400431740,0.004540428387928870,0.010038772300851400,0.019195079097702700,0.033989872779452200,0.055445429854934400,0.085465653022068500,0.128647221229636000,0.188275860977112000,0.256352197652589000,0.328096335516051000,0.394491701630872000,0.452777113441981000,0.505320216823931000,0.544834721415703000,0.577658911966722000,0.605752299542535000,0.631072190871612000,0.651064571395643000,0.667435990490831000,0.680195090298977000,0.690205560008189000,0.696969495465614000,0.702160132382892000,0.704745254372593000,0.705963756335698000,0.706441391408753000,0.705347618643803000,0.703161138618102000,0.701310105660224000,0.699317850085889000,0.698233489744151000,0.696015496448731000,0.697129358125078000,0.698951665578054000,0.703003763623067000,0.706183412711006000,0.704430892222774000,0.714763175009477000,0.717831684563709000,0.724124775014577000,0.728067981695222000,0.732331471474037000,0.736616231814993000,0.738449428846504000,0.739934967383539000,0.740111807043569000,0.738129082456634000,0.734136310596278000,0.728273973644679000,0.720702394146318000,0.712041128109817000,0.699795356789827000,0.685800360839200000,0.673477322954959000,0.657165789839868000,0.641670451604081000,0.625070807787761000,0.604475448688349000,0.582972199264556000,0.558380082398352000,0.529672851322829000,0.499583831435750000,0.468584914663032000,0.433325939650874000,0.395990760390584000,0.362691682516076000,0.322971375192705000,0.286238983557866000,0.250686552153601000,0.218107971652893000,0.187443870051070000,0.156764230588784000,0.130286040373778000,0.105696732304968000,0.086927380158914400,0.068520866876594100,0.054150940144425500,0.041735500619505600,0.033281610567359000,0.027074051617325300,0.022354267714280600,0.019413243063035300,0.016948671763087400,0.016948671763087400,0.016948671763087400,0.016948671763087400,0.016948671763087400,0.016948671763087400
2021,2,,0.000370000661804139,0.000704549093091367,0.001303335080137180,0.004562488209531530,0.010087546008340100,0.019990169489441400,0.035397786814388200,0.057742066837730400,0.089005774904121500,0.133975991640163000,0.198509267555540000,0.263042543470918000,0.318419173528083000,0.373795803585249000,0.426120218356344000,0.475392417841368000,0.518975570346990000,0.556869675873209000,0.589074734420025000,0.615590745987439000,0.636417710575450000,0.654272433025899000,0.669154913338785000,0.681065151514110000,0.690003147551872000,0.695968901452072000,0.700579767832952000,0.703835746694512000,0.705736838036753000,0.706283041859674000,0.705474358163274000,0.704820665685947000,0.704321964427692000,0.703978254388508000,0.703789535568396000,0.703755807967356000,0.704425128579372000,0.705797497404444000,0.707872914442572000,0.710651379693757000,0.714132893157997000,0.717539845880635000,0.720872237861670000,0.724130069101101000,0.727313339598930000,0.730422049355156000,0.732269668673712000,0.732856197554597000,0.732181635997812000,0.730245984003357000,0.727049241571231000,0.722248448004137000,0.715843603302073000,0.707834707465041000,0.698221760493040000,0.687004762386069000,0.673909890155607000,0.658937143801652000,0.642086523324205000,0.623358028723266000,0.602751659998835000,0.580077770165368000,0.555336359222868000,0.528527427171332000,0.499650974010761000,0.468706999741156000,0.437014197541498000,0.404572567411788000,0.371382109352026000,0.337442823362212000,0.302754709442345000,0.269686518883636000,0.238238251686083000,0.208409907849687000,0.180201487374448000,0.153612990260366000,0.129658447956304000,0.108337860462263000,0.089651227778242000,0.073598549904241500,0.060179826840261400,0.048240765039266700,0.037781364501257500,0.028801625226233700,0.021301547214195300,0.015281130465142400,0.015281130465142400,0.015281130465142400,0.015281130465142400,0.015281130465142400,0.015281130465142400
2022,2,,0.000368877109348342,0.000702409643232244,0.001299377343081050,0.004548633653684610,0.010056913935858500,0.020632432296630900,0.036535079919367300,0.059597257808458100,0.091865435442577600,0.138280497238890000,0.202038150706335000,0.265795804173780000,0.320030815919607000,0.374265827665433000,0.425326625504053000,0.473213209435468000,0.515695285432373000,0.552772853494770000,0.584445913622658000,0.610714465816037000,0.631578510074907000,0.649547305177657000,0.664620851124287000,0.676799147914797000,0.686082195549187000,0.692469994027456000,0.697474087289427000,0.701094475335098000,0.703331158164471000,0.704184135777544000,0.703653408174319000,0.703127369860655000,0.702606020836552000,0.702089361102012000,0.701577390657033000,0.701070109501616000,0.701196605324455000,0.701956878125551000,0.703350927904903000,0.705378754662512000,0.708040358398378000,0.710787534841098000,0.713620283990673000,0.716538605847103000,0.719542500410387000,0.722631967680526000,0.724649144757706000,0.725594031641926000,0.725466628333186000,0.724266934831488000,0.721994951136829000,0.718064481702891000,0.712475526529671000,0.705228085617170000,0.696322158965389000,0.685757746574326000,0.673309044936561000,0.658976054052094000,0.642758773920923000,0.624657204543050000,0.604671345918474000,0.582577229124129000,0.558374854160017000,0.532064221026137000,0.503645329722488000,0.473118180249071000,0.441810835989684000,0.409723296944326000,0.376855563112996000,0.343207634495696000,0.308779511092426000,0.275818988000450000,0.244326065219770000,0.214300742750386000,0.185743020592297000,0.158652898745503000,0.134174596317085000,0.112308113307043000,0.093053449715377100,0.076410605542087100,0.062379580787173000,0.049765726276015100,0.038569042008613500,0.028789527984968100,0.020427184205079000,0.013482010668946000,0.013482010668946000,0.013482010668946000,0.013482010668946000,0.013482010668946000,0.013482010668946000
2023,2,,0.000367834610869395,0.000700424535004843,0.001295705120355890,0.004535778576627570,0.010028491685696200,0.021278380649961600,0.037678899240978400,0.061463094564441700,0.094741505791385900,0.142609703713679000,0.205606443604387000,0.268603183495095000,0.321709668453779000,0.374816153412464000,0.424625886727140000,0.471138868397809000,0.512530371212614000,0.548800395171558000,0.579948940274638000,0.605976006521856000,0.626881593913211000,0.644968206956630000,0.660235845652115000,0.672684509999664000,0.682314199999277000,0.689124915650955000,0.694522844074419000,0.698507985269669000,0.701080339236704000,0.702239905975525000,0.701986685486132000,0.701588034142529000,0.701043951944718000,0.700354438892697000,0.699519494986468000,0.698539120226029000,0.698123471462701000,0.698272548696482000,0.698986351927374000,0.700264881155375000,0.702108136380486000,0.704196923653270000,0.706531242973726000,0.709111094341855000,0.711936477757656000,0.715007393221129000,0.717194359972858000,0.718497378012843000,0.718916447341084000,0.718451567957580000,0.717102739862332000,0.714040698547401000,0.709265444012787000,0.702776976258491000,0.694575295284512000,0.684660401090850000,0.672854403107771000,0.659157301335273000,0.643569095773357000,0.626089786422023000,0.606719373281271000,0.585199558377929000,0.561530341711998000,0.535711723283477000,0.507743703092366000,0.477626281138665000,0.446697166693556000,0.414956359757038000,0.382403860329111000,0.349039668409775000,0.314863783999030000,0.282003677155007000,0.250459347877706000,0.220230796167126000,0.191318022023268000,0.163721025446131000,0.138714303849974000,0.116297857234795000,0.096471685600595700,0.079235788947375400,0.064590167275134300,0.051299606192754900,0.039364105700237400,0.028783665797581600,0.019558286484787700,0.011687967761855600,0.011687967761855600,0.011687967761855600,0.011687967761855600,0.011687967761855600,0.011687967761855600
2024,2,,0.000366952846792883,0.000698745494547461,0.001292599087929570,0.004524905519852320,0.010004451632235400,0.021933237834969600,0.038838493962825500,0.063354664686739700,0.097657242510574700,0.146998618014304000,0.209262293305075000,0.271525968595846000,0.323527672028829000,0.375529375461812000,0.424110421608866000,0.469270810469990000,0.509590363594814000,0.545069080983337000,0.575706962635560000,0.601504008551483000,0.622460218731105000,0.640672459912302000,0.656140732095072000,0.668865035279416000,0.678845369465333000,0.686081734652825000,0.691875631484726000,0.696227059961039000,0.699136020081762000,0.700602511846895000,0.700626535256439000,0.700355027090521000,0.699787987349142000,0.698925416032301000,0.697767313139998000,0.696313678672235000,0.695356003169496000,0.694894286631783000,0.694928529059095000,0.695458730451432000,0.696484890808794000,0.697916561294158000,0.699753741907525000,0.701996432648894000,0.704644633518264000,0.707698344515637000,0.710055959587964000,0.711717478735245000,0.712682901957480000,0.712952229254669000,0.712525460626813000,0.710330035509742000,0.706365953903457000,0.700633215807957000,0.693131821223243000,0.683861770149315000,0.672692981089148000,0.659625454042743000,0.644659189010100000,0.627794185991218000,0.609030444986098000,0.588075245427173000,0.564928587314442000,0.539590470647906000,0.512060895427565000,0.482339861653419000,0.451775301622635000,0.420367215335214000,0.388115602791157000,0.355020463990461000,0.321081798933129000,0.288307745287328000,0.256698303053059000,0.226253472230321000,0.196973252819114000,0.168857644819439000,0.143311907076550000,0.120336039590449000,0.099930042361134000,0.082093915388606100,0.066827658672865100,0.052854977137711800,0.040175870783146400,0.028790339609168800,0.018698383615779000,0.009900002802977020,0.009900002802977020,0.009900002802977020,0.009900002802977020,0.009900002802977020,0.009900002802977020
2025,2,,0.000366317567782013,0.000697535806843699,0.001290361304309120,0.004517071877115780,0.009987131646322300,0.022603221996221800,0.040024874924805300,0.065289929429726400,0.100640331747374000,0.151488914729116000,0.213061023316503000,0.274633131903890000,0.325564437802635000,0.376495743701379000,0.423880115370576000,0.467717552810226000,0.506991695898272000,0.541702544634716000,0.571850099019558000,0.597434359052796000,0.618455324734431000,0.636805521740749000,0.652484950071750000,0.665493609727432000,0.675831500707798000,0.683498623012845000,0.689692608448223000,0.694413457013930000,0.697661168709967000,0.699435743536334000,0.699737181493031000,0.699592704610877000,0.699002312889872000,0.697966006330016000,0.696483784931308000,0.694555648693750000,0.693054999875895000,0.691981838477746000,0.691336164499301000,0.691117977940560000,0.691327278801524000,0.692102429937283000,0.693443431347836000,0.695350283033184000,0.697822984993326000,0.700861537228264000,0.703391482490751000,0.705412820780788000,0.706925552098376000,0.707929676443513000,0.708425193816201000,0.707095390149032000,0.703940265442008000,0.698959819695128000,0.692154052908392000,0.683522965081800000,0.672984222879175000,0.660537826300515000,0.646183775345822000,0.629922070015096000,0.611752710308335000,0.591348336868834000,0.568708949696591000,0.543834548791606000,0.516725134153881000,0.487380705783414000,0.457160331920902000,0.426064012566346000,0.394091747719746000,0.361243537381101000,0.327519381550412000,0.294809370584606000,0.263113504483684000,0.232431783247644000,0.202764206876487000,0.174110775370214000,0.148008527669642000,0.124457463774771000,0.103457583685601000,0.085008887402132100,0.069111374924364500,0.054446788594885700,0.041015128413695800,0.028816394380794600,0.017850586496182300,0.008117704759858700,0.008117704759858700,0.008117704759858700,0.008117704759858700,0.008117704759858700,0.008117704759858700
2026,2,,0.000368657870990205,0.000701992173204911,0.001298605071373000,0.004545930219536140,0.010050936711348400,0.022702475461004900,0.040200628961750200,0.065576625357963100,0.101082255541447000,0.152154120763265000,0.214948093842110000,0.277742066920956000,0.329208978523228000,0.380675890125500000,0.428367114568915000,0.472282651853472000,0.511381915838114000,0.545664906522841000,0.575131623907653000,0.599782067992550000,0.619616238777532000,0.636974670762025000,0.651857363946028000,0.664264318329541000,0.674195533912565000,0.681651010695099000,0.687721052586298000,0.692405659586160000,0.695704831694687000,0.697618568911878000,0.698146871237734000,0.698225949719650000,0.697855804357626000,0.697036435151662000,0.695767842101758000,0.694050025207914000,0.692627264346548000,0.691499559517658000,0.690666910721246000,0.690129317957311000,0.689886781225852000,0.690150993905710000,0.690921955996885000,0.692199667499377000,0.693984128413185000,0.696275338738310000,0.698215366941461000,0.699804213022638000,0.701041876981841000,0.701928358819069000,0.702463658534324000,0.701357657942536000,0.698610357043707000,0.694221755837835000,0.688191854324920000,0.680520652504964000,0.670850418281892000,0.659181151655704000,0.645512852626400000,0.629845521193981000,0.612179157358446000,0.592326179670961000,0.570286588131525000,0.546060382740139000,0.519647563496802000,0.491048130401515000,0.461418215932362000,0.430757820089342000,0.399066942872455000,0.366345584281703000,0.332593744317083000,0.299834268685500000,0.268067157386953000,0.237292410421441000,0.207510027788966000,0.178720009489526000,0.152414810153224000,0.128594429780060000,0.107258868370034000,0.088408125923145800,0.072042202439395000,0.056895853932836100,0.042969080403468900,0.030261881851293600,0.018774258276310100,0.008506209678518300,0.008506209678518300,0.008506209678518300,0.008506209678518300,0.008506209678518300,0.008506209678518300
2027,2,,0.000370502911259444,0.000705505468132739,0.001305104264362110,0.004568681461205460,0.010101239131112800,0.022771223536292300,0.040322365283906200,0.065775205763212000,0.101388354782744000,0.152614876814625000,0.216546472930895000,0.280478069047166000,0.332411474362756000,0.384344879678347000,0.432278888060378000,0.476213499508849000,0.515085297298419000,0.548894281429088000,0.577640451900857000,0.601323808713726000,0.619944351867693000,0.636287542091610000,0.650353379385476000,0.662141863749292000,0.671652995183056000,0.678886773686769000,0.684824694252955000,0.689466756881612000,0.692812961572740000,0.694863308326340000,0.695617797142412000,0.695920356541295000,0.695770986522989000,0.695169687087494000,0.694116458234810000,0.692611299964936000,0.691268350815160000,0.690087610785481000,0.689069079875898000,0.688212758086413000,0.687518645417024000,0.687271491636108000,0.687471296743663000,0.688118060739691000,0.689211783624190000,0.690752465397161000,0.692099884437528000,0.693254040745293000,0.694214934320453000,0.694982565163010000,0.695556933272964000,0.694676254477716000,0.692340528777266000,0.688549756171614000,0.683303936660761000,0.676603070244706000,0.667814467727458000,0.656938129109017000,0.643974054389383000,0.628922243568556000,0.611782696646536000,0.592507882173601000,0.571097800149750000,0.547552450574984000,0.521871833449303000,0.494055948772706000,0.465056410119816000,0.434873217490633000,0.403506370885156000,0.370955870303386000,0.337221715745322000,0.304456807822911000,0.272661146536152000,0.241834731885047000,0.211977563869593000,0.183089642489793000,0.156616825365059000,0.132559112495392000,0.110916503880792000,0.091688999521258500,0.074876599416792200,0.059268781708958700,0.044865546397758200,0.031666893483190500,0.019672822965255800,0.008883334843954030,0.008883334843954030,0.008883334843954030,0.008883334843954030,0.008883334843954030,0.008883334843954030
2028,2,,0.000372395492268968,0.000709109289345817,0.001311770920604530,0.004592018929034400,0.010152837682085600,0.022842941147933900,0.040449359941408600,0.065982363742889900,0.101707675817106000,0.153095534977269000,0.218172082803301000,0.283248630629333000,0.335654971514852000,0.388061312400371000,0.436244250972385000,0.480203787230895000,0.518853556135580000,0.552193557686439000,0.580223791883473000,0.602944258726681000,0.620354958216064000,0.635686174521273000,0.648937907642309000,0.660110157579171000,0.669202924331860000,0.676216207900375000,0.682022941684829000,0.686623125685221000,0.690016759901552000,0.692203844333822000,0.693184378982031000,0.693710221136706000,0.693781370797848000,0.693397827965456000,0.692559592639531000,0.691266664820073000,0.690003262714271000,0.688769386322127000,0.687565035643640000,0.686390210678810000,0.685244911427638000,0.684486904102965000,0.684116188704794000,0.684132765233123000,0.684536633687953000,0.685327794069284000,0.686083416683885000,0.686803501531757000,0.687488048612900000,0.688137057927313000,0.688750529474997000,0.688094814232884000,0.686169912200974000,0.682975823379268000,0.678512547767764000,0.672780085366463000,0.664870998882107000,0.654785288314693000,0.642522953664224000,0.628083994930698000,0.611468412114116000,0.592768567892228000,0.571984462265035000,0.549116095232535000,0.524163466794731000,0.497126576951620000,0.468752865887273000,0.439042333601689000,0.407994980094868000,0.375610805366810000,0.341889809417514000,0.309115096608416000,0.277286666939514000,0.246404520410808000,0.216468657022299000,0.187479076773987000,0.160835283233306000,0.136537276400255000,0.114585056274835000,0.094978622857045100,0.077717976146886200,0.061647096228270400,0.046765983101197600,0.033074636765667900,0.020573057221681300,0.009261244469237690,0.009261244469237690,0.009261244469237690,0.009261244469237690,0.009261244469237690,0.009261244469237690
2029,2,,0.000374400122519423,0.000712926472855853,0.001318832272644770,0.004616738079096370,0.010207491097521600,0.022921559865319200,0.040588574798946300,0.066209455726094900,0.102057723867801000,0.153622444998155000,0.219863012516132000,0.286103580034110000,0.338998494811398000,0.391893409588687000,0.440339773452413000,0.484337586402575000,0.522777219184688000,0.555658671798753000,0.582981944244767000,0.604747036522733000,0.620953948632649000,0.635278490349887000,0.647720661674447000,0.658280462606329000,0.666957893145534000,0.673752953292060000,0.679430348668796000,0.683990079275741000,0.687432145112895000,0.689756546180259000,0.690963282477831000,0.691712426678928000,0.692003978783548000,0.691837938791692000,0.691214306703359000,0.690133082518550000,0.688948793176441000,0.687661438677031000,0.686271019020321000,0.684777534206311000,0.683180984235001000,0.681912214574268000,0.680971225224111000,0.680358016184532000,0.680072587455530000,0.680114939037105000,0.680279367684285000,0.680565873397069000,0.680974456175459000,0.681505116019454000,0.682157852929054000,0.681726760174519000,0.680211837755851000,0.677613085673048000,0.673930503926111000,0.669164092515040000,0.662131563130261000,0.652832915771774000,0.641268150439580000,0.627437267133678000,0.611340265854069000,0.593209343394385000,0.573044499754626000,0.550845734934793000,0.526613048934885000,0.500346441754902000,0.472589536053837000,0.443342331831690000,0.412604829088461000,0.380377027824149000,0.346658928038756000,0.313864450112883000,0.281993594046531000,0.251046359839700000,0.221022747492389000,0.191922757004600000,0.165099992655713000,0.140554454445731000,0.118286142374652000,0.098295056442477400,0.080581196649206000,0.064042659166568000,0.048679443994563400,0.034491551133192300,0.021478980582454500,0.009641732342350070,0.009641732342350070,0.009641732342350070,0.009641732342350070,0.009641732342350070,0.009641732342350070
2030,2,,0.000376719933943469,0.000717343819103249,0.001327003856969830,0.004645343736769900,0.010270737482964900,0.023019451997636800,0.040761918243203400,0.066492219414024200,0.102493586360040000,0.154278527254383000,0.221739293107913000,0.289200058961444000,0.342628181537112000,0.396056304112780000,0.444806878929160000,0.488879905986252000,0.527141548806254000,0.559591807389164000,0.586230681734984000,0.607058171843713000,0.622074277715350000,0.635403647681503000,0.647046281742171000,0.657002179897354000,0.665271342147053000,0.671853768491266000,0.677406522883604000,0.681929605324066000,0.685423015812652000,0.687886754349362000,0.689320820934197000,0.690294010374251000,0.690806322669525000,0.690857757820018000,0.690448315825730000,0.689577996686662000,0.688471866993269000,0.687129926745552000,0.685552175943509000,0.683738614587142000,0.681689242676451000,0.679908383953457000,0.678396038418163000,0.677152206070568000,0.676176886910671000,0.675470080938472000,0.675043150185187000,0.674896094650814000,0.675028914335354000,0.675441609238807000,0.676134179361172000,0.675927462648855000,0.674821459101857000,0.672816168720177000,0.669911591503815000,0.666107727452772000,0.659946304150156000,0.651427321595968000,0.640550779790208000,0.627316678732875000,0.611725018423970000,0.594148096368353000,0.574585912566025000,0.553038467016986000,0.529505759721235000,0.503987790678773000,0.476824716567846000,0.448016537388456000,0.417563253140602000,0.385464863824283000,0.351721369439500000,0.318879598998189000,0.286939552500349000,0.255901229945980000,0.225764631335083000,0.196529756667657000,0.169505423164356000,0.144691630825180000,0.122088379650129000,0.101695669639202000,0.083513500792400200,0.066493188554140500,0.050634732924422700,0.035938133903246900,0.022403391490613000,0.010030505686521100,0.010030505686521100,0.010030505686521100,0.010030505686521100,0.010030505686521100,0.010030505686521100
2031,2,,0.000379852373965529,0.000723308559182212,0.001338037942550300,0.004683969939755670,0.010356139040591400,0.023080212222547500,0.040869510001708500,0.066667726728743300,0.102764119879247000,0.154685747983001000,0.222162676457627000,0.289639604932252000,0.343466667040708000,0.397293729149164000,0.446570835802230000,0.491297986999907000,0.530089563455248000,0.562945565168256000,0.589865992138928000,0.610850844367267000,0.625900121853270000,0.639065012501987000,0.650345516313418000,0.659741633287561000,0.667253363424418000,0.672880706723988000,0.677628285648050000,0.681496100196602000,0.684484150369646000,0.686592436167180000,0.687820957589206000,0.688672616428314000,0.689147412684505000,0.689245346357778000,0.688966417448133000,0.688310625955571000,0.687414528702211000,0.686278125688053000,0.684901416913097000,0.683284402377343000,0.681427082080790000,0.679715951753733000,0.678151011396173000,0.676732261008108000,0.675459700589539000,0.674333330140466000,0.673439833560534000,0.672779210849742000,0.672351462008091000,0.672156587035580000,0.672194585932209000,0.671488041062192000,0.670036952425529000,0.667841320022219000,0.664901143852263000,0.661216423915660000,0.655344958607223000,0.647286747926951000,0.637041791874844000,0.624610090450903000,0.609991643655127000,0.593260315639212000,0.574416106403158000,0.553459015946966000,0.530389044270635000,0.505206191374165000,0.478448298494871000,0.450115365632753000,0.420207392787810000,0.388724379960044000,0.355666327149453000,0.323291175883944000,0.291598926163518000,0.260589577988173000,0.230263131357911000,0.200619586272731000,0.173219971408559000,0.148064286765397000,0.125152532343245000,0.104484708142101000,0.086060814161966700,0.068748707424886500,0.052548387930860700,0.037459855679889100,0.023483110671971800,0.010618152907108700,0.010618152907108700,0.010618152907108700,0.010618152907108700,0.010618152907108700,0.010618152907108700
2032,2,,0.000382426013100087,0.000728209239925201,0.001347103640301560,0.004715705553821200,0.010426305680435000,0.023106968908121600,0.040916889662611900,0.066745014033765400,0.102883253413089000,0.154865073800357000,0.222258690102947000,0.289652306405536000,0.343799105622156000,0.397945904838776000,0.447677098360073000,0.492992686186047000,0.532257211416985000,0.565470674052887000,0.592633074093753000,0.613744411539583000,0.628804686390377000,0.641785624987583000,0.652687227331201000,0.661509493421231000,0.668252423257673000,0.672916016840527000,0.676851108779117000,0.680057699073441000,0.682535787723500000,0.684285374729294000,0.685306460090823000,0.686035285612044000,0.686471851292955000,0.686616157133556000,0.686468203133849000,0.686027989293833000,0.685343327025868000,0.684414216329954000,0.683240657206092000,0.681822649654280000,0.680160193674520000,0.678521341492719000,0.676906093108877000,0.675314448522994000,0.673746407735071000,0.672201970745107000,0.670843044726315000,0.669669629678696000,0.668681725602249000,0.667879332496975000,0.667262450362873000,0.666056925204411000,0.664262757021590000,0.661879945814408000,0.658908491582867000,0.655348394326966000,0.649775655718084000,0.642190275756221000,0.632592254441376000,0.620981591773551000,0.607358287752744000,0.591497548574388000,0.573399374238483000,0.553063764745030000,0.530490720094027000,0.505680240285476000,0.479367134821958000,0.451551403703474000,0.422233046930023000,0.391412064501605000,0.359088456418222000,0.327227835842096000,0.295830202773230000,0.264895557211622000,0.234423899157272000,0.204415228610182000,0.176680582065763000,0.151219959524016000,0.128033360984941000,0.107120786448537000,0.088482235914806000,0.070903744741254400,0.054385312927882400,0.038926940474690200,0.024528627381677700,0.011190373648845000,0.011190373648845000,0.011190373648845000,0.011190373648845000,0.011190373648845000,0.011190373648845000
2033,2,,0.000385008460854687,0.000733126693895655,0.001356200366601400,0.004747549787219710,0.010496712474876000,0.023134393772501400,0.040965452507626500,0.066824231388719500,0.103005361997864000,0.155048877814767000,0.222361301119367000,0.289673724423967000,0.344141555094955000,0.398609385765942000,0.448795685559060000,0.494700454474306000,0.534438612508847000,0.568010159662682000,0.595415095935812000,0.616653421328236000,0.631725135839955000,0.644522707857182000,0.655046137379918000,0.663295424408164000,0.669270568941918000,0.672971570981181000,0.676095152433776000,0.678641313299703000,0.680610053578962000,0.682001373271553000,0.682815272377477000,0.683421416245844000,0.683819804876654000,0.684010438269907000,0.683993316425604000,0.683768439343745000,0.683294968173455000,0.682572902914735000,0.681602243567586000,0.680382990132006000,0.678915142607997000,0.677348442859502000,0.675682890886520000,0.673918486689053000,0.672055230267099000,0.670093121620660000,0.668269216648698000,0.666583515351213000,0.665036017728207000,0.663626723779677000,0.662355633505626000,0.660651618593878000,0.658514679044433000,0.655944814857293000,0.652942026032455000,0.649506312569921000,0.644231817278449000,0.637118540158040000,0.628166481208692000,0.617375640430407000,0.604746017823183000,0.589754470201405000,0.572400997565073000,0.552685599914187000,0.530608277248746000,0.506169029568751000,0.480299448811694000,0.452999534977573000,0.424269288066390000,0.394108708078145000,0.362517795012837000,0.331170201576490000,0.300065927769105000,0.269204973590682000,0.238587339041221000,0.208213024120721000,0.180142863746585000,0.154376857918815000,0.130915006637409000,0.109757309902368000,0.090903767713692400,0.073058643570938000,0.056221937474105300,0.040393649423194200,0.025573779418204800,0.011762327459137100,0.011762327459137100,0.011762327459137100,0.011762327459137100,0.011762327459137100,0.011762327459137100
2034,2,,0.000387618268265156,0.000738096245666789,0.001365393467862040,0.004779731393277810,0.010567865191732300,0.023163583715918100,0.041017140883492000,0.066908547215288300,0.103135329556898000,0.155244511554502000,0.222481030179340000,0.289717548804178000,0.344510323551336000,0.399303098298494000,0.449947958419758000,0.496444903915129000,0.536659322348974000,0.570591213721293000,0.598240578032086000,0.619607415281353000,0.634691725469093000,0.647307095510292000,0.657453525404948000,0.665131015153061000,0.670339564754632000,0.673079174209661000,0.675392256223985000,0.677278810797603000,0.678738837930516000,0.679772337622724000,0.680379309874226000,0.680862935305770000,0.681223213917355000,0.681460145708981000,0.681573730680649000,0.681563968832358000,0.681301451918505000,0.680786179939090000,0.680018152894114000,0.678997370783576000,0.677723833607475000,0.676229096605504000,0.674513159777660000,0.672576023123945000,0.670417686644358000,0.668038150338899000,0.665749565952893000,0.663551933486339000,0.661445252939239000,0.659429524311591000,0.657504747603396000,0.655302583523816000,0.652823032072852000,0.650066093250502000,0.647031767056769000,0.643720053491650000,0.638743110463507000,0.632100937972337000,0.623793536018144000,0.613820904600925000,0.602183043720680000,0.588058703109715000,0.571447882768027000,0.552350582695618000,0.530766802892487000,0.506696543358634000,0.481268064063565000,0.454481365007281000,0.426336446189781000,0.396833307611065000,0.365971949271134000,0.335134469739689000,0.304320869016731000,0.273531147102259000,0.242765303996274000,0.212023339698776000,0.183615810319672000,0.157542715858961000,0.133804056316645000,0.112399831692722000,0.093330041987193600,0.075217156035518000,0.058061173837695600,0.041862095393726200,0.026619920703609900,0.012334649767346600,0.012334649767346600,0.012334649767346600,0.012334649767346600,0.012334649767346600,0.012334649767346600
2035,2,,0.000390530264254864,0.000743641219893674,0.001375651034721780,0.004815639294913610,0.010647256653842300,0.023210843550633500,0.041100826694911700,0.067045058340735300,0.103345752895875000,0.155561251401261000,0.222774331041074000,0.289987410680888000,0.345147850127831000,0.400308289574774000,0.451451182290760000,0.498576528275790000,0.539298539804132000,0.573617216875788000,0.601532559490757000,0.623044567649038000,0.638153241350633000,0.650596268593108000,0.660373649376463000,0.667485383700699000,0.671931471565814000,0.673711912971810000,0.675216373637092000,0.676444853561659000,0.677397352745512000,0.678073871188651000,0.678474408891076000,0.678835904311000000,0.679158357448424000,0.679441768303346000,0.679686136875769000,0.679891463165690000,0.679839676586855000,0.679530777139263000,0.678964764822914000,0.678141639637808000,0.677061401583945000,0.675637454598568000,0.673869798681675000,0.671758433833268000,0.669303360053346000,0.666504577341910000,0.663749570035515000,0.661038338134162000,0.658370881637851000,0.655747200546581000,0.653167294860354000,0.650465308563604000,0.647641241656333000,0.644695094138541000,0.641626866010226000,0.638436557271390000,0.633753256485934000,0.627576963653858000,0.619907678775161000,0.610745401849844000,0.600090132877908000,0.586821900753328000,0.570940705476106000,0.552446547046241000,0.531339425463734000,0.507619340728584000,0.482612083317059000,0.456317653229159000,0.428736050464884000,0.399867275024234000,0.369711326907210000,0.339359855279481000,0.308812860141048000,0.278070341491910000,0.247132299332069000,0.215998733661523000,0.187231701896474000,0.160831204036923000,0.136797240082868000,0.115129810034309000,0.095828913891248400,0.077434158463644000,0.059945543751496300,0.043363069754805400,0.027686736473571200,0.012916543907793700,0.012916543907793700,0.012916543907793700,0.012916543907793700,0.012916543907793700,0.012916543907793700
2036,2,,0.000389706001377030,0.000742071672260394,0.001372747551472050,0.004805475286980940,0.010624784289434700,0.023320574871201500,0.041295134496773000,0.067362019797704300,0.103834329104474000,0.156296681008040000,0.223441895851576000,0.290587110695111000,0.345768421558132000,0.400949732421152000,0.452143075290668000,0.499348450166679000,0.540233054143941000,0.574796887222453000,0.603039949402215000,0.624962240683228000,0.640563761065492000,0.653403805972680000,0.663482375404791000,0.670799469361825000,0.675355087843784000,0.677149230850666000,0.678493559184475000,0.679388072845211000,0.679832771832873000,0.679827656147462000,0.679372725788978000,0.679011588194156000,0.678744243362996000,0.678570691295498000,0.678490931991661000,0.678504965451487000,0.678342275852919000,0.678002863195957000,0.677486727480603000,0.676793868706854000,0.675924286874713000,0.674705884496335000,0.673138661571721000,0.671222618100871000,0.668957754083784000,0.666344069520461000,0.663660528091520000,0.660907129796960000,0.658083874636782000,0.655190762610985000,0.652227793719569000,0.649112775454828000,0.645845707816763000,0.642426590805373000,0.638855424420657000,0.635132208662617000,0.630069353556841000,0.623666859103327000,0.615924725302077000,0.606842952153091000,0.596421539656367000,0.583528589582954000,0.568164101932849000,0.550328076706055000,0.530020513902570000,0.507241413522396000,0.483005299466498000,0.457312171734879000,0.430162030327537000,0.401554875244473000,0.371490706485687000,0.341294183397153000,0.310965305978871000,0.280504074230841000,0.249910488153064000,0.219184547745538000,0.190646225747141000,0.164295522157873000,0.140132436977733000,0.118156970206722000,0.098369121844839800,0.079522417739354900,0.061616857890267400,0.044652442297577500,0.028629170961285000,0.013547043881390000,0.013547043881390000,0.013547043881390000,0.013547043881390000,0.013547043881390000,0.013547043881390000
2037,2,,0.000388410671120006,0.000739605125975340,0.001368184723513550,0.004789502534401770,0.010589468937564700,0.023402200589602300,0.041439674030569700,0.067597797572878400,0.104197765758786000,0.156843744231884000,0.223839969782373000,0.290836195332862000,0.345971748200621000,0.401107301068379000,0.452289296375227000,0.499517734121166000,0.540515641360908000,0.575283018094453000,0.603819864321803000,0.626126180042956000,0.642201965257914000,0.655423730450575000,0.665791475620940000,0.673305200769009000,0.677964905894782000,0.679770590998259000,0.680953079182987000,0.681512370448965000,0.681448464796193000,0.680761362224672000,0.679451062734401000,0.678367347732359000,0.677510217218547000,0.676879671192964000,0.676475709655610000,0.676298332606486000,0.676024878062895000,0.675655346024838000,0.675189736492316000,0.674628049465327000,0.673970284943871000,0.672959006827285000,0.671594215115567000,0.669875909808718000,0.667804090906737000,0.665378758409625000,0.662769961303159000,0.659977699587338000,0.657001973262163000,0.653842782327634000,0.650500126783750000,0.646975620947089000,0.643269264817650000,0.639381058395434000,0.635311001680441000,0.631059094672670000,0.625622599600916000,0.619001516465180000,0.611195845265460000,0.602205586001757000,0.592030738674071000,0.579528838601008000,0.564699885782565000,0.547543880218745000,0.528060821909547000,0.506250710854970000,0.482815415271112000,0.457754935157971000,0.431069270515548000,0.402758421343843000,0.372822387642855000,0.342817361896132000,0.312743344103674000,0.282600334265480000,0.252388332381551000,0.222107338451886000,0.193832311316684000,0.167563250975945000,0.143300157429669000,0.121043030677855000,0.100791870720504000,0.081515740408030900,0.063214639740436200,0.045888568717719800,0.029537527339881600,0.014161515606921600,0.014161515606921600,0.014161515606921600,0.014161515606921600,0.014161515606921600,0.014161515606921600
2038,2,,0.000387106493227168,0.000737121732169642,0.001363590729572610,0.004773420681385110,0.010553912367387500,0.023483180505298700,0.041583070002954200,0.067831709932007100,0.104558326991248000,0.157386479225407000,0.224232136818845000,0.291077794412283000,0.346166235842451000,0.401254677272620000,0.452424046648366000,0.499674343969689000,0.540784444065362000,0.575754346935386000,0.604584052579761000,0.627273560998487000,0.643822872191563000,0.657425755879758000,0.668082212063073000,0.675792240741507000,0.680555841915060000,0.682373015583733000,0.683393748153030000,0.683618039622952000,0.683045889993500000,0.681677299264672000,0.679512267436469000,0.677706512379773000,0.676260034094584000,0.675172832580902000,0.674444907838728000,0.674076259868060000,0.673692125448584000,0.673292504580301000,0.672877397263210000,0.672446803497312000,0.672000723282606000,0.671196448622019000,0.670033979515549000,0.668513315963197000,0.666634457964963000,0.664397405520847000,0.661863365537942000,0.659032338016247000,0.655904322955763000,0.652479320356489000,0.648757330218426000,0.644823714477092000,0.640678473132486000,0.636321606184609000,0.631753113633461000,0.626972995479042000,0.621163260856228000,0.614323909765018000,0.606454942205413000,0.597556358177413000,0.587628157681018000,0.575517345756010000,0.561223922402390000,0.544747887620158000,0.526089241409313000,0.505247983769856000,0.482613530316935000,0.458185881050548000,0.431965035970697000,0.403950995077380000,0.374143758370598000,0.344330848904483000,0.314512266679034000,0.284688011694250000,0.254858083950132000,0.225022483446681000,0.197011275946051000,0.170824461448243000,0.146462039953257000,0.123924011461092000,0.103210375971750000,0.083505607087988100,0.064809704809807600,0.047122669137208300,0.030444500070190000,0.014775197608752800,0.014775197608752800,0.014775197608752800,0.014775197608752800,0.014775197608752800,0.014775197608752800
2039,2,,0.000385767562201625,0.000734572162027906,0.001358874316993870,0.004756910286545190,0.010517408302080400,0.023561920369968800,0.041722499383223200,0.068059151851945500,0.104908914447472000,0.157914201186762000,0.224603228192001000,0.291292255197239000,0.346328525517060000,0.401364795836881000,0.452516813928230000,0.499784579791105000,0.541002975614172000,0.576172001397429000,0.605291657140876000,0.628361942844514000,0.645382858508342000,0.659365287958386000,0.670309231194647000,0.678214688217123000,0.683081659025816000,0.684910143620724000,0.685769159281169000,0.685658706007148000,0.684578783798662000,0.682529392655712000,0.679510532578297000,0.676983499056878000,0.674948292091454000,0.673404911682027000,0.672353357828595000,0.671793630531158000,0.671298942912026000,0.670869294971198000,0.670504686708674000,0.670205118124454000,0.669970589218539000,0.669373222020864000,0.668413016531432000,0.667089972750240000,0.665404090677290000,0.663355370312581000,0.660896260431121000,0.658026761032911000,0.654746872117950000,0.651056593686237000,0.646955925737774000,0.642613900976054000,0.638030519401078000,0.633205781012846000,0.628139685811357000,0.622832233796612000,0.616650104610077000,0.609593298251753000,0.601661814721639000,0.592855654019735000,0.583174816146043000,0.571455891241467000,0.557698879306009000,0.541903780339668000,0.524070594342445000,0.504199321314339000,0.482367145475900000,0.458574066827129000,0.432820085368026000,0.405105201098591000,0.375429414018823000,0.345811221859414000,0.316250624620365000,0.286747622301675000,0.257302214903344000,0.227914402425373000,0.200169389802624000,0.174067177035098000,0.149607764122794000,0.126791151065714000,0.105617337863856000,0.085486106998737700,0.066397458470359700,0.048351392278721700,0.031347908423823700,0.015387006905665700,0.015387006905665700,0.015387006905665700,0.015387006905665700,0.015387006905665700,0.015387006905665700
2040,2,,0.000384630718226080,0.000732407402678420,0.001354869760281060,0.004742891832607270,0.010486413855065900,0.023652940158754400,0.041883673558411000,0.068322064616661900,0.105314177986471000,0.158524224351792000,0.225091526841890000,0.291658829331989000,0.346671705050442000,0.401684580768896000,0.452845980896801000,0.500155905434158000,0.541504090638725000,0.576890536510502000,0.606315243049489000,0.629778210255686000,0.647279438129094000,0.661648569715560000,0.672885605015085000,0.680990544027669000,0.685963386753310000,0.687804133192011000,0.688501944396772000,0.688056820367594000,0.686468761104477000,0.683737766607421000,0.679863836876426000,0.676614488311626000,0.673989720913024000,0.671989534680617000,0.670613929614407000,0.669862905714393000,0.669257449920825000,0.668797562233703000,0.668483242653028000,0.668314491178798000,0.668291307811014000,0.667900454552717000,0.667141931403906000,0.666015738364582000,0.664521875434743000,0.662660342614391000,0.660274848490393000,0.657365393062750000,0.653931976331460000,0.649974598296525000,0.645493258957944000,0.640740717186483000,0.635716972982142000,0.630422026344921000,0.624855877274820000,0.619018525771840000,0.612460918424035000,0.605183055231408000,0.597184936193957000,0.588466561311683000,0.579027930584585000,0.567694615480505000,0.554466615999443000,0.539343932141399000,0.522326563906372000,0.503414511294363000,0.482372890301608000,0.459201700928106000,0.433900943173858000,0.406470617038864000,0.376910722523124000,0.347471695808689000,0.318153536895560000,0.288956245783736000,0.259879822473217000,0.230924266964005000,0.203430847956133000,0.177399565449602000,0.152830419444412000,0.129723409940563000,0.108078536938055000,0.087510493478962500,0.068019279563285800,0.049604895191024700,0.032267340362179200,0.016006615076749400,0.016006615076749400,0.016006615076749400,0.016006615076749400,0.016006615076749400,0.016006615076749400
2041,2,,0.000382115680769278,0.000727618310273448,0.001346010488166990,0.004711878837421700,0.010417844907284900,0.023619529896030400,0.041824512011134300,0.068225558300179800,0.105165419551728000,0.158300305636056000,0.225243445026087000,0.292186584416119000,0.347303260329853000,0.402419936243588000,0.453594457665224000,0.500826824594762000,0.542133731021968000,0.577515176946843000,0.606971162369387000,0.630501687289600000,0.648106751707482000,0.662642761807273000,0.674109717588974000,0.682507619052585000,0.687836466198105000,0.690096259025535000,0.691132665546683000,0.690945685761550000,0.689535319670135000,0.686901567272438000,0.683044428568459000,0.679647765919837000,0.676711579326571000,0.674235868788662000,0.672220634306109000,0.670665875878912000,0.669381879276364000,0.668368644498466000,0.667626171545217000,0.667154460416618000,0.666953511112669000,0.666463466922126000,0.665684327844991000,0.664616093881262000,0.663258765030941000,0.661612341294027000,0.659435761193589000,0.656729024729627000,0.653492131902142000,0.649725082711133000,0.645427877156600000,0.640754017735358000,0.635703504447409000,0.630276337292750000,0.624472516271384000,0.618292041383309000,0.611388973146276000,0.603763311560285000,0.595415056625337000,0.586344208341431000,0.576550766708567000,0.565003339563483000,0.551701926906179000,0.536646528736656000,0.519837145054912000,0.501273775860948000,0.480664489517516000,0.458009286024614000,0.433308165382244000,0.406561127590406000,0.377768172649098000,0.348910381260721000,0.319987753425273000,0.291000289142755000,0.261947988413166000,0.232830851236508000,0.205231170504299000,0.179148946216541000,0.154584178373232000,0.131536866974374000,0.110007012019966000,0.089419718048280200,0.069774985059316100,0.051072813053074000,0.033313202029553900,0.016496151988755700,0.016496151988755700,0.016496151988755700,0.016496151988755700,0.016496151988755700,0.016496151988755700
2042,2,,0.000379289097795311,0.000722235978087485,0.001336053790444000,0.004677024166002720,0.010340782110539500,0.023566936931379700,0.041731382508074100,0.068073642305587700,0.104931250573035000,0.157947822652053000,0.225212718803764000,0.292477614955476000,0.347653439081388000,0.402829263207301000,0.453975396657947000,0.501091839433327000,0.542323930001111000,0.577671668361299000,0.607135054513891000,0.630714088458886000,0.648408770196286000,0.663099968061583000,0.674787682054779000,0.683471912175872000,0.689152658424865000,0.691829920801755000,0.693204289073872000,0.693275763241217000,0.692044343303788000,0.689510029261587000,0.685672821114613000,0.682131509882107000,0.678886095564067000,0.675936578160495000,0.673282957671390000,0.670925234096753000,0.668963323031958000,0.667397224477006000,0.666226938431896000,0.665452464896629000,0.665073803871204000,0.664484905599359000,0.663685770081093000,0.662676397316407000,0.661456787305301000,0.660026940047774000,0.658061167684475000,0.655559470215404000,0.652521847640560000,0.648948299959944000,0.644838827173555000,0.640247490113170000,0.635174288778789000,0.629619223170413000,0.623582293288040000,0.617063499131671000,0.609820358923004000,0.601852872662037000,0.593161040348772000,0.583744861983207000,0.573604337565344000,0.561852035612003000,0.548487956123184000,0.533512099098886000,0.516924464539111000,0.498725052443858000,0.478565085463451000,0.456444563597890000,0.432363486847175000,0.406321855211307000,0.378319668690285000,0.350066880402565000,0.321563490348149000,0.292809498527035000,0.263804904939224000,0.234549709584715000,0.206866093385083000,0.180754056340327000,0.156213598450448000,0.133244719715444000,0.111847420135317000,0.091257566100644900,0.071475157611426700,0.052500194667663000,0.034332677269353700,0.016972605416498900,0.016972605416498900,0.016972605416498900,0.016972605416498900,0.016972605416498900,0.016972605416498900
2043,2,,0.000376431250067280,0.000716794112077951,0.001325986961970050,0.004641783968052270,0.010262866924386100,0.023512366444208900,0.041634751287801100,0.067916014191466500,0.104688276720307000,0.157582086126565000,0.225162960923089000,0.292743835719613000,0.347974126495886000,0.403204417272159000,0.454317846708349000,0.501314414804454000,0.542468224812488000,0.577779276732451000,0.607247570564342000,0.630873106308162000,0.648655883963910000,0.663500983518875000,0.675408404973056000,0.684378148326454000,0.690410213579068000,0.693504600730898000,0.695216718686139000,0.695546567444788000,0.694494147006847000,0.692059457372316000,0.688242498541194000,0.684556879155322000,0.681002599214699000,0.677579658719326000,0.674288057669202000,0.671127796064328000,0.668488328716435000,0.666369655625524000,0.664771776791593000,0.663694692214645000,0.663138401894678000,0.662450727372341000,0.661631668647635000,0.660681225720560000,0.659599398591115000,0.658386187259302000,0.656631329025179000,0.654334823888748000,0.651496671850007000,0.648116872908958000,0.644195427065600000,0.639686977125861000,0.634591523089740000,0.628909064957237000,0.622639602728353000,0.615783136403088000,0.608200633058473000,0.599892092694510000,0.590857515311198000,0.581096900908537000,0.570610249486528000,0.558654124430141000,0.545228525739377000,0.530333453414236000,0.513968907454718000,0.496134887860823000,0.476425817183511000,0.454841695422783000,0.431382522578640000,0.406048298651080000,0.378839023640104000,0.351193455427752000,0.323111594014025000,0.294593439398922000,0.265638991582443000,0.236248250564588000,0.208483063190930000,0.182343429461469000,0.157829349376206000,0.134940822935140000,0.113677850138271000,0.093087177514621600,0.073168805064192900,0.053922732786984300,0.035348960682996000,0.017447488752227800,0.017447488752227800,0.017447488752227800,0.017447488752227800,0.017447488752227800,0.017447488752227800
2044,2,,0.000373529077939440,0.000711267844285091,0.001315763999869470,0.004605997204723960,0.010183743296009500,0.023454966724101200,0.041533110175820800,0.067750213772581600,0.104432705772288000,0.157197387816459000,0.225085877793451000,0.292974367770443000,0.348252389937443000,0.403530412104444000,0.454604945001447000,0.501475988628453000,0.542546557618884000,0.577816651972742000,0.607286271690025000,0.630955416770734000,0.648824087214868000,0.663821209940016000,0.675946784946177000,0.685200812233351000,0.691583291801538000,0.695094223650738000,0.697143717970346000,0.697731774760360000,0.696858394020782000,0.694523575751610000,0.690727319952846000,0.686897910740615000,0.683035348114919000,0.679139632075757000,0.675210762623128000,0.671248739757034000,0.667932368447999000,0.665261648696025000,0.663236580501110000,0.661857163863254000,0.661123398782459000,0.660337079897303000,0.659498207207785000,0.658606780713907000,0.657662800415668000,0.656666266313067000,0.655122432104488000,0.653031297789929000,0.650392863369391000,0.647207128842874000,0.643474094210377000,0.639049038434233000,0.633931961514441000,0.628122863451002000,0.621621744243916000,0.614428603893182000,0.606507824572610000,0.597859406282201000,0.588483349021954000,0.578379652791869000,0.567548317591946000,0.555389921480707000,0.541904464458154000,0.527091946524285000,0.510952367679101000,0.493485727922601000,0.474229726778285000,0.453184364246154000,0.430349640326205000,0.405725555018441000,0.379312108322861000,0.352276820896438000,0.324619692739171000,0.296340723851062000,0.267439914232110000,0.237917263882314000,0.210073917792054000,0.183909875961327000,0.159425138390135000,0.136619705078478000,0.115493576026355000,0.094904586277944600,0.074852735833247600,0.055338024692263500,0.036360452854992500,0.017920020321434400,0.017920020321434400,0.017920020321434400,0.017920020321434400,0.017920020321434400,0.017920020321434400
2045,2,,0.000370701955193003,0.000705884484273388,0.001305805400786650,0.004571135877356000,0.010106665783129200,0.023402227979915500,0.041439722532232900,0.067597876690431500,0.104197887713532000,0.156843927804334000,0.225053327988776000,0.293262728173219000,0.348599390958925000,0.403936053744632000,0.454981804064092000,0.501736641917308000,0.542732124305850000,0.577968251229719000,0.607445022688915000,0.631162438683438000,0.649120499213288000,0.664272547345902000,0.676618583081282000,0.686158606419426000,0.692892617360334000,0.696820615904008000,0.699207752363809000,0.700054026739739000,0.699359439031798000,0.697123989239985000,0.693347677364300000,0.689373780641575000,0.685202299071811000,0.680833232655006000,0.676266581391162000,0.671502345280279000,0.667508694077855000,0.664285627783892000,0.661833146398389000,0.660151249921346000,0.659239938352764000,0.658354860409286000,0.657496016090912000,0.656663405397643000,0.655857028329478000,0.655076884886417000,0.653743682263930000,0.651857420462019000,0.649418099480682000,0.646425719319919000,0.642880279979731000,0.638537709030261000,0.633398006471509000,0.627461172303475000,0.620727206526158000,0.613196109139559000,0.604935627634011000,0.595945762009512000,0.586226512266064000,0.575777878403666000,0.564599860422318000,0.552236873026216000,0.538688916215361000,0.523955989989752000,0.508038094349390000,0.490935229294275000,0.472128303361441000,0.451617316550889000,0.429402268862619000,0.405483160296631000,0.379859990852925000,0.353429386886612000,0.326191348397693000,0.298145875386167000,0.269292967852034000,0.239632625795295000,0.211705648413248000,0.185512035705893000,0.161051787673231000,0.138324904315261000,0.117331385631983000,0.096740007437953400,0.076550769733172300,0.056763672517639500,0.037378715791355000,0.018395899554318900,0.018395899554318900,0.018395899554318900,0.018395899554318900,0.018395899554318900,0.018395899554318900
2046,2,,0.000371606954436841,0.000707607768749111,0.001308993279576490,0.004582295447610580,0.010131339310644600,0.023338173492356700,0.041326297426142200,0.067412853821874600,0.103912686564824000,0.156414628618340000,0.224697663954219000,0.292980699290098000,0.348454046579127000,0.403927393868156000,0.455130845141569000,0.502064400399365000,0.543196090714174000,0.578525916085995000,0.608053876514828000,0.631779972000674000,0.649704202543532000,0.664852334878357000,0.677224369005150000,0.686820304923910000,0.693640142634637000,0.697683882137332000,0.700241305514463000,0.701312412766029000,0.700897203892031000,0.698995678892469000,0.695607837767342000,0.691948838217585000,0.688018680243196000,0.683817363844176000,0.679344889020525000,0.674601255772243000,0.670470960515058000,0.666954003248969000,0.664050383973978000,0.661760102690083000,0.660083159397286000,0.658552811326240000,0.657169058476946000,0.655931900849404000,0.654841338443613000,0.653897371259575000,0.652478736322822000,0.650585433633356000,0.648217463191176000,0.645374824996282000,0.642057519048675000,0.637933615508542000,0.633003114375883000,0.627266015650699000,0.620722319332990000,0.613372025422756000,0.605198897593805000,0.596202935846136000,0.586384140179750000,0.575742510594647000,0.564278047090826000,0.551657901553162000,0.537882073981655000,0.522950564376303000,0.506863372737108000,0.489620499064069000,0.470775862618957000,0.450329463401770000,0.428281301412510000,0.404631376651176000,0.379379689117768000,0.353328917469937000,0.326479061707683000,0.298830121831007000,0.270382097839907000,0.241134989734385000,0.213485089189566000,0.187432396205452000,0.162976910782041000,0.140118632919333000,0.118857562617330000,0.098037164391956200,0.077657438243211700,0.057718384171096600,0.038220002175611000,0.019162292256754700,0.019162292256754700,0.019162292256754700,0.019162292256754700,0.019162292256754700,0.019162292256754700
2047,2,,0.000372251471042617,0.000708835046527124,0.001311263602818470,0.004590242999380800,0.010148911146549400,0.023257677783662200,0.041183758868010100,0.067180340105868100,0.103554281253024000,0.155875138825579000,0.224183882574164000,0.292492626322750000,0.348063774440786000,0.403634922558822000,0.454960205466675000,0.502039623164344000,0.543278714074975000,0.578677478198568000,0.608235915535122000,0.631954026084637000,0.649831809847114000,0.664965380417939000,0.677354737797114000,0.686999881984636000,0.693900812980508000,0.698057530784729000,0.700783559742084000,0.702078899852575000,0.701943551116202000,0.700377513532964000,0.697380787102861000,0.694039469267479000,0.690353560026817000,0.686323059380877000,0.681947967329657000,0.677228283873158000,0.672964153850375000,0.669155577261309000,0.665802554105960000,0.662905084384328000,0.660463168096413000,0.658288187297818000,0.656380141988544000,0.654739032168591000,0.653364857837959000,0.652257618996647000,0.650754490530390000,0.648855472439188000,0.646560564723039000,0.643869767381945000,0.640783080415906000,0.636880890178775000,0.632163196670553000,0.626629999891240000,0.620281299840835000,0.613117096519340000,0.605037124204987000,0.596041382897777000,0.586129872597709000,0.575302593304784000,0.563559545019002000,0.550690933952990000,0.536696760106750000,0.521577023480280000,0.505331724073582000,0.487960861886655000,0.469091729870329000,0.448724328024604000,0.426858656349481000,0.403494714844960000,0.378632503511040000,0.352980125585727000,0.326537581069022000,0.299304869960924000,0.271281992261433000,0.242468947970549000,0.215115739514992000,0.189222366894762000,0.164788830109860000,0.141815129160284000,0.120301264046036000,0.099266319118347800,0.078710294377218800,0.058633189822649500,0.039035005454639800,0.019915741273189700,0.019915741273189700,0.019915741273189700,0.019915741273189700,0.019915741273189700,0.019915741273189700
2048,2,,0.000372827635983006,0.000709932170203180,0.001313293155887620,0.004597347704908760,0.010164619470735200,0.023172936609036200,0.041033702609838000,0.066935563263343300,0.103176973100741000,0.155307195521783000,0.223629124232528000,0.291951052943274000,0.347609797759154000,0.403268542575034000,0.454706226092626000,0.501922848311928000,0.543261760160461000,0.578722961638223000,0.608306452745214000,0.632012233481434000,0.649840303846884000,0.664956542325499000,0.677360948917280000,0.687053523622225000,0.694034266440336000,0.698303177371613000,0.701197277387085000,0.702716566486755000,0.702861044670621000,0.701630711938683000,0.699025568290942000,0.696002478630650000,0.692561442957807000,0.688702461272413000,0.684425533574467000,0.679730659863971000,0.675333504258205000,0.671234066757169000,0.667432347360864000,0.663928346069289000,0.660722062882444000,0.657902981585273000,0.655471102177774000,0.653426424659948000,0.651768949031796000,0.650498675293316000,0.648911346275155000,0.647006961977314000,0.644785522399792000,0.642247027542589000,0.639391477405705000,0.635711669612968000,0.631207604164376000,0.625879281059929000,0.619726700299628000,0.612749861883473000,0.604764506489743000,0.595770634118438000,0.585768244769557000,0.574757338443100000,0.562737915139069000,0.549623248332376000,0.535413338023023000,0.520108184211009000,0.503707786896334000,0.486212146078998000,0.467321981488456000,0.447037293124708000,0.425358080987754000,0.402284345077593000,0.377816085394226000,0.352566719598012000,0.326536247688951000,0.299724669667043000,0.272131985532288000,0.243758195284686000,0.216706630100664000,0.190977289980222000,0.166570174923361000,0.143485284930080000,0.121722620000378000,0.100477027671565000,0.079748507943639400,0.059537060816601700,0.039842686290451900,0.020665384365189900,0.020665384365189900,0.020665384365189900,0.020665384365189900,0.020665384365189900,0.020665384365189900
2049,2,,0.000373389682327878,0.000711002409484981,0.001315272975908380,0.004604278313651960,0.010179942871334200,0.023087369459280200,0.040882183748180600,0.066688400572554900,0.102795987312982000,0.154733716455163000,0.223066282366426000,0.291398848277689000,0.347143081375868000,0.402887314474048000,0.454435436634533000,0.501787447857324000,0.543224599812319000,0.578746892499519000,0.608354325918922000,0.632046900070530000,0.649824614954343000,0.664922966308597000,0.677341954133292000,0.687081578428430000,0.694141839194009000,0.698522736430030000,0.701584727936453000,0.703327813713277000,0.703751993760503000,0.702857268078132000,0.700643636666162000,0.697938751558850000,0.694742612756198000,0.691055220258204000,0.686876574064869000,0.682206674176192000,0.677676713491461000,0.673286692010674000,0.669036609733833000,0.664926466660936000,0.660956262791985000,0.657493461368471000,0.654538062390395000,0.652090065857756000,0.650149471770554000,0.648716280128791000,0.647044845632392000,0.645135168281358000,0.642987248075688000,0.640601085015383000,0.637976679100443000,0.634519295558090000,0.630228934388324000,0.625105595591146000,0.619149279166555000,0.612359985114552000,0.604469503293192000,0.595477833702475000,0.585384976342403000,0.574190931212973000,0.561895698314188000,0.548535568974668000,0.534110543194414000,0.518620620973426000,0.502065802311705000,0.484446087209249000,0.465535601905345000,0.445334346399994000,0.423842320693196000,0.401059524784950000,0.376985958675256000,0.352140372119520000,0.326522765117741000,0.300133137669919000,0.272971489776055000,0.245037821436148000,0.218288777046435000,0.192724356606917000,0.168344560117593000,0.145149387578464000,0.123138838989529000,0.101683479858899000,0.080783310186572700,0.060438329972551100,0.040648539216834000,0.021413937919421200,0.021413937919421200,0.021413937919421200,0.021413937919421200,0.021413937919421200,0.021413937919421200
2050,2,,0.000373968995344044,0.000712105527674461,0.001317313618140390,0.004611421838187830,0.010195737023364400,0.023002920226633800,0.040732644449104800,0.066444467011189100,0.102419979025723000,0.154167729773908000,0.222514131334085000,0.290860532894263000,0.346692831397179000,0.402525129900096000,0.454186060717258000,0.501675623848667000,0.543212917099348000,0.578797940469301000,0.608430693958526000,0.632111177567023000,0.649839391294793000,0.664920570692716000,0.677354715760793000,0.687141826499022000,0.694281902907405000,0.698774944985942000,0.702004901335757000,0.703971771956853000,0.704675556849228000,0.704116256012882000,0.702293869447816000,0.699906929117199000,0.696955435021031000,0.693439387159311000,0.689358785532041000,0.684713630139220000,0.680050707551964000,0.675370017770273000,0.670671560794148000,0.665955336623588000,0.661221345258594000,0.657114930440431000,0.653636092169100000,0.650784830444601000,0.648561145266934000,0.646965036636098000,0.645209453469333000,0.643294395766639000,0.641219863528016000,0.638985856753463000,0.636592375442981000,0.633357161134560000,0.629280213828198000,0.624361533523897000,0.618601120221657000,0.611998973921477000,0.604202956176565000,0.595213066986920000,0.585029306352544000,0.573651674273435000,0.561080170749594000,0.547474055249511000,0.532833327773185000,0.517157988320616000,0.500448036891804000,0.482703473486750000,0.463771789587382000,0.443652985193700000,0.422347060305705000,0.399854014923396000,0.376173849046774000,0.351730708407332000,0.326524593005072000,0.300555502839992000,0.273823437912094000,0.246328398221377000,0.219880494403255000,0.194479726457729000,0.170126094384798000,0.146819598184463000,0.124560237856724000,0.102894193936817000,0.081821466424743800,0.061342055320503100,0.041455960624095400,0.022163182335520500,0.022163182335520500,0.022163182335520500,0.022163182335520500,0.022163182335520500,0.022163182335520500
2051,2,,0.000374219465473648,0.000712582468720454,0.001318195904417520,0.004614510392158480,0.010202565738058500,0.023058597606307600,0.040831235710030300,0.066605292409902000,0.102667881292140000,0.154540884796814000,0.222534639457565000,0.290528394118317000,0.346320675941213000,0.402112957764108000,0.453838081974385000,0.501496048572044000,0.543155998254520000,0.578817931021816000,0.608481846873930000,0.632147745810863000,0.649815627832615000,0.664872431780729000,0.677318157655206000,0.687152805456045000,0.694376375183247000,0.698988866836811000,0.702340718485145000,0.704431930128247000,0.705262501766119000,0.704832433398759000,0.703141725026169000,0.700932682561100000,0.698205306003552000,0.694959595353524000,0.691195550611018000,0.686913171776032000,0.682546134926585000,0.678094440062675000,0.673558087184303000,0.668937076291468000,0.664231407384172000,0.660002090444806000,0.656249125473370000,0.652972512469864000,0.650172251434289000,0.647848342366643000,0.645480899738320000,0.643069923549319000,0.640615413799639000,0.638117370489282000,0.635575793618246000,0.632269481890923000,0.628198435307312000,0.623362653867412000,0.617762137571224000,0.611396886418749000,0.603823874590632000,0.595043102086873000,0.585054568907474000,0.573858275052432000,0.561454220521750000,0.547936334092995000,0.533304615766167000,0.517559065541266000,0.500699683418293000,0.482726469397247000,0.463612553074999000,0.443357934451550000,0.421962613526900000,0.399426590301049000,0.375749864773996000,0.351362722770786000,0.326265164291418000,0.300457189335892000,0.273938797904209000,0.246709989996369000,0.220497573484468000,0.195301548368507000,0.171121914648486000,0.147958672324405000,0.125811821396264000,0.104162808288218000,0.083011633000266800,0.062358295532410400,0.042202795884648800,0.022545134056982100,0.022545134056982100,0.022545134056982100,0.022545134056982100,0.022545134056982100,0.022545134056982100
2052,2,,0.000374171384827311,0.000712490914355100,0.001318026539333850,0.004613917508402670,0.010201254887073300,0.023095900709829300,0.040897290542965800,0.066713043287048900,0.102833972511978000,0.154790893696849000,0.222377540836377000,0.289964187975905000,0.345671900395728000,0.401379612815552000,0.453127680328807000,0.500916102935494000,0.542665524200846000,0.578375944124862000,0.608047362707542000,0.631679779948886000,0.649273195848894000,0.664293593444088000,0.676740972734466000,0.686615333720029000,0.693916676400778000,0.698645000776712000,0.702116138384649000,0.704330089224591000,0.705286853296536000,0.704986430600486000,0.703428821136439000,0.701399535979356000,0.698898575129237000,0.695925938586082000,0.692481626349891000,0.688565638420664000,0.684498133026577000,0.680279110167628000,0.675908569843819000,0.671386512055149000,0.666712936801618000,0.662364026891179000,0.658339782323830000,0.654640203099573000,0.651265289218407000,0.648215040680333000,0.645237297049968000,0.642332058327314000,0.639499324512370000,0.636739095605136000,0.634051371605612000,0.630676562941707000,0.626614669613421000,0.621865691620755000,0.616429628963707000,0.610306481642278000,0.602962640881607000,0.594398106681695000,0.584612879042541000,0.573606957964146000,0.561380343446509000,0.547961523249729000,0.533350497373807000,0.517547265818742000,0.500551828584534000,0.482364185671183000,0.463083194231830000,0.442708854266476000,0.421241165775121000,0.398680128757764000,0.375025743214405000,0.350714094950462000,0.325745183965935000,0.300119010260824000,0.273835573835129000,0.246894874688850000,0.220938994582043000,0.195967933514709000,0.171981691486846000,0.148980268498455000,0.126963664549536000,0.105348970807280000,0.084136187271687400,0.063325313942757200,0.042916350820489900,0.022909297904885400,0.022909297904885400,0.022909297904885400,0.022909297904885400,0.022909297904885400,0.022909297904885400
2053,2,,0.000374061679413535,0.000712282015134742,0.001317640099716260,0.004612564727965930,0.010198263923750600,0.023129383016414600,0.040956579662609700,0.066809757703890300,0.102983051720375000,0.155015295257303000,0.222183871573477000,0.289352447889651000,0.344966448673322000,0.400580449456993000,0.452342925063163000,0.500253875491832000,0.542085852364088000,0.577838855679931000,0.607512885439361000,0.631107941642379000,0.648624024288983000,0.663605556258918000,0.676052537552182000,0.685964968168777000,0.693342848108701000,0.698186177371954000,0.701775978770966000,0.704112252305734000,0.705194997976261000,0.705024215782544000,0.703599905724586000,0.701750636408920000,0.699476407835548000,0.696777220004469000,0.693653072915682000,0.690103966569190000,0.686336536460711000,0.682350782590247000,0.678146704957798000,0.673724303563363000,0.669083578406943000,0.664615842437110000,0.660321095653865000,0.656199338057208000,0.652250569647139000,0.648474790423659000,0.644887493704523000,0.641488679489732000,0.638278347779286000,0.635256498573185000,0.632423131871429000,0.628980411154495000,0.624928336422384000,0.620266907675096000,0.614996124912630000,0.609115988134986000,0.602002431717715000,0.593655455660815000,0.584075059964288000,0.573261244628132000,0.561214009652349000,0.547896424678764000,0.533308489707378000,0.517450204738190000,0.500321569771201000,0.481922584806410000,0.462477765254611000,0.441987111115803000,0.420450622389985000,0.397868299077159000,0.374240141177324000,0.350007960185274000,0.325171756101008000,0.299731528924528000,0.273687278655831000,0.247039005294920000,0.221343829679457000,0.196601751809442000,0.172812771684875000,0.149976889305756000,0.128094104672086000,0.106517276863574000,0.085246405880219800,0.064281491722024300,0.043622534388987200,0.023269533881108300,0.023269533881108300,0.023269533881108300,0.023269533881108300,0.023269533881108300,0.023269533881108300
2054,2,,0.000373974284089919,0.000712115598416203,0.001317332247858500,0.004611487053856840,0.010195881213558700,0.023164223613812200,0.041018273988904300,0.066910395575153100,0.103138178687715000,0.155248800210232000,0.222003521674317000,0.288758243138401000,0.344281890033521000,0.399805536928641000,0.451585492300773000,0.499621756149917000,0.541538733655646000,0.577336424817957000,0.607014829636853000,0.630573948112332000,0.648013780244396000,0.662957358288335000,0.675404682244149000,0.685355752111839000,0.692810567891405000,0.697769129582846000,0.701477745816145000,0.703936416591302000,0.705145141908316000,0.705103921767189000,0.703812756167919000,0.702143297857533000,0.700095546836030000,0.697669503103411000,0.694865166659675000,0.691682537504823000,0.688214800494427000,0.684461955628488000,0.680424002907007000,0.676100942329982000,0.671492773897414000,0.666906008683598000,0.662340646688535000,0.657796687912224000,0.653274132354666000,0.648772980015860000,0.644576237897495000,0.640683905999571000,0.637095984322088000,0.633812472865046000,0.630833371628444000,0.627322569830564000,0.623280067471406000,0.618705864550968000,0.613599961069252000,0.607962357026258000,0.601078540472915000,0.592948511409224000,0.583572269835184000,0.572949815750795000,0.561081149156058000,0.547863953837638000,0.533298229795535000,0.517383977029748000,0.500121195540278000,0.481509885327125000,0.461900167222289000,0.441292041225768000,0.419685507337564000,0.397080565557677000,0.373477215886106000,0.349323018773547000,0.324617974220000000,0.299362082225464000,0.273555342789940000,0.247197755913428000,0.221761618896222000,0.197246931738320000,0.173653694439725000,0.150981907000435000,0.129231569420450000,0.107691304029949000,0.086361110828932100,0.065240989817398500,0.044330940995348700,0.023630964362782500,0.023630964362782500,0.023630964362782500,0.023630964362782500,0.023630964362782500,0.023630964362782500
2055,2,,0.000373918480709123,0.000712009338548614,0.001317135679280950,0.004610798940852690,0.010194359813114600,0.023201005627761300,0.041083406097416900,0.067016641273019400,0.103301949768085000,0.155495316719057000,0.221841974979489000,0.288188633239921000,0.343626646297702000,0.399064659355483000,0.450866457345713000,0.499032040268393000,0.541037523106362000,0.576882905859620000,0.606568188528166000,0.630093371112002000,0.647458453611126000,0.662365353299082000,0.674814070175870000,0.684804604241490000,0.692336955495942000,0.697411123939225000,0.701238822480172000,0.703820051118783000,0.705154809855058000,0.705243098688996000,0.704084917620598000,0.702595060599831000,0.700773527626695000,0.698620318701189000,0.696135433823314000,0.693318872993070000,0.690150421720751000,0.686630080006357000,0.682757847849889000,0.678533725251347000,0.673957712210730000,0.669251576257485000,0.664415317391614000,0.659448935613116000,0.654352430921991000,0.649125803318239000,0.644319494959646000,0.639933505846212000,0.635967835977938000,0.632422485354823000,0.629297453976868000,0.625718300895653000,0.621685026111178000,0.617197629623445000,0.612256111432452000,0.606860471538199000,0.600205725996396000,0.592291874807043000,0.583118917970139000,0.572686855485685000,0.560995687353680000,0.547877727902578000,0.533332977132379000,0.517361435043083000,0.499963101634689000,0.481137976907198000,0.461361768574981000,0.440634476638038000,0.418956101096368000,0.396326641949972000,0.372746099198850000,0.348667817816963000,0.324091797804311000,0.299018039160894000,0.273446541886712000,0.247377305981765000,0.222197961923647000,0.197908509712358000,0.174508949347898000,0.151999280830267000,0.130379504159465000,0.108873969476450000,0.087482676781221900,0.066205626073780500,0.045042817354125800,0.023994250622258000,0.023994250622258000,0.023994250622258000,0.023994250622258000,0.023994250622258000,0.023994250622258000
2056,2,,0.000374157120116564,0.000712463751730658,0.001317976291591490,0.004613741609867040,0.010200865979861000,0.023215812797026000,0.041109626036234000,0.067059412123852400,0.103367878352394000,0.155594555756858000,0.222190444144842000,0.288786332532826000,0.344145053667232000,0.399503774801637000,0.451116773518183000,0.498984049816869000,0.540806592887264000,0.576584402729367000,0.606317479343178000,0.630005822728698000,0.647649432885925000,0.662704677207331000,0.675171555692916000,0.685050068342678000,0.692340215156618000,0.697041996134737000,0.700630814251482000,0.703106669506852000,0.704469561900848000,0.704719491433470000,0.703856458104717000,0.702632718895947000,0.701048273807159000,0.699103122838354000,0.696797265989531000,0.694130703260691000,0.691150055169793000,0.687855321716836000,0.684246502901822000,0.680323598724750000,0.676086609185619000,0.671658368538394000,0.667038876783075000,0.662228133919661000,0.657226139948153000,0.652032894868550000,0.647115848426874000,0.642475000623124000,0.638110351457300000,0.634021900929403000,0.630209649039433000,0.626054867028117000,0.621557554895458000,0.616717712641454000,0.611535340266105000,0.606010437769412000,0.599299590549224000,0.591402798605539000,0.582320061938359000,0.572051380547683000,0.560596754433511000,0.547695879747715000,0.533348756490295000,0.517555384661250000,0.500315764260581000,0.481629895288287000,0.461930360422908000,0.441217159664444000,0.419490293012895000,0.396749760468260000,0.372995562030540000,0.348789841570266000,0.324132599087437000,0.299023834582055000,0.273463548054119000,0.247451739503628000,0.222341522389631000,0.198132896712126000,0.174825862471114000,0.152420419666595000,0.130916568298569000,0.109491086611082000,0.088143974604133200,0.066875232277723300,0.045684859631852000,0.024572856666519400,0.024572856666519400,0.024572856666519400,0.024572856666519400,0.024572856666519400,0.024572856666519400
2057,2,,0.000374120789548259,0.000712394571668043,0.001317848316403770,0.004613293616642570,0.010199875478175100,0.023213558547067200,0.041105634301221000,0.067052900670717600,0.103357841355734000,0.155579447562113000,0.222375736284521000,0.289172025006929000,0.344410708807061000,0.399649392607193000,0.451035541433233000,0.498569155285181000,0.540177909575794000,0.575861804305071000,0.605620839473014000,0.629455015079622000,0.647364331124894000,0.662556930970540000,0.675032814616559000,0.684791982062951000,0.691834433309716000,0.696160168356854000,0.699507338123802000,0.701875942610559000,0.703265981817126000,0.703677455743501000,0.703110364389686000,0.702153786730610000,0.700807722766270000,0.699072172496669000,0.696947135921806000,0.694432613041680000,0.691642061265297000,0.688575480592656000,0.685232871023758000,0.681614232558602000,0.677719565197188000,0.673572626076175000,0.669173415195562000,0.664521932555349000,0.659618178155537000,0.654462151996125000,0.649437922815758000,0.644545490614437000,0.639784855392160000,0.635156017148927000,0.630658975884740000,0.625931308303157000,0.620973014404178000,0.615784094187803000,0.610364547654032000,0.604714374802865000,0.597952329702101000,0.590078412351738000,0.581092622751777000,0.570994960902219000,0.559785426803062000,0.547111239706924000,0.532972399613806000,0.517368906523707000,0.500300760436626000,0.481767961352565000,0.462159625524907000,0.441475752953651000,0.419716343638798000,0.396881397580348000,0.372970914778301000,0.348655483549088000,0.323935103892708000,0.298809775809161000,0.273279499298448000,0.247344274360569000,0.222321683883646000,0.198211727867681000,0.175014406312673000,0.152729719218621000,0.131357666585527000,0.110028034295666000,0.088740822349038000,0.067496030745643000,0.046293659485481100,0.025133708568552300,0.025133708568552300,0.025133708568552300,0.025133708568552300,0.025133708568552300,0.025133708568552300
2058,2,,0.000374040651014409,0.000712241973207624,0.001317566026739940,0.004612305426205190,0.010197690614117500,0.023208586087371400,0.041096829269910600,0.067038537605899500,0.103335701592054000,0.155546121670655000,0.222534924763420000,0.289523727856185000,0.344635941801206000,0.399748155746227000,0.450901506641999000,0.498095994488524000,0.539486153081072000,0.575071982419644000,0.604853482504240000,0.628830653334859000,0.647003494911503000,0.662331628076246000,0.674815052829087000,0.684453769170028000,0.691247777099067000,0.695197076616205000,0.698302281213973000,0.700563390892370000,0.701980405651397000,0.702553325491053000,0.702282150411338000,0.701592763178978000,0.700485163793970000,0.698959352256317000,0.697015328566017000,0.694653092723071000,0.692052904933463000,0.689214765197195000,0.686138673514265000,0.682824629884675000,0.679272634308423000,0.675407394863400000,0.671228911549605000,0.666737184367038000,0.661932213315699000,0.656813998395589000,0.651683208308705000,0.646539843055047000,0.641383902634616000,0.636215387047412000,0.631034296293434000,0.625734475204491000,0.620315923780584000,0.614778642021714000,0.609122629927878000,0.603347887499079000,0.596535452466166000,0.588685324829140000,0.579797504588000000,0.569871991742747000,0.558908786293381000,0.546462700699638000,0.532533734961518000,0.517121889079023000,0.500227163052150000,0.481849556880901000,0.462334688348270000,0.441682557454258000,0.419893164198864000,0.396966508582089000,0.372902590603932000,0.348480330726377000,0.323699728949424000,0.298560785273072000,0.273063499697322000,0.247207872222174000,0.222275811901700000,0.198267318735899000,0.175182392724772000,0.153021033868318000,0.131783242166539000,0.110551927692612000,0.089327090446539200,0.068108730428319500,0.046896847637953100,0.025691442075440000,0.025691442075440000,0.025691442075440000,0.025691442075440000,0.025691442075440000,0.025691442075440000
2059,2,,0.000373983585260019,0.000712133309549279,0.001317365011424970,0.004611601746837970,0.010196134796838500,0.023205045254390300,0.041090559305512500,0.067028309827952600,0.103319936113755000,0.155522390675771000,0.222707764491984000,0.289893138308196000,0.344882324058002000,0.399871509807807000,0.450795299535478000,0.497653693241012000,0.538827886211641000,0.574317878447363000,0.604123669948179000,0.628245260714090000,0.646682650745094000,0.662147211838582000,0.674638943994554000,0.684157847213009000,0.690703921493948000,0.694277166837371000,0.697140686305004000,0.699294479896848000,0.700738547612901000,0.701472889453165000,0.701497505417639000,0.701075168152293000,0.700205877657127000,0.698889633932141000,0.697126436977334000,0.694916286792707000,0.692506232987333000,0.689896275561211000,0.687086414514341000,0.684076649846723000,0.680866981558358000,0.677283100354931000,0.673325006236442000,0.668992699202891000,0.664286179254278000,0.659205446390603000,0.653967818386365000,0.648573295241566000,0.643021876956204000,0.637313563530280000,0.631448354963794000,0.625576263693695000,0.619697289719984000,0.613811433042660000,0.607918693661724000,0.602019071577175000,0.595155845400747000,0.587329015132440000,0.578538580772254000,0.568784542320188000,0.558066899776243000,0.545848065269842000,0.532128038800985000,0.516906820369671000,0.500184409975901000,0.481960807619675000,0.462538169858490000,0.441916496692346000,0.420095788121244000,0.397076044145184000,0.372857264764165000,0.348326710842891000,0.323484382381363000,0.298330279379582000,0.272864401837545000,0.247086749755255000,0.222243650409795000,0.198335103801165000,0.175361109929366000,0.153321668794398000,0.132216780396260000,0.111082439691341000,0.089918646679639000,0.068725401361155300,0.047502703735889600,0.026250553803842000,0.026250553803842000,0.026250553803842000,0.026250553803842000,0.026250553803842000,0.026250553803842000
2060,2,,0.000373972854009648,0.000712112875281188,0.001317327210370790,0.004611469419498190,0.010195842224437900,0.023204379398560400,0.041089380234833400,0.067026386487990400,0.103316971405820000,0.155517928047521000,0.222908158996774000,0.290298389946026000,0.345171381136207000,0.400044372326388000,0.450744950263545000,0.497273114947678000,0.538236481558079000,0.573635050094747000,0.603468820557683000,0.627737792946886000,0.646441967262357000,0.662044847102382000,0.674546432466961000,0.683946723356094000,0.690245719769782000,0.693443421708024000,0.696065654547407000,0.698112418287931000,0.699583712929597000,0.700479538472403000,0.700799894916351000,0.700644506900109000,0.700013374423680000,0.698906497487062000,0.697323876090256000,0.695265510233261000,0.693045257423528000,0.690663117661056000,0.688119090945847000,0.685413177277899000,0.682545376657213000,0.679242358773596000,0.675504123627048000,0.671330671217568000,0.666722001545158000,0.661678114609816000,0.656333019284840000,0.650686715570229000,0.644739203465984000,0.638490482972104000,0.631940554088589000,0.625495569007253000,0.619155527728095000,0.612920430251115000,0.606790276576314000,0.600765066703692000,0.593850208463875000,0.586045701856865000,0.577351546882662000,0.567767743541265000,0.557294291832674000,0.545301153714782000,0.531788329187589000,0.516755818251093000,0.500203620905297000,0.482131737150198000,0.462798907622569000,0.442205132322409000,0.420350411249717000,0.397234744404495000,0.372858131786741000,0.348216264928754000,0.323309143830534000,0.298136768492079000,0.272699138913391000,0.246996255094469000,0.222239023363419000,0.198427443720240000,0.175561516164932000,0.153641240697496000,0.132666617317930000,0.111626614961218000,0.090521233627357000,0.069350473316348600,0.048114334028192500,0.026812815762888700,0.026812815762888700,0.026812815762888700,0.026812815762888700,0.026812815762888700,0.026812815762888700
2061,2,,0.000374127058284521,0.000712406508491147,0.001317870398158540,0.004613370916599670,0.010200046386424700,0.023213947511488100,0.041106323063747800,0.067054024203442000,0.103359573210969000,0.155582054438159000,0.223000073130789000,0.290418091823418000,0.345437695304221000,0.400457298785023000,0.451344097195217000,0.498098090534802000,0.539178758076257000,0.574586099819581000,0.604320115764774000,0.628380805911837000,0.646768170260770000,0.662178569212702000,0.674612002767633000,0.684068470925563000,0.690547973686493000,0.694050511050422000,0.696780332650276000,0.698737438486056000,0.699921828557761000,0.700333502865392000,0.699972461408948000,0.699365015649111000,0.698511165585882000,0.697410911219260000,0.696064252549246000,0.694471189575839000,0.692656942162553000,0.690621510309389000,0.688364894016346000,0.685887093283425000,0.683188108110625000,0.680083062977248000,0.676571957883294000,0.672654792828762000,0.668331567813653000,0.663602282837967000,0.658515952217684000,0.653072575952804000,0.647272154043327000,0.641114686489254000,0.634600173290584000,0.628055727804281000,0.621481350030343000,0.614877039968772000,0.608242797619567000,0.601578622982728000,0.594131792698796000,0.585902306767771000,0.576890165189653000,0.567095367964441000,0.556517915092137000,0.544486241106271000,0.531000346006845000,0.516060229793858000,0.499665892467310000,0.481817334027201000,0.462683257901322000,0.442263664089672000,0.420558552592253000,0.397567923409063000,0.373291776540103000,0.348706293666839000,0.323811474789272000,0.298607319907401000,0.273093829021226000,0.247271002130748000,0.222427447537233000,0.198563165240681000,0.175678155241091000,0.153772417538465000,0.132845952132801000,0.111848899460751000,0.090781259522312400,0.069643032317486800,0.048434217846273700,0.027154816108673300,0.027154816108673300,0.027154816108673300,0.027154816108673300,0.027154816108673300,0.027154816108673300
2062,2,,0.000374112315558819,0.000712378435638595,0.001317818466598490,0.004613189123648640,0.010199644446809000,0.023213032750438200,0.041104703241732400,0.067051381894995800,0.103355500258204000,0.155575923623769000,0.222991285664507000,0.290406647705245000,0.345548064132416000,0.400689480559587000,0.451739581782235000,0.498698367800362000,0.539877822636750000,0.575277946291399000,0.604898738764311000,0.628740200055484000,0.646802330164919000,0.662013215105760000,0.674372854878006000,0.683881249481657000,0.690538398916715000,0.694344303183177000,0.697180520522417000,0.699047050934433000,0.699943894419225000,0.699871050976795000,0.698828520607141000,0.697769122924448000,0.696692857928714000,0.695599725619940000,0.694489725998127000,0.693362859063273000,0.691955588003947000,0.690267912820147000,0.688299833511875000,0.686051350079130000,0.683522462521912000,0.680616866609344000,0.677334562341426000,0.673675549718158000,0.669639828739540000,0.665227399405571000,0.660402227637591000,0.655164313435599000,0.649513656799595000,0.643450257729578000,0.636974116225550000,0.630333129567551000,0.623527297755581000,0.616556620789640000,0.609421098669728000,0.602120731395846000,0.594145094643803000,0.585494188413601000,0.576168012705238000,0.566166567518716000,0.555489852854034000,0.543425063700433000,0.529972200057912000,0.515131261926473000,0.498902249306114000,0.481285162196836000,0.462358557032431000,0.442122433812901000,0.420576792538244000,0.397721633208461000,0.373556955823551000,0.349038983967773000,0.324167717641125000,0.298943156843608000,0.273365301575222000,0.247434151835967000,0.222515464773467000,0.198609240387722000,0.175715478678733000,0.153834179646500000,0.132965343291021000,0.112020741324050000,0.091000373745583900,0.069904240555624500,0.048732341754171400,0.027484677341224600,0.027484677341224600,0.027484677341224600,0.027484677341224600,0.027484677341224600,0.027484677341224600
2063,2,,0.000374050501619641,0.000712260730565918,0.001317600725703170,0.004612426894285840,0.010197959176970900,0.023209197300668500,0.041097911581793900,0.067040303109642100,0.103338423005355000,0.155550218079523000,0.222954441195090000,0.290358664310656000,0.345614930361017000,0.400871196411378000,0.452078143440004000,0.499235771446894000,0.540508811788312000,0.575897264464256000,0.605401129474727000,0.629020406819725000,0.646755096499250000,0.661764594282499000,0.674048900169473000,0.683608014160172000,0.690441936254595000,0.694550666452742000,0.697492900881095000,0.699268639539652000,0.699877882428413000,0.699320629547380000,0.697596880896551000,0.696085757075866000,0.694787258085324000,0.693701383924926000,0.692828134594673000,0.692167510094562000,0.691167309186367000,0.689827531870087000,0.688148178145722000,0.686129248013272000,0.683770741472737000,0.681064919576823000,0.678011782325529000,0.674611329718857000,0.670863561756805000,0.666768478439373000,0.662205019230631000,0.657173184130579000,0.651672973139216000,0.645704386256542000,0.639267423482558000,0.632530751037465000,0.625494368921263000,0.618158277133952000,0.610522475675532000,0.602586964546003000,0.594083633101666000,0.585012481342521000,0.575373509268569000,0.565166716879809000,0.554392104176241000,0.542295724733197000,0.528877578550678000,0.514137665628683000,0.498075985967212000,0.480692539566265000,0.461975744427498000,0.441925600550912000,0.420542107936506000,0.397825266584280000,0.373775076494235000,0.349327686916603000,0.324483097851383000,0.299241309298576000,0.273602321258182000,0.247566133730200000,0.222575465069798000,0.198630315276975000,0.175730684351732000,0.153876572294067000,0.133067979103982000,0.112178452550450000,0.091207992633470400,0.070156599353044400,0.049024272709171300,0.027811012701851400,0.027811012701851400,0.027811012701851400,0.027811012701851400,0.027811012701851400,0.027811012701851400
2064,2,,0.000374002570429185,0.000712169460791961,0.001317431887080960,0.004611835853474560,0.010196652400689500,0.023206223251839900,0.041092645255939800,0.067031712500826700,0.103325181120602000,0.155530285725213000,0.222925871598905000,0.290321457472597000,0.345694587592826000,0.401067717713056000,0.452433362582132000,0.499791522200054000,0.541159650426487000,0.576537747261432000,0.605925812704889000,0.629323846756858000,0.646731849417338000,0.661540575463978000,0.673750024896777000,0.683360197715736000,0.690371093920854000,0.694782713512131000,0.697831042987019000,0.699516082345517000,0.699837831587625000,0.698796290713342000,0.696391459722670000,0.694428686265432000,0.692907970341627000,0.691829311951256000,0.691192711094319000,0.690998167770815000,0.690404880526897000,0.689412849362564000,0.688022074277817000,0.686232555272655000,0.684044292347078000,0.681538085570066000,0.678713934941619000,0.675571840461737000,0.672111802130419000,0.668333819947667000,0.664031827375378000,0.659205824413552000,0.653855811062188000,0.647981787321288000,0.641583753190851000,0.634751173325327000,0.627484047724717000,0.619782376389021000,0.611646159318238000,0.603075396512368000,0.594044209988119000,0.584552599745490000,0.574600565784480000,0.564188108105090000,0.553315226707321000,0.541186817875450000,0.527802881609479000,0.513163417909407000,0.497268426775234000,0.480117908206961000,0.461610167786742000,0.441745205514577000,0.420523021390466000,0.397943615414410000,0.374006987586408000,0.349629253410893000,0.324810412887866000,0.299550466017326000,0.273849412799274000,0.247707253233709000,0.222643697782946000,0.198658746446986000,0.175752399225829000,0.153924656119474000,0.133175517127921000,0.112340275537029000,0.091418931346798100,0.070411484557228300,0.049317935168319500,0.028138283180071700,0.028138283180071700,0.028138283180071700,0.028138283180071700,0.028138283180071700,0.028138283180071700
2065,2,,0.000374005430024249,0.000712174905985220,0.001317441960064470,0.004611871115218970,0.010196730363514300,0.023206400684849000,0.041092959447164300,0.067032225020176600,0.103325971137038000,0.155531474897889000,0.222927576073079000,0.290323677248268000,0.345821176355749000,0.401318675463231000,0.452849973881476000,0.500415071610485000,0.541883893553974000,0.577256439711944000,0.606532710084394000,0.629712704671324000,0.646796423472734000,0.661406412820231000,0.673542672713814000,0.683205203153483000,0.690394004139238000,0.695109075671080000,0.698263901334619000,0.699858481129856000,0.699892815056791000,0.698366903115424000,0.695280745305755000,0.692866110113131000,0.691122997537552000,0.690051407579018000,0.689651340237529000,0.689922795513084000,0.689736292340760000,0.689091830720556000,0.687989410652472000,0.686429032136508000,0.684410695172665000,0.682103739149265000,0.679508164066308000,0.676623969923795000,0.673451156721726000,0.669989724460100000,0.665948582860195000,0.661327731922010000,0.656127171645546000,0.650346902030803000,0.643986923077781000,0.637057519566866000,0.629558691498059000,0.621490438871360000,0.612852761686769000,0.603645659944285000,0.594085455619034000,0.584172148711016000,0.573905739220229000,0.563286227146676000,0.552313612490355000,0.540151531238348000,0.526799983390655000,0.512258968947276000,0.496528487908210000,0.479608540273458000,0.461307316254995000,0.441624815852819000,0.420561039066930000,0.398115985897330000,0.374289656344018000,0.349978258976980000,0.325181793796218000,0.299900260801731000,0.274133659993520000,0.247881991371584000,0.222742154586381000,0.198714149637912000,0.175797976526176000,0.153993635251174000,0.133301125812905000,0.112517333470590000,0.091642258224227500,0.070675900073818500,0.049618259019362800,0.028469335060860300,0.028469335060860300,0.028469335060860300,0.028469335060860300,0.028469335060860300,0.028469335060860300
2066,2,,0.000374089950602342,0.000712335848661247,0.001317739685570910,0.004612913340762910,0.010199034697825500,0.023211645042935500,0.041102245945191300,0.067047373469783800,0.103349321522117000,0.155566623077874000,0.222977954934159000,0.290389286790443000,0.345899327642859000,0.401409368495274000,0.452952312346399000,0.500528159196235000,0.542054017601730000,0.577529887562886000,0.606955769079702000,0.630331662152179000,0.647657566780315000,0.662413866656160000,0.674600561779713000,0.684217652150975000,0.691265137769945000,0.695743018636624000,0.698768517170336000,0.700341633371080000,0.700462367238858000,0.699130718773669000,0.696346687975513000,0.693979296209891000,0.692028543476804000,0.690494429776252000,0.689376955108234000,0.688676119472752000,0.687837211993753000,0.686860232671237000,0.685745181505206000,0.684492058495658000,0.683100863642594000,0.681332847739484000,0.679188010786327000,0.676666352783123000,0.673767873729872000,0.670492573626575000,0.666657621150432000,0.662263016301444000,0.657308759079611000,0.651794849484932000,0.645721287517408000,0.639027230701675000,0.631712679037734000,0.623777632525584000,0.615222091165225000,0.606046054956657000,0.596395312663419000,0.586269864285510000,0.575669709822930000,0.564594849275679000,0.553045282643758000,0.540406946408368000,0.526679840569507000,0.511863965127177000,0.495959320081377000,0.478965905432108000,0.460643960884241000,0.440993486437776000,0.420014482092714000,0.397706947849054000,0.374070883706796000,0.349922570542992000,0.325262008357643000,0.300089197150748000,0.274404136922307000,0.248206827672320000,0.223095705090022000,0.199070769175413000,0.176132019928494000,0.154279457349264000,0.133513081437723000,0.112675731701390000,0.091767408140264400,0.070788110754347100,0.049737839543637600,0.028616594508136100,0.028616594508136100,0.028616594508136100,0.028616594508136100,0.028616594508136100,0.028616594508136100
2067,2,,0.000374110035806933,0.000712374094573052,0.001317810436124730,0.004613161011966220,0.010199582292590400,0.023212891295711900,0.041104452759401700,0.067050973299747800,0.103354870434253000,0.155574975580920000,0.222989926808402000,0.290404878035883000,0.345917899269154000,0.401430920502426000,0.452976631737628000,0.500555032974760000,0.542130788521478000,0.577703898377783000,0.607274362543676000,0.630842181019154000,0.648407353804219000,0.663307462488867000,0.675542507073098000,0.685112487556912000,0.692017403940309000,0.696257256223288000,0.699152870135392000,0.700704245676620000,0.700911382846972000,0.699774281646448000,0.697292942075047000,0.694973214872546000,0.692815100038943000,0.690818597574239000,0.688983707478433000,0.687310429751526000,0.685819080045728000,0.684509658361037000,0.683382164697456000,0.682436599054982000,0.681672961433617000,0.680444341032058000,0.678750737850304000,0.676592151888357000,0.673968583146216000,0.670880031623881000,0.667251986736941000,0.663084448485395000,0.658377416869244000,0.653130891888488000,0.647344873543127000,0.640887382692123000,0.633758419335477000,0.625957983473189000,0.617486075105259000,0.608342694231687000,0.598603051556255000,0.588267147078964000,0.577334980799814000,0.565806552718804000,0.553681862835936000,0.540569316110460000,0.526468912542378000,0.511380652131689000,0.495304534878393000,0.478240560782490000,0.459901046943271000,0.440285993360734000,0.419395400034881000,0.397229266965710000,0.373787594153223000,0.349806571774087000,0.325286199828302000,0.300226478315869000,0.274627407236787000,0.248488986591056000,0.223410913111672000,0.199393186798635000,0.176435807651944000,0.154538775671599000,0.133702090857602000,0.112814759207743000,0.091876780722023100,0.070888155400442000,0.049848883242999700,0.028758964249696200,0.028758964249696200,0.028758964249696200,0.028758964249696200,0.028758964249696200,0.028758964249696200
2068,2,,0.000374083147714979,0.000712322894716521,0.001317715722257710,0.004612829454174090,0.010198849226699800,0.023211222935347500,0.041101498494079500,0.067046154202254800,0.103347442097684000,0.155563794073212000,0.222973900043325000,0.290384006013438000,0.345893037406618000,0.401402068799798000,0.452944075334000000,0.500519057009225000,0.542139488574009000,0.577805370028351000,0.607516701372252000,0.631273482605711000,0.649075713728730000,0.664117757762284000,0.676399614706374000,0.685921284561000000,0.692682767326163000,0.696684063001861000,0.699449431083561000,0.700978871571263000,0.701272384464967000,0.700329969764674000,0.698151627470382000,0.695879855227146000,0.693514653034966000,0.691056020893841000,0.688503958803773000,0.685858466764760000,0.683714873949506000,0.682073180358010000,0.680933385990272000,0.680295490846292000,0.680159494926071000,0.679470414481578000,0.678228249512813000,0.676433000019777000,0.674084666002469000,0.671183247460890000,0.667762561934670000,0.663822609423808000,0.659363389928304000,0.654384903448159000,0.648887149983372000,0.642667031592052000,0.635724548274198000,0.628059700029809000,0.619672486858887000,0.610562908761431000,0.600735590221553000,0.590190531239251000,0.578927731814527000,0.566947191947379000,0.554248911637809000,0.540663809445828000,0.526191885371434000,0.510833139414629000,0.494587571575412000,0.477455181853784000,0.459100401736148000,0.439523231222503000,0.418723670312850000,0.396701719007189000,0.373457377305520000,0.349646653705190000,0.325269548206200000,0.300326060808550000,0.274816191512240000,0.248739940317269000,0.223698064120929000,0.199690562923218000,0.176717436724138000,0.154778685523687000,0.133874309321866000,0.112939619262639000,0.091974615346003800,0.070979297571961900,0.049953665940512900,0.028897720451656700,0.028897720451656700,0.028897720451656700,0.028897720451656700,0.028897720451656700,0.028897720451656700
2069,2,,0.000374050521014852,0.000712260767497955,0.001317600794023210,0.004612427133448710,0.010197959705754000,0.023209198504108300,0.041097913712796600,0.067040306585805900,0.103338428363644000,0.155550226145090000,0.222954452755690000,0.290358679366290000,0.345862869385212000,0.401367059404135000,0.452904570559164000,0.500475402850301000,0.542139864373383000,0.577897955128410000,0.607749675115381000,0.631695024334298000,0.649734002785159000,0.664917728664128000,0.677246201971203000,0.686719422706387000,0.693337390869678000,0.697100106461076000,0.699735206978712000,0.701242692422586000,0.701622562792697000,0.700874818089046000,0.698999458311633000,0.696775668274824000,0.694203447978619000,0.691282797423018000,0.688013716608021000,0.684396205533628000,0.681600506278351000,0.679626618842188000,0.678474543225139000,0.678144279427206000,0.678635827448387000,0.678486211707663000,0.677695432205034000,0.676263488940499000,0.674190381914058000,0.671476111125713000,0.668262804486736000,0.664550461997127000,0.660339083656887000,0.655628669466016000,0.650419219424513000,0.644436531221409000,0.637680604856703000,0.630151440330395000,0.621849037642485000,0.612773396792973000,0.602858567204418000,0.592104548876819000,0.580511341810177000,0.568078946004491000,0.554807361459762000,0.540749987534202000,0.525906824227814000,0.510277871540595000,0.493863129472546000,0.476662598023667000,0.458292835836907000,0.438753842912266000,0.418045619249743000,0.396168164849338000,0.373121479711052000,0.349481393337533000,0.325247905728779000,0.300421016884792000,0.275000726805572000,0.248987035491118000,0.223981735259707000,0.199984826111339000,0.176996308046015000,0.155016181063734000,0.134044445164496000,0.113062725617036000,0.092071022421353000,0.071069335577447900,0.050057665085320400,0.029036010944970400,0.029036010944970400,0.029036010944970400,0.029036010944970400,0.029036010944970400,0.029036010944970400
2070,2,,0.000374050180233981,0.000712260118588701,0.001317599593615450,0.004612422931270540,0.010197950414844300,0.023209177359235000,0.041097876270306800,0.067040245508350400,0.103338334216576000,0.155550084430165000,0.222954249631758000,0.290358414833351000,0.345862554284863000,0.401366693736375000,0.452904157937860000,0.500474946889317000,0.542187030410101000,0.578040408500211000,0.608035081159647000,0.632171048388410000,0.650448310186498000,0.665775015881010000,0.678151165471946000,0.687576758959305000,0.694051796343087000,0.697576277623293000,0.700081349483856000,0.701567011924776000,0.702033264946054000,0.701480108547688000,0.699907542729680000,0.697731538742838000,0.694952096587162000,0.691569216262653000,0.687582897769311000,0.682993141107134000,0.679545151593749000,0.677238929229154000,0.676074474013351000,0.676051785946338000,0.677170865028116000,0.677560653535977000,0.677221151469923000,0.676152358829952000,0.674354275616065000,0.671826901828261000,0.668820678470784000,0.665335605543632000,0.661371683046807000,0.656928910980309000,0.652007289344136000,0.646261494059101000,0.639691525125202000,0.632297382542440000,0.624079066310815000,0.615036576430326000,0.605033387789699000,0.594069500388934000,0.582144914228031000,0.569259629306989000,0.555413645625809000,0.540882828342671000,0.525667177457575000,0.509766692970521000,0.493181374881509000,0.475911223190539000,0.457524894822542000,0.438022389777519000,0.417403708055470000,0.395668849656394000,0.372817814580293000,0.349346310099097000,0.325254336212808000,0.300541892921425000,0.275208980224949000,0.249255598123378000,0.224284712510041000,0.200296323384938000,0.177290430748068000,0.155267034599431000,0.134226134939028000,0.113195579186255000,0.092175367341114300,0.071165499403604500,0.050165975373725800,0.029176795251478400,0.029176795251478400,0.029176795251478400,0.029176795251478400,0.029176795251478400,0.029176795251478400
