04_1f_Rorei_Ichibu.csv,,,,,,,,,,,,,
4,1,60,13 ,0 ,0 ,0 ,0 ,0 ,0 ,0 ,0 ,0 ,0 
4,1,61,38 ,8 ,0 ,0 ,0 ,0 ,0 ,0 ,0 ,0 ,0 
4,1,62,16 ,4 ,0 ,0 ,0 ,0 ,0 ,0 ,0 ,0 ,0 
4,1,63,32 ,2 ,1 ,0 ,0 ,0 ,0 ,0 ,0 ,0 ,0 
4,1,64,6 ,3 ,0 ,0 ,0 ,0 ,0 ,0 ,0 ,0 ,0 
4,1,65,3 ,1 ,0 ,0 ,0 ,0 ,0 ,0 ,0 ,0 ,0 
4,1,66,2 ,1 ,0 ,0 ,0 ,0 ,0 ,0 ,0 ,0 ,0 
4,1,67,4 ,0 ,0 ,0 ,0 ,0 ,0 ,0 ,0 ,0 ,0 
4,1,68,11745 ,2215 ,1637 ,1176 ,0 ,0 ,0 ,0 ,0 ,0 ,0 
4,1,69,15149 ,2562 ,1959 ,1225 ,0 ,0 ,0 ,0 ,0 ,0 ,0 
4,1,70,15939 ,2507 ,1226 ,0 ,0 ,0 ,0 ,0 ,0 ,0 ,0 
4,1,71,16637 ,3133 ,1514 ,0 ,0 ,0 ,0 ,0 ,0 ,0 ,0 
4,1,72,18694 ,1739 ,0 ,0 ,0 ,0 ,0 ,0 ,0 ,0 ,0 
4,1,73,20396 ,1756 ,64 ,43 ,0 ,0 ,0 ,0 ,0 ,0 ,0 
4,1,74,15400 ,128 ,73 ,23 ,0 ,0 ,0 ,0 ,0 ,0 ,0 
4,1,75,12882 ,41 ,9 ,0 ,0 ,0 ,0 ,0 ,0 ,0 ,0 
4,1,76,402 ,40 ,7 ,0 ,0 ,0 ,0 ,0 ,0 ,0 ,0 
4,1,77,358 ,13 ,0 ,0 ,0 ,0 ,0 ,0 ,0 ,0 ,0 
4,1,78,364 ,18 ,0 ,0 ,0 ,0 ,0 ,0 ,0 ,0 ,0 
4,1,79,95 ,0 ,0 ,0 ,0 ,0 ,0 ,0 ,0 ,0 ,0 
4,1,80,108 ,0 ,0 ,0 ,0 ,0 ,0 ,0 ,0 ,0 ,0 
4,1,81,0 ,0 ,0 ,0 ,0 ,0 ,0 ,0 ,0 ,0 ,0 
4,1,82,0 ,0 ,0 ,0 ,0 ,0 ,0 ,0 ,0 ,0 ,0 
4,1,83,0 ,0 ,0 ,0 ,0 ,0 ,0 ,0 ,0 ,0 ,0 
4,1,84,0 ,0 ,0 ,0 ,0 ,0 ,0 ,0 ,0 ,0 ,0 
4,1,85,0 ,0 ,0 ,0 ,0 ,0 ,0 ,0 ,0 ,0 ,0 
4,1,86,0 ,0 ,0 ,0 ,0 ,0 ,0 ,0 ,0 ,0 ,0 
4,1,87,0 ,0 ,0 ,0 ,0 ,0 ,0 ,0 ,0 ,0 ,0 
4,1,88,0 ,0 ,0 ,0 ,0 ,0 ,0 ,0 ,0 ,0 ,0 
4,1,89,0 ,0 ,0 ,0 ,0 ,0 ,0 ,0 ,0 ,0 ,0 
4,1,90,0 ,0 ,0 ,0 ,0 ,0 ,0 ,0 ,0 ,0 ,0 
4,1,91,0 ,0 ,0 ,0 ,0 ,0 ,0 ,0 ,0 ,0 ,0 
4,1,92,0 ,0 ,0 ,0 ,0 ,0 ,0 ,0 ,0 ,0 ,0 
4,1,93,0 ,0 ,0 ,0 ,0 ,0 ,0 ,0 ,0 ,0 ,0 
4,1,94,0 ,0 ,0 ,0 ,0 ,0 ,0 ,0 ,0 ,0 ,0 
4,1,95,0 ,0 ,0 ,0 ,0 ,0 ,0 ,0 ,0 ,0 ,0 
4,1,96,0 ,0 ,0 ,0 ,0 ,0 ,0 ,0 ,0 ,0 ,0 
4,1,97,0 ,0 ,0 ,0 ,0 ,0 ,0 ,0 ,0 ,0 ,0 
4,1,98,0 ,0 ,0 ,0 ,0 ,0 ,0 ,0 ,0 ,0 ,0 
4,1,99,0 ,0 ,0 ,0 ,0 ,0 ,0 ,0 ,0 ,0 ,0 
4,1,100,0 ,0 ,0 ,0 ,0 ,0 ,0 ,0 ,0 ,0 ,0 
4,1,101,0 ,0 ,0 ,0 ,0 ,0 ,0 ,0 ,0 ,0 ,0 
4,1,102,0 ,0 ,0 ,0 ,0 ,0 ,0 ,0 ,0 ,0 ,0 
4,1,103,0 ,0 ,0 ,0 ,0 ,0 ,0 ,0 ,0 ,0 ,0 
4,1,104,0 ,0 ,0 ,0 ,0 ,0 ,0 ,0 ,0 ,0 ,0 
4,1,105,0 ,0 ,0 ,0 ,0 ,0 ,0 ,0 ,0 ,0 ,0 
4,1,106,0 ,0 ,0 ,0 ,0 ,0 ,0 ,0 ,0 ,0 ,0 
4,1,107,0 ,0 ,0 ,0 ,0 ,0 ,0 ,0 ,0 ,0 ,0 
4,1,108,0 ,0 ,0 ,0 ,0 ,0 ,0 ,0 ,0 ,0 ,0 
4,1,109,0 ,0 ,0 ,0 ,0 ,0 ,0 ,0 ,0 ,0 ,0 
4,1,110,0 ,0 ,0 ,0 ,0 ,0 ,0 ,0 ,0 ,0 ,0 
4,1,111,0 ,0 ,0 ,0 ,0 ,0 ,0 ,0 ,0 ,0 ,0 
4,1,112,0 ,0 ,0 ,0 ,0 ,0 ,0 ,0 ,0 ,0 ,0 
4,1,113,0 ,0 ,0 ,0 ,0 ,0 ,0 ,0 ,0 ,0 ,0 
4,1,114,0 ,0 ,0 ,0 ,0 ,0 ,0 ,0 ,0 ,0 ,0 
4,1,115,0 ,0 ,0 ,0 ,0 ,0 ,0 ,0 ,0 ,0 ,0 
4,2,60,121471 ,0 ,0 ,0 ,0 ,0 ,0 ,0 ,0 ,0 ,0 
4,2,61,876606 ,99409 ,0 ,0 ,0 ,0 ,0 ,0 ,0 ,0 ,0 
4,2,62,388583 ,81369 ,0 ,0 ,0 ,0 ,0 ,0 ,0 ,0 ,0 
4,2,63,454598 ,0 ,0 ,0 ,0 ,0 ,0 ,0 ,0 ,0 ,0 
4,2,64,347233 ,20604 ,0 ,0 ,0 ,0 ,0 ,0 ,0 ,0 ,0 
4,2,65,1017057 ,0 ,0 ,0 ,0 ,0 ,0 ,0 ,0 ,0 ,0 
4,2,66,71680 ,39761 ,0 ,0 ,0 ,0 ,0 ,0 ,0 ,0 ,0 
4,2,67,1529 ,0 ,0 ,0 ,0 ,0 ,0 ,0 ,0 ,0 ,0 
4,2,68,1275647316 ,259382501 ,223317485 ,199127596 ,0 ,0 ,0 ,0 ,0 ,0 ,0 
4,2,69,1717747603 ,328322527 ,281200057 ,223794960 ,0 ,0 ,0 ,0 ,0 ,0 ,0 
4,2,70,2035620266 ,352387694 ,205209795 ,0 ,0 ,0 ,0 ,0 ,0 ,0 ,0 
4,2,71,2214963253 ,475392376 ,271911136 ,0 ,0 ,0 ,0 ,0 ,0 ,0 ,0 
4,2,72,2875047786 ,296721710 ,0 ,0 ,0 ,0 ,0 ,0 ,0 ,0 ,0 
4,2,73,3123738764 ,318905647 ,4243473 ,3389569 ,0 ,0 ,0 ,0 ,0 ,0 ,0 
4,2,74,2810504328 ,6887960 ,2733770 ,1569968 ,0 ,0 ,0 ,0 ,0 ,0 ,0 
4,2,75,2358937902 ,1699332 ,403582 ,0 ,0 ,0 ,0 ,0 ,0 ,0 ,0 
4,2,76,11241573 ,1118974 ,461837 ,0 ,0 ,0 ,0 ,0 ,0 ,0 ,0 
4,2,77,11801290 ,13906 ,0 ,0 ,0 ,0 ,0 ,0 ,0 ,0 ,0 
4,2,78,12090212 ,798202 ,0 ,0 ,0 ,0 ,0 ,0 ,0 ,0 ,0 
4,2,79,3019613 ,0 ,0 ,0 ,0 ,0 ,0 ,0 ,0 ,0 ,0 
4,2,80,2320519 ,0 ,0 ,0 ,0 ,0 ,0 ,0 ,0 ,0 ,0 
4,2,81,0 ,0 ,0 ,0 ,0 ,0 ,0 ,0 ,0 ,0 ,0 
4,2,82,0 ,0 ,0 ,0 ,0 ,0 ,0 ,0 ,0 ,0 ,0 
4,2,83,0 ,0 ,0 ,0 ,0 ,0 ,0 ,0 ,0 ,0 ,0 
4,2,84,0 ,0 ,0 ,0 ,0 ,0 ,0 ,0 ,0 ,0 ,0 
4,2,85,0 ,0 ,0 ,0 ,0 ,0 ,0 ,0 ,0 ,0 ,0 
4,2,86,0 ,0 ,0 ,0 ,0 ,0 ,0 ,0 ,0 ,0 ,0 
4,2,87,0 ,0 ,0 ,0 ,0 ,0 ,0 ,0 ,0 ,0 ,0 
4,2,88,0 ,0 ,0 ,0 ,0 ,0 ,0 ,0 ,0 ,0 ,0 
4,2,89,0 ,0 ,0 ,0 ,0 ,0 ,0 ,0 ,0 ,0 ,0 
4,2,90,0 ,0 ,0 ,0 ,0 ,0 ,0 ,0 ,0 ,0 ,0 
4,2,91,0 ,0 ,0 ,0 ,0 ,0 ,0 ,0 ,0 ,0 ,0 
4,2,92,0 ,0 ,0 ,0 ,0 ,0 ,0 ,0 ,0 ,0 ,0 
4,2,93,0 ,0 ,0 ,0 ,0 ,0 ,0 ,0 ,0 ,0 ,0 
4,2,94,0 ,0 ,0 ,0 ,0 ,0 ,0 ,0 ,0 ,0 ,0 
4,2,95,0 ,0 ,0 ,0 ,0 ,0 ,0 ,0 ,0 ,0 ,0 
4,2,96,0 ,0 ,0 ,0 ,0 ,0 ,0 ,0 ,0 ,0 ,0 
4,2,97,0 ,0 ,0 ,0 ,0 ,0 ,0 ,0 ,0 ,0 ,0 
4,2,98,0 ,0 ,0 ,0 ,0 ,0 ,0 ,0 ,0 ,0 ,0 
4,2,99,0 ,0 ,0 ,0 ,0 ,0 ,0 ,0 ,0 ,0 ,0 
4,2,100,0 ,0 ,0 ,0 ,0 ,0 ,0 ,0 ,0 ,0 ,0 
4,2,101,0 ,0 ,0 ,0 ,0 ,0 ,0 ,0 ,0 ,0 ,0 
4,2,102,0 ,0 ,0 ,0 ,0 ,0 ,0 ,0 ,0 ,0 ,0 
4,2,103,0 ,0 ,0 ,0 ,0 ,0 ,0 ,0 ,0 ,0 ,0 
4,2,104,0 ,0 ,0 ,0 ,0 ,0 ,0 ,0 ,0 ,0 ,0 
4,2,105,0 ,0 ,0 ,0 ,0 ,0 ,0 ,0 ,0 ,0 ,0 
4,2,106,0 ,0 ,0 ,0 ,0 ,0 ,0 ,0 ,0 ,0 ,0 
4,2,107,0 ,0 ,0 ,0 ,0 ,0 ,0 ,0 ,0 ,0 ,0 
4,2,108,0 ,0 ,0 ,0 ,0 ,0 ,0 ,0 ,0 ,0 ,0 
4,2,109,0 ,0 ,0 ,0 ,0 ,0 ,0 ,0 ,0 ,0 ,0 
4,2,110,0 ,0 ,0 ,0 ,0 ,0 ,0 ,0 ,0 ,0 ,0 
4,2,111,0 ,0 ,0 ,0 ,0 ,0 ,0 ,0 ,0 ,0 ,0 
4,2,112,0 ,0 ,0 ,0 ,0 ,0 ,0 ,0 ,0 ,0 ,0 
4,2,113,0 ,0 ,0 ,0 ,0 ,0 ,0 ,0 ,0 ,0 ,0 
4,2,114,0 ,0 ,0 ,0 ,0 ,0 ,0 ,0 ,0 ,0 ,0 
4,2,115,0 ,0 ,0 ,0 ,0 ,0 ,0 ,0 ,0 ,0 ,0 
4,3,60,2087 ,0 ,0 ,0 ,0 ,0 ,0 ,0 ,0 ,0 ,0 
4,3,61,73984 ,12426 ,0 ,0 ,0 ,0 ,0 ,0 ,0 ,0 ,0 
4,3,62,14715 ,8434 ,0 ,0 ,0 ,0 ,0 ,0 ,0 ,0 ,0 
4,3,63,35157 ,0 ,0 ,0 ,0 ,0 ,0 ,0 ,0 ,0 ,0 
4,3,64,0 ,0 ,0 ,0 ,0 ,0 ,0 ,0 ,0 ,0 ,0 
4,3,65,0 ,0 ,0 ,0 ,0 ,0 ,0 ,0 ,0 ,0 ,0 
4,3,66,0 ,24468 ,0 ,0 ,0 ,0 ,0 ,0 ,0 ,0 ,0 
4,3,67,19986 ,0 ,0 ,0 ,0 ,0 ,0 ,0 ,0 ,0 ,0 
4,3,68,66652686 ,12228957 ,8587948 ,7643547 ,0 ,0 ,0 ,0 ,0 ,0 ,0 
4,3,69,81224094 ,15566222 ,10896914 ,7220653 ,0 ,0 ,0 ,0 ,0 ,0 ,0 
4,3,70,94346924 ,15196146 ,8638288 ,0 ,0 ,0 ,0 ,0 ,0 ,0 ,0 
4,3,71,109760634 ,21765759 ,9653692 ,0 ,0 ,0 ,0 ,0 ,0 ,0 ,0 
4,3,72,129022699 ,13901715 ,0 ,0 ,0 ,0 ,0 ,0 ,0 ,0 ,0 
4,3,73,135265186 ,11830281 ,54600 ,74414 ,0 ,0 ,0 ,0 ,0 ,0 ,0 
4,3,74,104304458 ,34070 ,176461 ,92769 ,0 ,0 ,0 ,0 ,0 ,0 ,0 
4,3,75,88116476 ,35008 ,0 ,0 ,0 ,0 ,0 ,0 ,0 ,0 ,0 
4,3,76,186402 ,3341 ,0 ,0 ,0 ,0 ,0 ,0 ,0 ,0 ,0 
4,3,77,457514 ,3568 ,0 ,0 ,0 ,0 ,0 ,0 ,0 ,0 ,0 
4,3,78,193121 ,62456 ,0 ,0 ,0 ,0 ,0 ,0 ,0 ,0 ,0 
4,3,79,0 ,0 ,0 ,0 ,0 ,0 ,0 ,0 ,0 ,0 ,0 
4,3,80,101814 ,0 ,0 ,0 ,0 ,0 ,0 ,0 ,0 ,0 ,0 
4,3,81,0 ,0 ,0 ,0 ,0 ,0 ,0 ,0 ,0 ,0 ,0 
4,3,82,0 ,0 ,0 ,0 ,0 ,0 ,0 ,0 ,0 ,0 ,0 
4,3,83,0 ,0 ,0 ,0 ,0 ,0 ,0 ,0 ,0 ,0 ,0 
4,3,84,0 ,0 ,0 ,0 ,0 ,0 ,0 ,0 ,0 ,0 ,0 
4,3,85,0 ,0 ,0 ,0 ,0 ,0 ,0 ,0 ,0 ,0 ,0 
4,3,86,0 ,0 ,0 ,0 ,0 ,0 ,0 ,0 ,0 ,0 ,0 
4,3,87,0 ,0 ,0 ,0 ,0 ,0 ,0 ,0 ,0 ,0 ,0 
4,3,88,0 ,0 ,0 ,0 ,0 ,0 ,0 ,0 ,0 ,0 ,0 
4,3,89,0 ,0 ,0 ,0 ,0 ,0 ,0 ,0 ,0 ,0 ,0 
4,3,90,0 ,0 ,0 ,0 ,0 ,0 ,0 ,0 ,0 ,0 ,0 
4,3,91,0 ,0 ,0 ,0 ,0 ,0 ,0 ,0 ,0 ,0 ,0 
4,3,92,0 ,0 ,0 ,0 ,0 ,0 ,0 ,0 ,0 ,0 ,0 
4,3,93,0 ,0 ,0 ,0 ,0 ,0 ,0 ,0 ,0 ,0 ,0 
4,3,94,0 ,0 ,0 ,0 ,0 ,0 ,0 ,0 ,0 ,0 ,0 
4,3,95,0 ,0 ,0 ,0 ,0 ,0 ,0 ,0 ,0 ,0 ,0 
4,3,96,0 ,0 ,0 ,0 ,0 ,0 ,0 ,0 ,0 ,0 ,0 
4,3,97,0 ,0 ,0 ,0 ,0 ,0 ,0 ,0 ,0 ,0 ,0 
4,3,98,0 ,0 ,0 ,0 ,0 ,0 ,0 ,0 ,0 ,0 ,0 
4,3,99,0 ,0 ,0 ,0 ,0 ,0 ,0 ,0 ,0 ,0 ,0 
4,3,100,0 ,0 ,0 ,0 ,0 ,0 ,0 ,0 ,0 ,0 ,0 
4,3,101,0 ,0 ,0 ,0 ,0 ,0 ,0 ,0 ,0 ,0 ,0 
4,3,102,0 ,0 ,0 ,0 ,0 ,0 ,0 ,0 ,0 ,0 ,0 
4,3,103,0 ,0 ,0 ,0 ,0 ,0 ,0 ,0 ,0 ,0 ,0 
4,3,104,0 ,0 ,0 ,0 ,0 ,0 ,0 ,0 ,0 ,0 ,0 
4,3,105,0 ,0 ,0 ,0 ,0 ,0 ,0 ,0 ,0 ,0 ,0 
4,3,106,0 ,0 ,0 ,0 ,0 ,0 ,0 ,0 ,0 ,0 ,0 
4,3,107,0 ,0 ,0 ,0 ,0 ,0 ,0 ,0 ,0 ,0 ,0 
4,3,108,0 ,0 ,0 ,0 ,0 ,0 ,0 ,0 ,0 ,0 ,0 
4,3,109,0 ,0 ,0 ,0 ,0 ,0 ,0 ,0 ,0 ,0 ,0 
4,3,110,0 ,0 ,0 ,0 ,0 ,0 ,0 ,0 ,0 ,0 ,0 
4,3,111,0 ,0 ,0 ,0 ,0 ,0 ,0 ,0 ,0 ,0 ,0 
4,3,112,0 ,0 ,0 ,0 ,0 ,0 ,0 ,0 ,0 ,0 ,0 
4,3,113,0 ,0 ,0 ,0 ,0 ,0 ,0 ,0 ,0 ,0 ,0 
4,3,114,0 ,0 ,0 ,0 ,0 ,0 ,0 ,0 ,0 ,0 ,0 
4,3,115,0 ,0 ,0 ,0 ,0 ,0 ,0 ,0 ,0 ,0 ,0 
4,4,60,0 ,0 ,0 ,0 ,0 ,0 ,0 ,0 ,0 ,0 ,0 
4,4,61,0 ,0 ,0 ,0 ,0 ,0 ,0 ,0 ,0 ,0 ,0 
4,4,62,150 ,0 ,0 ,0 ,0 ,0 ,0 ,0 ,0 ,0 ,0 
4,4,63,0 ,0 ,0 ,0 ,0 ,0 ,0 ,0 ,0 ,0 ,0 
4,4,64,0 ,0 ,0 ,0 ,0 ,0 ,0 ,0 ,0 ,0 ,0 
4,4,65,0 ,0 ,0 ,0 ,0 ,0 ,0 ,0 ,0 ,0 ,0 
4,4,66,0 ,0 ,0 ,0 ,0 ,0 ,0 ,0 ,0 ,0 ,0 
4,4,67,0 ,0 ,0 ,0 ,0 ,0 ,0 ,0 ,0 ,0 ,0 
4,4,68,812381 ,109041 ,105619 ,64940 ,0 ,0 ,0 ,0 ,0 ,0 ,0 
4,4,69,1074256 ,238222 ,178509 ,119270 ,0 ,0 ,0 ,0 ,0 ,0 ,0 
4,4,70,1362226 ,192573 ,82614 ,0 ,0 ,0 ,0 ,0 ,0 ,0 ,0 
4,4,71,1821633 ,329079 ,160761 ,0 ,0 ,0 ,0 ,0 ,0 ,0 ,0 
4,4,72,2535475 ,149089 ,0 ,0 ,0 ,0 ,0 ,0 ,0 ,0 ,0 
4,4,73,1953881 ,111322 ,0 ,0 ,0 ,0 ,0 ,0 ,0 ,0 ,0 
4,4,74,820186 ,3438 ,0 ,0 ,0 ,0 ,0 ,0 ,0 ,0 ,0 
4,4,75,162362 ,0 ,0 ,0 ,0 ,0 ,0 ,0 ,0 ,0 ,0 
4,4,76,0 ,0 ,0 ,0 ,0 ,0 ,0 ,0 ,0 ,0 ,0 
4,4,77,0 ,0 ,0 ,0 ,0 ,0 ,0 ,0 ,0 ,0 ,0 
4,4,78,0 ,0 ,0 ,0 ,0 ,0 ,0 ,0 ,0 ,0 ,0 
4,4,79,0 ,0 ,0 ,0 ,0 ,0 ,0 ,0 ,0 ,0 ,0 
4,4,80,0 ,0 ,0 ,0 ,0 ,0 ,0 ,0 ,0 ,0 ,0 
4,4,81,0 ,0 ,0 ,0 ,0 ,0 ,0 ,0 ,0 ,0 ,0 
4,4,82,0 ,0 ,0 ,0 ,0 ,0 ,0 ,0 ,0 ,0 ,0 
4,4,83,0 ,0 ,0 ,0 ,0 ,0 ,0 ,0 ,0 ,0 ,0 
4,4,84,0 ,0 ,0 ,0 ,0 ,0 ,0 ,0 ,0 ,0 ,0 
4,4,85,0 ,0 ,0 ,0 ,0 ,0 ,0 ,0 ,0 ,0 ,0 
4,4,86,0 ,0 ,0 ,0 ,0 ,0 ,0 ,0 ,0 ,0 ,0 
4,4,87,0 ,0 ,0 ,0 ,0 ,0 ,0 ,0 ,0 ,0 ,0 
4,4,88,0 ,0 ,0 ,0 ,0 ,0 ,0 ,0 ,0 ,0 ,0 
4,4,89,0 ,0 ,0 ,0 ,0 ,0 ,0 ,0 ,0 ,0 ,0 
4,4,90,0 ,0 ,0 ,0 ,0 ,0 ,0 ,0 ,0 ,0 ,0 
4,4,91,0 ,0 ,0 ,0 ,0 ,0 ,0 ,0 ,0 ,0 ,0 
4,4,92,0 ,0 ,0 ,0 ,0 ,0 ,0 ,0 ,0 ,0 ,0 
4,4,93,0 ,0 ,0 ,0 ,0 ,0 ,0 ,0 ,0 ,0 ,0 
4,4,94,0 ,0 ,0 ,0 ,0 ,0 ,0 ,0 ,0 ,0 ,0 
4,4,95,0 ,0 ,0 ,0 ,0 ,0 ,0 ,0 ,0 ,0 ,0 
4,4,96,0 ,0 ,0 ,0 ,0 ,0 ,0 ,0 ,0 ,0 ,0 
4,4,97,0 ,0 ,0 ,0 ,0 ,0 ,0 ,0 ,0 ,0 ,0 
4,4,98,0 ,0 ,0 ,0 ,0 ,0 ,0 ,0 ,0 ,0 ,0 
4,4,99,0 ,0 ,0 ,0 ,0 ,0 ,0 ,0 ,0 ,0 ,0 
4,4,100,0 ,0 ,0 ,0 ,0 ,0 ,0 ,0 ,0 ,0 ,0 
4,4,101,0 ,0 ,0 ,0 ,0 ,0 ,0 ,0 ,0 ,0 ,0 
4,4,102,0 ,0 ,0 ,0 ,0 ,0 ,0 ,0 ,0 ,0 ,0 
4,4,103,0 ,0 ,0 ,0 ,0 ,0 ,0 ,0 ,0 ,0 ,0 
4,4,104,0 ,0 ,0 ,0 ,0 ,0 ,0 ,0 ,0 ,0 ,0 
4,4,105,0 ,0 ,0 ,0 ,0 ,0 ,0 ,0 ,0 ,0 ,0 
4,4,106,0 ,0 ,0 ,0 ,0 ,0 ,0 ,0 ,0 ,0 ,0 
4,4,107,0 ,0 ,0 ,0 ,0 ,0 ,0 ,0 ,0 ,0 ,0 
4,4,108,0 ,0 ,0 ,0 ,0 ,0 ,0 ,0 ,0 ,0 ,0 
4,4,109,0 ,0 ,0 ,0 ,0 ,0 ,0 ,0 ,0 ,0 ,0 
4,4,110,0 ,0 ,0 ,0 ,0 ,0 ,0 ,0 ,0 ,0 ,0 
4,4,111,0 ,0 ,0 ,0 ,0 ,0 ,0 ,0 ,0 ,0 ,0 
4,4,112,0 ,0 ,0 ,0 ,0 ,0 ,0 ,0 ,0 ,0 ,0 
4,4,113,0 ,0 ,0 ,0 ,0 ,0 ,0 ,0 ,0 ,0 ,0 
4,4,114,0 ,0 ,0 ,0 ,0 ,0 ,0 ,0 ,0 ,0 ,0 
4,4,115,0 ,0 ,0 ,0 ,0 ,0 ,0 ,0 ,0 ,0 ,0 
4,5,60,0 ,0 ,0 ,0 ,0 ,0 ,0 ,0 ,0 ,0 ,0 
4,5,61,792 ,0 ,0 ,0 ,0 ,0 ,0 ,0 ,0 ,0 ,0 
4,5,62,0 ,127 ,0 ,0 ,0 ,0 ,0 ,0 ,0 ,0 ,0 
4,5,63,0 ,0 ,0 ,0 ,0 ,0 ,0 ,0 ,0 ,0 ,0 
4,5,64,0 ,0 ,0 ,0 ,0 ,0 ,0 ,0 ,0 ,0 ,0 
4,5,65,0 ,0 ,0 ,0 ,0 ,0 ,0 ,0 ,0 ,0 ,0 
4,5,66,0 ,0 ,0 ,0 ,0 ,0 ,0 ,0 ,0 ,0 ,0 
4,5,67,0 ,0 ,0 ,0 ,0 ,0 ,0 ,0 ,0 ,0 ,0 
4,5,68,942593 ,189526 ,228590 ,153416 ,0 ,0 ,0 ,0 ,0 ,0 ,0 
4,5,69,1308709 ,280229 ,184376 ,110969 ,0 ,0 ,0 ,0 ,0 ,0 ,0 
4,5,70,1510847 ,282307 ,78844 ,0 ,0 ,0 ,0 ,0 ,0 ,0 ,0 
4,5,71,2093683 ,469946 ,218410 ,0 ,0 ,0 ,0 ,0 ,0 ,0 ,0 
4,5,72,2688504 ,153334 ,0 ,0 ,0 ,0 ,0 ,0 ,0 ,0 ,0 
4,5,73,2888297 ,203437 ,260 ,0 ,0 ,0 ,0 ,0 ,0 ,0 ,0 
4,5,74,2215044 ,0 ,1983 ,3059 ,0 ,0 ,0 ,0 ,0 ,0 ,0 
4,5,75,1879352 ,0 ,0 ,0 ,0 ,0 ,0 ,0 ,0 ,0 ,0 
4,5,76,9957 ,0 ,0 ,0 ,0 ,0 ,0 ,0 ,0 ,0 ,0 
4,5,77,4671 ,0 ,0 ,0 ,0 ,0 ,0 ,0 ,0 ,0 ,0 
4,5,78,0 ,0 ,0 ,0 ,0 ,0 ,0 ,0 ,0 ,0 ,0 
4,5,79,0 ,0 ,0 ,0 ,0 ,0 ,0 ,0 ,0 ,0 ,0 
4,5,80,0 ,0 ,0 ,0 ,0 ,0 ,0 ,0 ,0 ,0 ,0 
4,5,81,0 ,0 ,0 ,0 ,0 ,0 ,0 ,0 ,0 ,0 ,0 
4,5,82,0 ,0 ,0 ,0 ,0 ,0 ,0 ,0 ,0 ,0 ,0 
4,5,83,0 ,0 ,0 ,0 ,0 ,0 ,0 ,0 ,0 ,0 ,0 
4,5,84,0 ,0 ,0 ,0 ,0 ,0 ,0 ,0 ,0 ,0 ,0 
4,5,85,0 ,0 ,0 ,0 ,0 ,0 ,0 ,0 ,0 ,0 ,0 
4,5,86,0 ,0 ,0 ,0 ,0 ,0 ,0 ,0 ,0 ,0 ,0 
4,5,87,0 ,0 ,0 ,0 ,0 ,0 ,0 ,0 ,0 ,0 ,0 
4,5,88,0 ,0 ,0 ,0 ,0 ,0 ,0 ,0 ,0 ,0 ,0 
4,5,89,0 ,0 ,0 ,0 ,0 ,0 ,0 ,0 ,0 ,0 ,0 
4,5,90,0 ,0 ,0 ,0 ,0 ,0 ,0 ,0 ,0 ,0 ,0 
4,5,91,0 ,0 ,0 ,0 ,0 ,0 ,0 ,0 ,0 ,0 ,0 
4,5,92,0 ,0 ,0 ,0 ,0 ,0 ,0 ,0 ,0 ,0 ,0 
4,5,93,0 ,0 ,0 ,0 ,0 ,0 ,0 ,0 ,0 ,0 ,0 
4,5,94,0 ,0 ,0 ,0 ,0 ,0 ,0 ,0 ,0 ,0 ,0 
4,5,95,0 ,0 ,0 ,0 ,0 ,0 ,0 ,0 ,0 ,0 ,0 
4,5,96,0 ,0 ,0 ,0 ,0 ,0 ,0 ,0 ,0 ,0 ,0 
4,5,97,0 ,0 ,0 ,0 ,0 ,0 ,0 ,0 ,0 ,0 ,0 
4,5,98,0 ,0 ,0 ,0 ,0 ,0 ,0 ,0 ,0 ,0 ,0 
4,5,99,0 ,0 ,0 ,0 ,0 ,0 ,0 ,0 ,0 ,0 ,0 
4,5,100,0 ,0 ,0 ,0 ,0 ,0 ,0 ,0 ,0 ,0 ,0 
4,5,101,0 ,0 ,0 ,0 ,0 ,0 ,0 ,0 ,0 ,0 ,0 
4,5,102,0 ,0 ,0 ,0 ,0 ,0 ,0 ,0 ,0 ,0 ,0 
4,5,103,0 ,0 ,0 ,0 ,0 ,0 ,0 ,0 ,0 ,0 ,0 
4,5,104,0 ,0 ,0 ,0 ,0 ,0 ,0 ,0 ,0 ,0 ,0 
4,5,105,0 ,0 ,0 ,0 ,0 ,0 ,0 ,0 ,0 ,0 ,0 
4,5,106,0 ,0 ,0 ,0 ,0 ,0 ,0 ,0 ,0 ,0 ,0 
4,5,107,0 ,0 ,0 ,0 ,0 ,0 ,0 ,0 ,0 ,0 ,0 
4,5,108,0 ,0 ,0 ,0 ,0 ,0 ,0 ,0 ,0 ,0 ,0 
4,5,109,0 ,0 ,0 ,0 ,0 ,0 ,0 ,0 ,0 ,0 ,0 
4,5,110,0 ,0 ,0 ,0 ,0 ,0 ,0 ,0 ,0 ,0 ,0 
4,5,111,0 ,0 ,0 ,0 ,0 ,0 ,0 ,0 ,0 ,0 ,0 
4,5,112,0 ,0 ,0 ,0 ,0 ,0 ,0 ,0 ,0 ,0 ,0 
4,5,113,0 ,0 ,0 ,0 ,0 ,0 ,0 ,0 ,0 ,0 ,0 
4,5,114,0 ,0 ,0 ,0 ,0 ,0 ,0 ,0 ,0 ,0 ,0 
4,5,115,0 ,0 ,0 ,0 ,0 ,0 ,0 ,0 ,0 ,0 ,0 
4,6,60,0 ,0 ,0 ,0 ,0 ,0 ,0 ,0 ,0 ,0 ,0 
4,6,61,0 ,0 ,0 ,0 ,0 ,0 ,0 ,0 ,0 ,0 ,0 
4,6,62,0 ,0 ,0 ,0 ,0 ,0 ,0 ,0 ,0 ,0 ,0 
4,6,63,0 ,0 ,0 ,0 ,0 ,0 ,0 ,0 ,0 ,0 ,0 
4,6,64,0 ,0 ,0 ,0 ,0 ,0 ,0 ,0 ,0 ,0 ,0 
4,6,65,0 ,0 ,0 ,0 ,0 ,0 ,0 ,0 ,0 ,0 ,0 
4,6,66,0 ,0 ,0 ,0 ,0 ,0 ,0 ,0 ,0 ,0 ,0 
4,6,67,0 ,0 ,0 ,0 ,0 ,0 ,0 ,0 ,0 ,0 ,0 
4,6,68,34795 ,8185 ,7225 ,7572 ,0 ,0 ,0 ,0 ,0 ,0 ,0 
4,6,69,45884 ,13316 ,8483 ,1041 ,0 ,0 ,0 ,0 ,0 ,0 ,0 
4,6,70,57264 ,8360 ,4900 ,0 ,0 ,0 ,0 ,0 ,0 ,0 ,0 
4,6,71,84477 ,9128 ,5901 ,0 ,0 ,0 ,0 ,0 ,0 ,0 ,0 
4,6,72,118644 ,8363 ,0 ,0 ,0 ,0 ,0 ,0 ,0 ,0 ,0 
4,6,73,114888 ,7179 ,0 ,0 ,0 ,0 ,0 ,0 ,0 ,0 ,0 
4,6,74,38666 ,0 ,0 ,0 ,0 ,0 ,0 ,0 ,0 ,0 ,0 
4,6,75,5008 ,0 ,0 ,0 ,0 ,0 ,0 ,0 ,0 ,0 ,0 
4,6,76,0 ,0 ,0 ,0 ,0 ,0 ,0 ,0 ,0 ,0 ,0 
4,6,77,0 ,0 ,0 ,0 ,0 ,0 ,0 ,0 ,0 ,0 ,0 
4,6,78,0 ,0 ,0 ,0 ,0 ,0 ,0 ,0 ,0 ,0 ,0 
4,6,79,0 ,0 ,0 ,0 ,0 ,0 ,0 ,0 ,0 ,0 ,0 
4,6,80,0 ,0 ,0 ,0 ,0 ,0 ,0 ,0 ,0 ,0 ,0 
4,6,81,0 ,0 ,0 ,0 ,0 ,0 ,0 ,0 ,0 ,0 ,0 
4,6,82,0 ,0 ,0 ,0 ,0 ,0 ,0 ,0 ,0 ,0 ,0 
4,6,83,0 ,0 ,0 ,0 ,0 ,0 ,0 ,0 ,0 ,0 ,0 
4,6,84,0 ,0 ,0 ,0 ,0 ,0 ,0 ,0 ,0 ,0 ,0 
4,6,85,0 ,0 ,0 ,0 ,0 ,0 ,0 ,0 ,0 ,0 ,0 
4,6,86,0 ,0 ,0 ,0 ,0 ,0 ,0 ,0 ,0 ,0 ,0 
4,6,87,0 ,0 ,0 ,0 ,0 ,0 ,0 ,0 ,0 ,0 ,0 
4,6,88,0 ,0 ,0 ,0 ,0 ,0 ,0 ,0 ,0 ,0 ,0 
4,6,89,0 ,0 ,0 ,0 ,0 ,0 ,0 ,0 ,0 ,0 ,0 
4,6,90,0 ,0 ,0 ,0 ,0 ,0 ,0 ,0 ,0 ,0 ,0 
4,6,91,0 ,0 ,0 ,0 ,0 ,0 ,0 ,0 ,0 ,0 ,0 
4,6,92,0 ,0 ,0 ,0 ,0 ,0 ,0 ,0 ,0 ,0 ,0 
4,6,93,0 ,0 ,0 ,0 ,0 ,0 ,0 ,0 ,0 ,0 ,0 
4,6,94,0 ,0 ,0 ,0 ,0 ,0 ,0 ,0 ,0 ,0 ,0 
4,6,95,0 ,0 ,0 ,0 ,0 ,0 ,0 ,0 ,0 ,0 ,0 
4,6,96,0 ,0 ,0 ,0 ,0 ,0 ,0 ,0 ,0 ,0 ,0 
4,6,97,0 ,0 ,0 ,0 ,0 ,0 ,0 ,0 ,0 ,0 ,0 
4,6,98,0 ,0 ,0 ,0 ,0 ,0 ,0 ,0 ,0 ,0 ,0 
4,6,99,0 ,0 ,0 ,0 ,0 ,0 ,0 ,0 ,0 ,0 ,0 
4,6,100,0 ,0 ,0 ,0 ,0 ,0 ,0 ,0 ,0 ,0 ,0 
4,6,101,0 ,0 ,0 ,0 ,0 ,0 ,0 ,0 ,0 ,0 ,0 
4,6,102,0 ,0 ,0 ,0 ,0 ,0 ,0 ,0 ,0 ,0 ,0 
4,6,103,0 ,0 ,0 ,0 ,0 ,0 ,0 ,0 ,0 ,0 ,0 
4,6,104,0 ,0 ,0 ,0 ,0 ,0 ,0 ,0 ,0 ,0 ,0 
4,6,105,0 ,0 ,0 ,0 ,0 ,0 ,0 ,0 ,0 ,0 ,0 
4,6,106,0 ,0 ,0 ,0 ,0 ,0 ,0 ,0 ,0 ,0 ,0 
4,6,107,0 ,0 ,0 ,0 ,0 ,0 ,0 ,0 ,0 ,0 ,0 
4,6,108,0 ,0 ,0 ,0 ,0 ,0 ,0 ,0 ,0 ,0 ,0 
4,6,109,0 ,0 ,0 ,0 ,0 ,0 ,0 ,0 ,0 ,0 ,0 
4,6,110,0 ,0 ,0 ,0 ,0 ,0 ,0 ,0 ,0 ,0 ,0 
4,6,111,0 ,0 ,0 ,0 ,0 ,0 ,0 ,0 ,0 ,0 ,0 
4,6,112,0 ,0 ,0 ,0 ,0 ,0 ,0 ,0 ,0 ,0 ,0 
4,6,113,0 ,0 ,0 ,0 ,0 ,0 ,0 ,0 ,0 ,0 ,0 
4,6,114,0 ,0 ,0 ,0 ,0 ,0 ,0 ,0 ,0 ,0 ,0 
4,6,115,0 ,0 ,0 ,0 ,0 ,0 ,0 ,0 ,0 ,0 ,0 
4,7,60,0 ,0 ,0 ,0 ,0 ,0 ,0 ,0 ,0 ,0 ,0 
4,7,61,0 ,0 ,0 ,0 ,0 ,0 ,0 ,0 ,0 ,0 ,0 
4,7,62,0 ,0 ,0 ,0 ,0 ,0 ,0 ,0 ,0 ,0 ,0 
4,7,63,0 ,0 ,0 ,0 ,0 ,0 ,0 ,0 ,0 ,0 ,0 
4,7,64,0 ,0 ,0 ,0 ,0 ,0 ,0 ,0 ,0 ,0 ,0 
4,7,65,0 ,0 ,0 ,0 ,0 ,0 ,0 ,0 ,0 ,0 ,0 
4,7,66,0 ,0 ,0 ,0 ,0 ,0 ,0 ,0 ,0 ,0 ,0 
4,7,67,0 ,0 ,0 ,0 ,0 ,0 ,0 ,0 ,0 ,0 ,0 
4,7,68,0 ,0 ,0 ,0 ,0 ,0 ,0 ,0 ,0 ,0 ,0 
4,7,69,0 ,0 ,0 ,0 ,0 ,0 ,0 ,0 ,0 ,0 ,0 
4,7,70,0 ,0 ,0 ,0 ,0 ,0 ,0 ,0 ,0 ,0 ,0 
4,7,71,0 ,0 ,0 ,0 ,0 ,0 ,0 ,0 ,0 ,0 ,0 
4,7,72,0 ,0 ,0 ,0 ,0 ,0 ,0 ,0 ,0 ,0 ,0 
4,7,73,0 ,0 ,0 ,0 ,0 ,0 ,0 ,0 ,0 ,0 ,0 
4,7,74,0 ,0 ,0 ,0 ,0 ,0 ,0 ,0 ,0 ,0 ,0 
4,7,75,0 ,0 ,0 ,0 ,0 ,0 ,0 ,0 ,0 ,0 ,0 
4,7,76,0 ,0 ,0 ,0 ,0 ,0 ,0 ,0 ,0 ,0 ,0 
4,7,77,0 ,0 ,0 ,0 ,0 ,0 ,0 ,0 ,0 ,0 ,0 
4,7,78,0 ,0 ,0 ,0 ,0 ,0 ,0 ,0 ,0 ,0 ,0 
4,7,79,0 ,0 ,0 ,0 ,0 ,0 ,0 ,0 ,0 ,0 ,0 
4,7,80,0 ,0 ,0 ,0 ,0 ,0 ,0 ,0 ,0 ,0 ,0 
4,7,81,0 ,0 ,0 ,0 ,0 ,0 ,0 ,0 ,0 ,0 ,0 
4,7,82,0 ,0 ,0 ,0 ,0 ,0 ,0 ,0 ,0 ,0 ,0 
4,7,83,0 ,0 ,0 ,0 ,0 ,0 ,0 ,0 ,0 ,0 ,0 
4,7,84,0 ,0 ,0 ,0 ,0 ,0 ,0 ,0 ,0 ,0 ,0 
4,7,85,0 ,0 ,0 ,0 ,0 ,0 ,0 ,0 ,0 ,0 ,0 
4,7,86,0 ,0 ,0 ,0 ,0 ,0 ,0 ,0 ,0 ,0 ,0 
4,7,87,0 ,0 ,0 ,0 ,0 ,0 ,0 ,0 ,0 ,0 ,0 
4,7,88,0 ,0 ,0 ,0 ,0 ,0 ,0 ,0 ,0 ,0 ,0 
4,7,89,0 ,0 ,0 ,0 ,0 ,0 ,0 ,0 ,0 ,0 ,0 
4,7,90,0 ,0 ,0 ,0 ,0 ,0 ,0 ,0 ,0 ,0 ,0 
4,7,91,0 ,0 ,0 ,0 ,0 ,0 ,0 ,0 ,0 ,0 ,0 
4,7,92,0 ,0 ,0 ,0 ,0 ,0 ,0 ,0 ,0 ,0 ,0 
4,7,93,0 ,0 ,0 ,0 ,0 ,0 ,0 ,0 ,0 ,0 ,0 
4,7,94,0 ,0 ,0 ,0 ,0 ,0 ,0 ,0 ,0 ,0 ,0 
4,7,95,0 ,0 ,0 ,0 ,0 ,0 ,0 ,0 ,0 ,0 ,0 
4,7,96,0 ,0 ,0 ,0 ,0 ,0 ,0 ,0 ,0 ,0 ,0 
4,7,97,0 ,0 ,0 ,0 ,0 ,0 ,0 ,0 ,0 ,0 ,0 
4,7,98,0 ,0 ,0 ,0 ,0 ,0 ,0 ,0 ,0 ,0 ,0 
4,7,99,0 ,0 ,0 ,0 ,0 ,0 ,0 ,0 ,0 ,0 ,0 
4,7,100,0 ,0 ,0 ,0 ,0 ,0 ,0 ,0 ,0 ,0 ,0 
4,7,101,0 ,0 ,0 ,0 ,0 ,0 ,0 ,0 ,0 ,0 ,0 
4,7,102,0 ,0 ,0 ,0 ,0 ,0 ,0 ,0 ,0 ,0 ,0 
4,7,103,0 ,0 ,0 ,0 ,0 ,0 ,0 ,0 ,0 ,0 ,0 
4,7,104,0 ,0 ,0 ,0 ,0 ,0 ,0 ,0 ,0 ,0 ,0 
4,7,105,0 ,0 ,0 ,0 ,0 ,0 ,0 ,0 ,0 ,0 ,0 
4,7,106,0 ,0 ,0 ,0 ,0 ,0 ,0 ,0 ,0 ,0 ,0 
4,7,107,0 ,0 ,0 ,0 ,0 ,0 ,0 ,0 ,0 ,0 ,0 
4,7,108,0 ,0 ,0 ,0 ,0 ,0 ,0 ,0 ,0 ,0 ,0 
4,7,109,0 ,0 ,0 ,0 ,0 ,0 ,0 ,0 ,0 ,0 ,0 
4,7,110,0 ,0 ,0 ,0 ,0 ,0 ,0 ,0 ,0 ,0 ,0 
4,7,111,0 ,0 ,0 ,0 ,0 ,0 ,0 ,0 ,0 ,0 ,0 
4,7,112,0 ,0 ,0 ,0 ,0 ,0 ,0 ,0 ,0 ,0 ,0 
4,7,113,0 ,0 ,0 ,0 ,0 ,0 ,0 ,0 ,0 ,0 ,0 
4,7,114,0 ,0 ,0 ,0 ,0 ,0 ,0 ,0 ,0 ,0 ,0 
4,7,115,0 ,0 ,0 ,0 ,0 ,0 ,0 ,0 ,0 ,0 ,0 
4,8,60,0 ,0 ,0 ,0 ,0 ,0 ,0 ,0 ,0 ,0 ,0 
4,8,61,6133 ,0 ,0 ,0 ,0 ,0 ,0 ,0 ,0 ,0 ,0 
4,8,62,900 ,0 ,0 ,0 ,0 ,0 ,0 ,0 ,0 ,0 ,0 
4,8,63,7512 ,0 ,0 ,0 ,0 ,0 ,0 ,0 ,0 ,0 ,0 
4,8,64,2051 ,0 ,0 ,0 ,0 ,0 ,0 ,0 ,0 ,0 ,0 
4,8,65,0 ,0 ,0 ,0 ,0 ,0 ,0 ,0 ,0 ,0 ,0 
4,8,66,0 ,0 ,0 ,0 ,0 ,0 ,0 ,0 ,0 ,0 ,0 
4,8,67,0 ,0 ,0 ,0 ,0 ,0 ,0 ,0 ,0 ,0 ,0 
4,8,68,9062038 ,1997913 ,1524249 ,1901994 ,0 ,0 ,0 ,0 ,0 ,0 ,0 
4,8,69,13983356 ,2847708 ,2265078 ,2296728 ,0 ,0 ,0 ,0 ,0 ,0 ,0 
4,8,70,16502019 ,2481762 ,2002218 ,0 ,0 ,0 ,0 ,0 ,0 ,0 ,0 
4,8,71,18216200 ,3944716 ,2607554 ,0 ,0 ,0 ,0 ,0 ,0 ,0 ,0 
4,8,72,24640804 ,2621835 ,0 ,0 ,0 ,0 ,0 ,0 ,0 ,0 ,0 
4,8,73,28904910 ,2693104 ,61089 ,44991 ,0 ,0 ,0 ,0 ,0 ,0 ,0 
4,8,74,25523419 ,132292 ,38403 ,0 ,0 ,0 ,0 ,0 ,0 ,0 ,0 
4,8,75,22185652 ,31510 ,0 ,0 ,0 ,0 ,0 ,0 ,0 ,0 ,0 
4,8,76,61782 ,185 ,0 ,0 ,0 ,0 ,0 ,0 ,0 ,0 ,0 
4,8,77,26738 ,0 ,0 ,0 ,0 ,0 ,0 ,0 ,0 ,0 ,0 
4,8,78,60786 ,11924 ,0 ,0 ,0 ,0 ,0 ,0 ,0 ,0 ,0 
4,8,79,37151 ,0 ,0 ,0 ,0 ,0 ,0 ,0 ,0 ,0 ,0 
4,8,80,6583 ,0 ,0 ,0 ,0 ,0 ,0 ,0 ,0 ,0 ,0 
4,8,81,0 ,0 ,0 ,0 ,0 ,0 ,0 ,0 ,0 ,0 ,0 
4,8,82,0 ,0 ,0 ,0 ,0 ,0 ,0 ,0 ,0 ,0 ,0 
4,8,83,0 ,0 ,0 ,0 ,0 ,0 ,0 ,0 ,0 ,0 ,0 
4,8,84,0 ,0 ,0 ,0 ,0 ,0 ,0 ,0 ,0 ,0 ,0 
4,8,85,0 ,0 ,0 ,0 ,0 ,0 ,0 ,0 ,0 ,0 ,0 
4,8,86,0 ,0 ,0 ,0 ,0 ,0 ,0 ,0 ,0 ,0 ,0 
4,8,87,0 ,0 ,0 ,0 ,0 ,0 ,0 ,0 ,0 ,0 ,0 
4,8,88,0 ,0 ,0 ,0 ,0 ,0 ,0 ,0 ,0 ,0 ,0 
4,8,89,0 ,0 ,0 ,0 ,0 ,0 ,0 ,0 ,0 ,0 ,0 
4,8,90,0 ,0 ,0 ,0 ,0 ,0 ,0 ,0 ,0 ,0 ,0 
4,8,91,0 ,0 ,0 ,0 ,0 ,0 ,0 ,0 ,0 ,0 ,0 
4,8,92,0 ,0 ,0 ,0 ,0 ,0 ,0 ,0 ,0 ,0 ,0 
4,8,93,0 ,0 ,0 ,0 ,0 ,0 ,0 ,0 ,0 ,0 ,0 
4,8,94,0 ,0 ,0 ,0 ,0 ,0 ,0 ,0 ,0 ,0 ,0 
4,8,95,0 ,0 ,0 ,0 ,0 ,0 ,0 ,0 ,0 ,0 ,0 
4,8,96,0 ,0 ,0 ,0 ,0 ,0 ,0 ,0 ,0 ,0 ,0 
4,8,97,0 ,0 ,0 ,0 ,0 ,0 ,0 ,0 ,0 ,0 ,0 
4,8,98,0 ,0 ,0 ,0 ,0 ,0 ,0 ,0 ,0 ,0 ,0 
4,8,99,0 ,0 ,0 ,0 ,0 ,0 ,0 ,0 ,0 ,0 ,0 
4,8,100,0 ,0 ,0 ,0 ,0 ,0 ,0 ,0 ,0 ,0 ,0 
4,8,101,0 ,0 ,0 ,0 ,0 ,0 ,0 ,0 ,0 ,0 ,0 
4,8,102,0 ,0 ,0 ,0 ,0 ,0 ,0 ,0 ,0 ,0 ,0 
4,8,103,0 ,0 ,0 ,0 ,0 ,0 ,0 ,0 ,0 ,0 ,0 
4,8,104,0 ,0 ,0 ,0 ,0 ,0 ,0 ,0 ,0 ,0 ,0 
4,8,105,0 ,0 ,0 ,0 ,0 ,0 ,0 ,0 ,0 ,0 ,0 
4,8,106,0 ,0 ,0 ,0 ,0 ,0 ,0 ,0 ,0 ,0 ,0 
4,8,107,0 ,0 ,0 ,0 ,0 ,0 ,0 ,0 ,0 ,0 ,0 
4,8,108,0 ,0 ,0 ,0 ,0 ,0 ,0 ,0 ,0 ,0 ,0 
4,8,109,0 ,0 ,0 ,0 ,0 ,0 ,0 ,0 ,0 ,0 ,0 
4,8,110,0 ,0 ,0 ,0 ,0 ,0 ,0 ,0 ,0 ,0 ,0 
4,8,111,0 ,0 ,0 ,0 ,0 ,0 ,0 ,0 ,0 ,0 ,0 
4,8,112,0 ,0 ,0 ,0 ,0 ,0 ,0 ,0 ,0 ,0 ,0 
4,8,113,0 ,0 ,0 ,0 ,0 ,0 ,0 ,0 ,0 ,0 ,0 
4,8,114,0 ,0 ,0 ,0 ,0 ,0 ,0 ,0 ,0 ,0 ,0 
4,8,115,0 ,0 ,0 ,0 ,0 ,0 ,0 ,0 ,0 ,0 ,0 
4,9,60,94999 ,0 ,0 ,0 ,0 ,0 ,0 ,0 ,0 ,0 ,0 
4,9,61,163151 ,15019 ,0 ,0 ,0 ,0 ,0 ,0 ,0 ,0 ,0 
4,9,62,115060 ,15769 ,0 ,0 ,0 ,0 ,0 ,0 ,0 ,0 ,0 
4,9,63,96314 ,0 ,0 ,0 ,0 ,0 ,0 ,0 ,0 ,0 ,0 
4,9,64,7959 ,0 ,0 ,0 ,0 ,0 ,0 ,0 ,0 ,0 ,0 
4,9,65,27917 ,0 ,0 ,0 ,0 ,0 ,0 ,0 ,0 ,0 ,0 
4,9,66,0 ,62700 ,0 ,0 ,0 ,0 ,0 ,0 ,0 ,0 ,0 
4,9,67,37666 ,0 ,0 ,0 ,0 ,0 ,0 ,0 ,0 ,0 ,0 
4,9,68,51880767 ,8289581 ,5483186 ,4671660 ,0 ,0 ,0 ,0 ,0 ,0 ,0 
4,9,69,54059229 ,7815096 ,5458424 ,3588169 ,0 ,0 ,0 ,0 ,0 ,0 ,0 
4,9,70,43895092 ,5059259 ,2592324 ,0 ,0 ,0 ,0 ,0 ,0 ,0 ,0 
4,9,71,27922822 ,4181675 ,1700799 ,0 ,0 ,0 ,0 ,0 ,0 ,0 ,0 
4,9,72,9817272 ,673161 ,0 ,0 ,0 ,0 ,0 ,0 ,0 ,0 ,0 
4,9,73,0 ,0 ,0 ,0 ,0 ,0 ,0 ,0 ,0 ,0 ,0 
4,9,74,0 ,0 ,0 ,0 ,0 ,0 ,0 ,0 ,0 ,0 ,0 
4,9,75,0 ,0 ,0 ,0 ,0 ,0 ,0 ,0 ,0 ,0 ,0 
4,9,76,0 ,0 ,0 ,0 ,0 ,0 ,0 ,0 ,0 ,0 ,0 
4,9,77,0 ,0 ,0 ,0 ,0 ,0 ,0 ,0 ,0 ,0 ,0 
4,9,78,0 ,0 ,0 ,0 ,0 ,0 ,0 ,0 ,0 ,0 ,0 
4,9,79,0 ,0 ,0 ,0 ,0 ,0 ,0 ,0 ,0 ,0 ,0 
4,9,80,0 ,0 ,0 ,0 ,0 ,0 ,0 ,0 ,0 ,0 ,0 
4,9,81,0 ,0 ,0 ,0 ,0 ,0 ,0 ,0 ,0 ,0 ,0 
4,9,82,0 ,0 ,0 ,0 ,0 ,0 ,0 ,0 ,0 ,0 ,0 
4,9,83,0 ,0 ,0 ,0 ,0 ,0 ,0 ,0 ,0 ,0 ,0 
4,9,84,0 ,0 ,0 ,0 ,0 ,0 ,0 ,0 ,0 ,0 ,0 
4,9,85,0 ,0 ,0 ,0 ,0 ,0 ,0 ,0 ,0 ,0 ,0 
4,9,86,0 ,0 ,0 ,0 ,0 ,0 ,0 ,0 ,0 ,0 ,0 
4,9,87,0 ,0 ,0 ,0 ,0 ,0 ,0 ,0 ,0 ,0 ,0 
4,9,88,0 ,0 ,0 ,0 ,0 ,0 ,0 ,0 ,0 ,0 ,0 
4,9,89,0 ,0 ,0 ,0 ,0 ,0 ,0 ,0 ,0 ,0 ,0 
4,9,90,0 ,0 ,0 ,0 ,0 ,0 ,0 ,0 ,0 ,0 ,0 
4,9,91,0 ,0 ,0 ,0 ,0 ,0 ,0 ,0 ,0 ,0 ,0 
4,9,92,0 ,0 ,0 ,0 ,0 ,0 ,0 ,0 ,0 ,0 ,0 
4,9,93,0 ,0 ,0 ,0 ,0 ,0 ,0 ,0 ,0 ,0 ,0 
4,9,94,0 ,0 ,0 ,0 ,0 ,0 ,0 ,0 ,0 ,0 ,0 
4,9,95,0 ,0 ,0 ,0 ,0 ,0 ,0 ,0 ,0 ,0 ,0 
4,9,96,0 ,0 ,0 ,0 ,0 ,0 ,0 ,0 ,0 ,0 ,0 
4,9,97,0 ,0 ,0 ,0 ,0 ,0 ,0 ,0 ,0 ,0 ,0 
4,9,98,0 ,0 ,0 ,0 ,0 ,0 ,0 ,0 ,0 ,0 ,0 
4,9,99,0 ,0 ,0 ,0 ,0 ,0 ,0 ,0 ,0 ,0 ,0 
4,9,100,0 ,0 ,0 ,0 ,0 ,0 ,0 ,0 ,0 ,0 ,0 
4,9,101,0 ,0 ,0 ,0 ,0 ,0 ,0 ,0 ,0 ,0 ,0 
4,9,102,0 ,0 ,0 ,0 ,0 ,0 ,0 ,0 ,0 ,0 ,0 
4,9,103,0 ,0 ,0 ,0 ,0 ,0 ,0 ,0 ,0 ,0 ,0 
4,9,104,0 ,0 ,0 ,0 ,0 ,0 ,0 ,0 ,0 ,0 ,0 
4,9,105,0 ,0 ,0 ,0 ,0 ,0 ,0 ,0 ,0 ,0 ,0 
4,9,106,0 ,0 ,0 ,0 ,0 ,0 ,0 ,0 ,0 ,0 ,0 
4,9,107,0 ,0 ,0 ,0 ,0 ,0 ,0 ,0 ,0 ,0 ,0 
4,9,108,0 ,0 ,0 ,0 ,0 ,0 ,0 ,0 ,0 ,0 ,0 
4,9,109,0 ,0 ,0 ,0 ,0 ,0 ,0 ,0 ,0 ,0 ,0 
4,9,110,0 ,0 ,0 ,0 ,0 ,0 ,0 ,0 ,0 ,0 ,0 
4,9,111,0 ,0 ,0 ,0 ,0 ,0 ,0 ,0 ,0 ,0 ,0 
4,9,112,0 ,0 ,0 ,0 ,0 ,0 ,0 ,0 ,0 ,0 ,0 
4,9,113,0 ,0 ,0 ,0 ,0 ,0 ,0 ,0 ,0 ,0 ,0 
4,9,114,0 ,0 ,0 ,0 ,0 ,0 ,0 ,0 ,0 ,0 ,0 
4,9,115,0 ,0 ,0 ,0 ,0 ,0 ,0 ,0 ,0 ,0 ,0 
4,10,60,0 ,0 ,0 ,0 ,0 ,0 ,0 ,0 ,0 ,0 ,0 
4,10,61,0 ,0 ,0 ,0 ,0 ,0 ,0 ,0 ,0 ,0 ,0 
4,10,62,1234 ,0 ,0 ,0 ,0 ,0 ,0 ,0 ,0 ,0 ,0 
4,10,63,2559 ,0 ,0 ,0 ,0 ,0 ,0 ,0 ,0 ,0 ,0 
4,10,64,113 ,0 ,0 ,0 ,0 ,0 ,0 ,0 ,0 ,0 ,0 
4,10,65,0 ,0 ,0 ,0 ,0 ,0 ,0 ,0 ,0 ,0 ,0 
4,10,66,0 ,0 ,0 ,0 ,0 ,0 ,0 ,0 ,0 ,0 ,0 
4,10,67,0 ,0 ,0 ,0 ,0 ,0 ,0 ,0 ,0 ,0 ,0 
4,10,68,3915431 ,670382 ,478978 ,337825 ,0 ,0 ,0 ,0 ,0 ,0 ,0 
4,10,69,3625810 ,615421 ,480256 ,232807 ,0 ,0 ,0 ,0 ,0 ,0 ,0 
4,10,70,2984642 ,346870 ,162764 ,0 ,0 ,0 ,0 ,0 ,0 ,0 ,0 
4,10,71,1935114 ,301343 ,186468 ,0 ,0 ,0 ,0 ,0 ,0 ,0 ,0 
4,10,72,754856 ,54913 ,0 ,0 ,0 ,0 ,0 ,0 ,0 ,0 ,0 
4,10,73,0 ,0 ,0 ,0 ,0 ,0 ,0 ,0 ,0 ,0 ,0 
4,10,74,0 ,0 ,0 ,0 ,0 ,0 ,0 ,0 ,0 ,0 ,0 
4,10,75,0 ,0 ,0 ,0 ,0 ,0 ,0 ,0 ,0 ,0 ,0 
4,10,76,0 ,0 ,0 ,0 ,0 ,0 ,0 ,0 ,0 ,0 ,0 
4,10,77,0 ,0 ,0 ,0 ,0 ,0 ,0 ,0 ,0 ,0 ,0 
4,10,78,0 ,0 ,0 ,0 ,0 ,0 ,0 ,0 ,0 ,0 ,0 
4,10,79,0 ,0 ,0 ,0 ,0 ,0 ,0 ,0 ,0 ,0 ,0 
4,10,80,0 ,0 ,0 ,0 ,0 ,0 ,0 ,0 ,0 ,0 ,0 
4,10,81,0 ,0 ,0 ,0 ,0 ,0 ,0 ,0 ,0 ,0 ,0 
4,10,82,0 ,0 ,0 ,0 ,0 ,0 ,0 ,0 ,0 ,0 ,0 
4,10,83,0 ,0 ,0 ,0 ,0 ,0 ,0 ,0 ,0 ,0 ,0 
4,10,84,0 ,0 ,0 ,0 ,0 ,0 ,0 ,0 ,0 ,0 ,0 
4,10,85,0 ,0 ,0 ,0 ,0 ,0 ,0 ,0 ,0 ,0 ,0 
4,10,86,0 ,0 ,0 ,0 ,0 ,0 ,0 ,0 ,0 ,0 ,0 
4,10,87,0 ,0 ,0 ,0 ,0 ,0 ,0 ,0 ,0 ,0 ,0 
4,10,88,0 ,0 ,0 ,0 ,0 ,0 ,0 ,0 ,0 ,0 ,0 
4,10,89,0 ,0 ,0 ,0 ,0 ,0 ,0 ,0 ,0 ,0 ,0 
4,10,90,0 ,0 ,0 ,0 ,0 ,0 ,0 ,0 ,0 ,0 ,0 
4,10,91,0 ,0 ,0 ,0 ,0 ,0 ,0 ,0 ,0 ,0 ,0 
4,10,92,0 ,0 ,0 ,0 ,0 ,0 ,0 ,0 ,0 ,0 ,0 
4,10,93,0 ,0 ,0 ,0 ,0 ,0 ,0 ,0 ,0 ,0 ,0 
4,10,94,0 ,0 ,0 ,0 ,0 ,0 ,0 ,0 ,0 ,0 ,0 
4,10,95,0 ,0 ,0 ,0 ,0 ,0 ,0 ,0 ,0 ,0 ,0 
4,10,96,0 ,0 ,0 ,0 ,0 ,0 ,0 ,0 ,0 ,0 ,0 
4,10,97,0 ,0 ,0 ,0 ,0 ,0 ,0 ,0 ,0 ,0 ,0 
4,10,98,0 ,0 ,0 ,0 ,0 ,0 ,0 ,0 ,0 ,0 ,0 
4,10,99,0 ,0 ,0 ,0 ,0 ,0 ,0 ,0 ,0 ,0 ,0 
4,10,100,0 ,0 ,0 ,0 ,0 ,0 ,0 ,0 ,0 ,0 ,0 
4,10,101,0 ,0 ,0 ,0 ,0 ,0 ,0 ,0 ,0 ,0 ,0 
4,10,102,0 ,0 ,0 ,0 ,0 ,0 ,0 ,0 ,0 ,0 ,0 
4,10,103,0 ,0 ,0 ,0 ,0 ,0 ,0 ,0 ,0 ,0 ,0 
4,10,104,0 ,0 ,0 ,0 ,0 ,0 ,0 ,0 ,0 ,0 ,0 
4,10,105,0 ,0 ,0 ,0 ,0 ,0 ,0 ,0 ,0 ,0 ,0 
4,10,106,0 ,0 ,0 ,0 ,0 ,0 ,0 ,0 ,0 ,0 ,0 
4,10,107,0 ,0 ,0 ,0 ,0 ,0 ,0 ,0 ,0 ,0 ,0 
4,10,108,0 ,0 ,0 ,0 ,0 ,0 ,0 ,0 ,0 ,0 ,0 
4,10,109,0 ,0 ,0 ,0 ,0 ,0 ,0 ,0 ,0 ,0 ,0 
4,10,110,0 ,0 ,0 ,0 ,0 ,0 ,0 ,0 ,0 ,0 ,0 
4,10,111,0 ,0 ,0 ,0 ,0 ,0 ,0 ,0 ,0 ,0 ,0 
4,10,112,0 ,0 ,0 ,0 ,0 ,0 ,0 ,0 ,0 ,0 ,0 
4,10,113,0 ,0 ,0 ,0 ,0 ,0 ,0 ,0 ,0 ,0 ,0 
4,10,114,0 ,0 ,0 ,0 ,0 ,0 ,0 ,0 ,0 ,0 ,0 
4,10,115,0 ,0 ,0 ,0 ,0 ,0 ,0 ,0 ,0 ,0 ,0 
4,11,60,0 ,0 ,0 ,0 ,0 ,0 ,0 ,0 ,0 ,0 ,0 
4,11,61,0 ,0 ,0 ,0 ,0 ,0 ,0 ,0 ,0 ,0 ,0 
4,11,62,0 ,191 ,0 ,0 ,0 ,0 ,0 ,0 ,0 ,0 ,0 
4,11,63,0 ,0 ,0 ,0 ,0 ,0 ,0 ,0 ,0 ,0 ,0 
4,11,64,0 ,0 ,0 ,0 ,0 ,0 ,0 ,0 ,0 ,0 ,0 
4,11,65,0 ,0 ,0 ,0 ,0 ,0 ,0 ,0 ,0 ,0 ,0 
4,11,66,0 ,0 ,0 ,0 ,0 ,0 ,0 ,0 ,0 ,0 ,0 
4,11,67,0 ,0 ,0 ,0 ,0 ,0 ,0 ,0 ,0 ,0 ,0 
4,11,68,972800 ,163035 ,207726 ,113329 ,0 ,0 ,0 ,0 ,0 ,0 ,0 
4,11,69,995911 ,166737 ,152902 ,68107 ,0 ,0 ,0 ,0 ,0 ,0 ,0 
4,11,70,798327 ,200379 ,28930 ,0 ,0 ,0 ,0 ,0 ,0 ,0 ,0 
4,11,71,602672 ,76606 ,52696 ,0 ,0 ,0 ,0 ,0 ,0 ,0 ,0 
4,11,72,228944 ,8235 ,0 ,0 ,0 ,0 ,0 ,0 ,0 ,0 ,0 
4,11,73,0 ,0 ,0 ,0 ,0 ,0 ,0 ,0 ,0 ,0 ,0 
4,11,74,0 ,0 ,0 ,0 ,0 ,0 ,0 ,0 ,0 ,0 ,0 
4,11,75,0 ,0 ,0 ,0 ,0 ,0 ,0 ,0 ,0 ,0 ,0 
4,11,76,0 ,0 ,0 ,0 ,0 ,0 ,0 ,0 ,0 ,0 ,0 
4,11,77,0 ,0 ,0 ,0 ,0 ,0 ,0 ,0 ,0 ,0 ,0 
4,11,78,0 ,0 ,0 ,0 ,0 ,0 ,0 ,0 ,0 ,0 ,0 
4,11,79,0 ,0 ,0 ,0 ,0 ,0 ,0 ,0 ,0 ,0 ,0 
4,11,80,0 ,0 ,0 ,0 ,0 ,0 ,0 ,0 ,0 ,0 ,0 
4,11,81,0 ,0 ,0 ,0 ,0 ,0 ,0 ,0 ,0 ,0 ,0 
4,11,82,0 ,0 ,0 ,0 ,0 ,0 ,0 ,0 ,0 ,0 ,0 
4,11,83,0 ,0 ,0 ,0 ,0 ,0 ,0 ,0 ,0 ,0 ,0 
4,11,84,0 ,0 ,0 ,0 ,0 ,0 ,0 ,0 ,0 ,0 ,0 
4,11,85,0 ,0 ,0 ,0 ,0 ,0 ,0 ,0 ,0 ,0 ,0 
4,11,86,0 ,0 ,0 ,0 ,0 ,0 ,0 ,0 ,0 ,0 ,0 
4,11,87,0 ,0 ,0 ,0 ,0 ,0 ,0 ,0 ,0 ,0 ,0 
4,11,88,0 ,0 ,0 ,0 ,0 ,0 ,0 ,0 ,0 ,0 ,0 
4,11,89,0 ,0 ,0 ,0 ,0 ,0 ,0 ,0 ,0 ,0 ,0 
4,11,90,0 ,0 ,0 ,0 ,0 ,0 ,0 ,0 ,0 ,0 ,0 
4,11,91,0 ,0 ,0 ,0 ,0 ,0 ,0 ,0 ,0 ,0 ,0 
4,11,92,0 ,0 ,0 ,0 ,0 ,0 ,0 ,0 ,0 ,0 ,0 
4,11,93,0 ,0 ,0 ,0 ,0 ,0 ,0 ,0 ,0 ,0 ,0 
4,11,94,0 ,0 ,0 ,0 ,0 ,0 ,0 ,0 ,0 ,0 ,0 
4,11,95,0 ,0 ,0 ,0 ,0 ,0 ,0 ,0 ,0 ,0 ,0 
4,11,96,0 ,0 ,0 ,0 ,0 ,0 ,0 ,0 ,0 ,0 ,0 
4,11,97,0 ,0 ,0 ,0 ,0 ,0 ,0 ,0 ,0 ,0 ,0 
4,11,98,0 ,0 ,0 ,0 ,0 ,0 ,0 ,0 ,0 ,0 ,0 
4,11,99,0 ,0 ,0 ,0 ,0 ,0 ,0 ,0 ,0 ,0 ,0 
4,11,100,0 ,0 ,0 ,0 ,0 ,0 ,0 ,0 ,0 ,0 ,0 
4,11,101,0 ,0 ,0 ,0 ,0 ,0 ,0 ,0 ,0 ,0 ,0 
4,11,102,0 ,0 ,0 ,0 ,0 ,0 ,0 ,0 ,0 ,0 ,0 
4,11,103,0 ,0 ,0 ,0 ,0 ,0 ,0 ,0 ,0 ,0 ,0 
4,11,104,0 ,0 ,0 ,0 ,0 ,0 ,0 ,0 ,0 ,0 ,0 
4,11,105,0 ,0 ,0 ,0 ,0 ,0 ,0 ,0 ,0 ,0 ,0 
4,11,106,0 ,0 ,0 ,0 ,0 ,0 ,0 ,0 ,0 ,0 ,0 
4,11,107,0 ,0 ,0 ,0 ,0 ,0 ,0 ,0 ,0 ,0 ,0 
4,11,108,0 ,0 ,0 ,0 ,0 ,0 ,0 ,0 ,0 ,0 ,0 
4,11,109,0 ,0 ,0 ,0 ,0 ,0 ,0 ,0 ,0 ,0 ,0 
4,11,110,0 ,0 ,0 ,0 ,0 ,0 ,0 ,0 ,0 ,0 ,0 
4,11,111,0 ,0 ,0 ,0 ,0 ,0 ,0 ,0 ,0 ,0 ,0 
4,11,112,0 ,0 ,0 ,0 ,0 ,0 ,0 ,0 ,0 ,0 ,0 
4,11,113,0 ,0 ,0 ,0 ,0 ,0 ,0 ,0 ,0 ,0 ,0 
4,11,114,0 ,0 ,0 ,0 ,0 ,0 ,0 ,0 ,0 ,0 ,0 
4,11,115,0 ,0 ,0 ,0 ,0 ,0 ,0 ,0 ,0 ,0 ,0 
4,12,60,0 ,0 ,0 ,0 ,0 ,0 ,0 ,0 ,0 ,0 ,0 
4,12,61,0 ,0 ,0 ,0 ,0 ,0 ,0 ,0 ,0 ,0 ,0 
4,12,62,53 ,0 ,0 ,0 ,0 ,0 ,0 ,0 ,0 ,0 ,0 
4,12,63,0 ,0 ,0 ,0 ,0 ,0 ,0 ,0 ,0 ,0 ,0 
4,12,64,0 ,0 ,0 ,0 ,0 ,0 ,0 ,0 ,0 ,0 ,0 
4,12,65,0 ,0 ,0 ,0 ,0 ,0 ,0 ,0 ,0 ,0 ,0 
4,12,66,0 ,0 ,0 ,0 ,0 ,0 ,0 ,0 ,0 ,0 ,0 
4,12,67,0 ,0 ,0 ,0 ,0 ,0 ,0 ,0 ,0 ,0 ,0 
4,12,68,189109 ,37282 ,33680 ,22871 ,0 ,0 ,0 ,0 ,0 ,0 ,0 
4,12,69,158863 ,23228 ,26628 ,13038 ,0 ,0 ,0 ,0 ,0 ,0 ,0 
4,12,70,122512 ,19643 ,7921 ,0 ,0 ,0 ,0 ,0 ,0 ,0 ,0 
4,12,71,99586 ,12149 ,7686 ,0 ,0 ,0 ,0 ,0 ,0 ,0 ,0 
4,12,72,33415 ,10375 ,0 ,0 ,0 ,0 ,0 ,0 ,0 ,0 ,0 
4,12,73,0 ,0 ,0 ,0 ,0 ,0 ,0 ,0 ,0 ,0 ,0 
4,12,74,0 ,0 ,0 ,0 ,0 ,0 ,0 ,0 ,0 ,0 ,0 
4,12,75,0 ,0 ,0 ,0 ,0 ,0 ,0 ,0 ,0 ,0 ,0 
4,12,76,0 ,0 ,0 ,0 ,0 ,0 ,0 ,0 ,0 ,0 ,0 
4,12,77,0 ,0 ,0 ,0 ,0 ,0 ,0 ,0 ,0 ,0 ,0 
4,12,78,0 ,0 ,0 ,0 ,0 ,0 ,0 ,0 ,0 ,0 ,0 
4,12,79,0 ,0 ,0 ,0 ,0 ,0 ,0 ,0 ,0 ,0 ,0 
4,12,80,0 ,0 ,0 ,0 ,0 ,0 ,0 ,0 ,0 ,0 ,0 
4,12,81,0 ,0 ,0 ,0 ,0 ,0 ,0 ,0 ,0 ,0 ,0 
4,12,82,0 ,0 ,0 ,0 ,0 ,0 ,0 ,0 ,0 ,0 ,0 
4,12,83,0 ,0 ,0 ,0 ,0 ,0 ,0 ,0 ,0 ,0 ,0 
4,12,84,0 ,0 ,0 ,0 ,0 ,0 ,0 ,0 ,0 ,0 ,0 
4,12,85,0 ,0 ,0 ,0 ,0 ,0 ,0 ,0 ,0 ,0 ,0 
4,12,86,0 ,0 ,0 ,0 ,0 ,0 ,0 ,0 ,0 ,0 ,0 
4,12,87,0 ,0 ,0 ,0 ,0 ,0 ,0 ,0 ,0 ,0 ,0 
4,12,88,0 ,0 ,0 ,0 ,0 ,0 ,0 ,0 ,0 ,0 ,0 
4,12,89,0 ,0 ,0 ,0 ,0 ,0 ,0 ,0 ,0 ,0 ,0 
4,12,90,0 ,0 ,0 ,0 ,0 ,0 ,0 ,0 ,0 ,0 ,0 
4,12,91,0 ,0 ,0 ,0 ,0 ,0 ,0 ,0 ,0 ,0 ,0 
4,12,92,0 ,0 ,0 ,0 ,0 ,0 ,0 ,0 ,0 ,0 ,0 
4,12,93,0 ,0 ,0 ,0 ,0 ,0 ,0 ,0 ,0 ,0 ,0 
4,12,94,0 ,0 ,0 ,0 ,0 ,0 ,0 ,0 ,0 ,0 ,0 
4,12,95,0 ,0 ,0 ,0 ,0 ,0 ,0 ,0 ,0 ,0 ,0 
4,12,96,0 ,0 ,0 ,0 ,0 ,0 ,0 ,0 ,0 ,0 ,0 
4,12,97,0 ,0 ,0 ,0 ,0 ,0 ,0 ,0 ,0 ,0 ,0 
4,12,98,0 ,0 ,0 ,0 ,0 ,0 ,0 ,0 ,0 ,0 ,0 
4,12,99,0 ,0 ,0 ,0 ,0 ,0 ,0 ,0 ,0 ,0 ,0 
4,12,100,0 ,0 ,0 ,0 ,0 ,0 ,0 ,0 ,0 ,0 ,0 
4,12,101,0 ,0 ,0 ,0 ,0 ,0 ,0 ,0 ,0 ,0 ,0 
4,12,102,0 ,0 ,0 ,0 ,0 ,0 ,0 ,0 ,0 ,0 ,0 
4,12,103,0 ,0 ,0 ,0 ,0 ,0 ,0 ,0 ,0 ,0 ,0 
4,12,104,0 ,0 ,0 ,0 ,0 ,0 ,0 ,0 ,0 ,0 ,0 
4,12,105,0 ,0 ,0 ,0 ,0 ,0 ,0 ,0 ,0 ,0 ,0 
4,12,106,0 ,0 ,0 ,0 ,0 ,0 ,0 ,0 ,0 ,0 ,0 
4,12,107,0 ,0 ,0 ,0 ,0 ,0 ,0 ,0 ,0 ,0 ,0 
4,12,108,0 ,0 ,0 ,0 ,0 ,0 ,0 ,0 ,0 ,0 ,0 
4,12,109,0 ,0 ,0 ,0 ,0 ,0 ,0 ,0 ,0 ,0 ,0 
4,12,110,0 ,0 ,0 ,0 ,0 ,0 ,0 ,0 ,0 ,0 ,0 
4,12,111,0 ,0 ,0 ,0 ,0 ,0 ,0 ,0 ,0 ,0 ,0 
4,12,112,0 ,0 ,0 ,0 ,0 ,0 ,0 ,0 ,0 ,0 ,0 
4,12,113,0 ,0 ,0 ,0 ,0 ,0 ,0 ,0 ,0 ,0 ,0 
4,12,114,0 ,0 ,0 ,0 ,0 ,0 ,0 ,0 ,0 ,0 ,0 
4,12,115,0 ,0 ,0 ,0 ,0 ,0 ,0 ,0 ,0 ,0 ,0 
