06_1m_Tsuro_Kyu.csv,,,,,,,,
6,1,60,0 ,0 ,0 ,0 ,0 ,0 
6,1,61,0 ,0 ,0 ,0 ,0 ,0 
6,1,62,0 ,0 ,0 ,0 ,0 ,0 
6,1,63,0 ,0 ,0 ,0 ,0 ,0 
6,1,64,0 ,0 ,0 ,0 ,0 ,0 
6,1,65,0 ,0 ,0 ,0 ,0 ,0 
6,1,66,0 ,0 ,0 ,0 ,0 ,0 
6,1,67,0 ,0 ,0 ,0 ,0 ,0 
6,1,68,0 ,0 ,0 ,0 ,0 ,0 
6,1,69,0 ,0 ,0 ,0 ,0 ,0 
6,1,70,0 ,0 ,0 ,0 ,0 ,0 
6,1,71,0 ,0 ,0 ,0 ,0 ,0 
6,1,72,0 ,0 ,0 ,0 ,0 ,0 
6,1,73,0 ,0 ,0 ,0 ,1 ,1 
6,1,74,0 ,0 ,0 ,0 ,0 ,1 
6,1,75,1 ,0 ,0 ,0 ,0 ,2 
6,1,76,0 ,0 ,0 ,0 ,0 ,2 
6,1,77,0 ,0 ,0 ,0 ,0 ,4 
6,1,78,0 ,0 ,0 ,1 ,0 ,6 
6,1,79,0 ,0 ,0 ,0 ,0 ,11 
6,1,80,0 ,0 ,0 ,0 ,0 ,16 
6,1,81,0 ,0 ,0 ,0 ,0 ,10 
6,1,82,0 ,0 ,0 ,0 ,0 ,11 
6,1,83,0 ,0 ,0 ,0 ,0 ,15 
6,1,84,0 ,0 ,0 ,0 ,0 ,16 
6,1,85,0 ,0 ,0 ,0 ,0 ,14 
6,1,86,0 ,0 ,0 ,0 ,0 ,35 
6,1,87,1 ,0 ,0 ,0 ,0 ,24 
6,1,88,1 ,0 ,0 ,0 ,0 ,17 
6,1,89,0 ,0 ,0 ,0 ,0 ,26 
6,1,90,0 ,0 ,0 ,0 ,0 ,16 
6,1,91,14 ,7 ,3 ,4 ,0 ,681 
6,1,92,27 ,2 ,5 ,2 ,3 ,679 
6,1,93,16 ,9 ,3 ,7 ,0 ,603 
6,1,94,18 ,6 ,3 ,3 ,1 ,519 
6,1,95,33 ,5 ,1 ,10 ,3 ,447 
6,1,96,869 ,230 ,118 ,132 ,59 ,3984 
6,1,97,524 ,237 ,116 ,110 ,47 ,2484 
6,1,98,363 ,117 ,113 ,106 ,38 ,1594 
6,1,99,234 ,100 ,59 ,96 ,37 ,998 
6,1,100,180 ,78 ,49 ,58 ,37 ,730 
6,1,101,156 ,54 ,39 ,55 ,26 ,573 
6,1,102,94 ,42 ,30 ,24 ,14 ,421 
6,1,103,72 ,30 ,26 ,34 ,13 ,336 
6,1,104,61 ,33 ,25 ,27 ,13 ,288 
6,1,105,47 ,30 ,17 ,29 ,17 ,276 
6,1,106,25 ,17 ,13 ,17 ,9 ,173 
6,1,107,26 ,29 ,16 ,18 ,10 ,177 
6,1,108,20 ,20 ,30 ,16 ,10 ,130 
6,1,109,10 ,10 ,16 ,22 ,14 ,121 
6,1,110,9 ,5 ,5 ,20 ,12 ,86 
6,1,111,0 ,4 ,2 ,2 ,4 ,35 
6,1,112,0 ,0 ,2 ,1 ,2 ,29 
6,1,113,0 ,0 ,0 ,1 ,3 ,44 
6,1,114,0 ,0 ,0 ,1 ,3 ,37 
6,1,115,0 ,0 ,0 ,0 ,0 ,39 
6,2,60,0 ,0 ,0 ,0 ,0 ,0 
6,2,61,0 ,0 ,0 ,0 ,0 ,0 
6,2,62,0 ,0 ,0 ,0 ,0 ,0 
6,2,63,0 ,0 ,0 ,0 ,0 ,0 
6,2,64,0 ,0 ,0 ,0 ,0 ,0 
6,2,65,0 ,0 ,0 ,0 ,0 ,0 
6,2,66,0 ,0 ,0 ,0 ,0 ,0 
6,2,67,0 ,0 ,0 ,0 ,0 ,0 
6,2,68,0 ,0 ,0 ,0 ,0 ,0 
6,2,69,0 ,0 ,0 ,0 ,0 ,0 
6,2,70,0 ,0 ,0 ,0 ,0 ,0 
6,2,71,0 ,0 ,0 ,0 ,0 ,0 
6,2,72,0 ,0 ,0 ,0 ,0 ,0 
6,2,73,0 ,0 ,0 ,0 ,340561 ,662765 
6,2,74,0 ,0 ,0 ,0 ,0 ,100040 
6,2,75,134904 ,0 ,0 ,0 ,0 ,1335534 
6,2,76,0 ,0 ,0 ,0 ,0 ,717787 
6,2,77,0 ,0 ,0 ,0 ,0 ,1303021 
6,2,78,0 ,0 ,0 ,282113 ,0 ,1713185 
6,2,79,0 ,0 ,0 ,0 ,0 ,1700680 
6,2,80,0 ,0 ,0 ,0 ,0 ,3393857 
6,2,81,0 ,0 ,0 ,0 ,0 ,2881152 
6,2,82,0 ,0 ,0 ,0 ,0 ,2078331 
6,2,83,0 ,0 ,0 ,0 ,0 ,2966186 
6,2,84,0 ,0 ,0 ,0 ,0 ,3781512 
6,2,85,0 ,0 ,0 ,0 ,0 ,1925770 
6,2,86,0 ,0 ,0 ,0 ,0 ,6785213 
6,2,87,55122 ,0 ,0 ,0 ,0 ,4676870 
6,2,88,301721 ,0 ,0 ,0 ,0 ,2808623 
6,2,89,0 ,0 ,0 ,0 ,0 ,4266706 
6,2,90,0 ,0 ,0 ,0 ,0 ,1743197 
6,2,91,3088283 ,1700429 ,623048 ,1164465 ,0 ,155467162 
6,2,92,4907313 ,534839 ,1572028 ,540216 ,1037265 ,153783989 
6,2,93,1676870 ,2048320 ,1051620 ,1936774 ,0 ,131009883 
6,2,94,2547219 ,876226 ,572628 ,742297 ,447404 ,105604725 
6,2,95,4018108 ,887604 ,70228 ,1974791 ,414015 ,75835322 
6,2,96,168341268 ,49229572 ,27606841 ,36490586 ,18156583 ,1029126486 
6,2,97,95755680 ,47911168 ,24977791 ,27573030 ,12131101 ,611872151 
6,2,98,64572565 ,22360814 ,24095434 ,24411759 ,10069927 ,374574770 
6,2,99,38727587 ,20766057 ,10991595 ,22326925 ,8885758 ,208971055 
6,2,100,30401256 ,13101115 ,9003599 ,11588635 ,8854589 ,143895035 
6,2,101,22250449 ,9280840 ,7343333 ,11442577 ,5575853 ,106392540 
6,2,102,13612243 ,7398334 ,4662063 ,4339736 ,2893657 ,71553610 
6,2,103,8413362 ,4371372 ,3653663 ,5774307 ,2032237 ,55307114 
6,2,104,7306571 ,4841186 ,3581632 ,4393758 ,1609319 ,43704975 
6,2,105,6046016 ,3735744 ,2483194 ,4259703 ,2964886 ,36304516 
6,2,106,2667616 ,2095462 ,1458583 ,2060825 ,1084008 ,15841334 
6,2,107,3317477 ,3604069 ,2020407 ,2272909 ,879227 ,18552418 
6,2,108,2342687 ,2586408 ,4048019 ,2458982 ,1139656 ,11734692 
6,2,109,910964 ,1389931 ,2585833 ,4167665 ,2381701 ,9883952 
6,2,110,1100990 ,559223 ,698680 ,3401361 ,1929848 ,5249599 
6,2,111,0 ,420203 ,243210 ,363417 ,580537 ,2731456 
6,2,112,0 ,0 ,402555 ,237619 ,422444 ,2201472 
6,2,113,0 ,0 ,0 ,139776 ,482052 ,3634176 
6,2,114,0 ,0 ,0 ,111821 ,679020 ,3104192 
6,2,115,0 ,0 ,0 ,0 ,0 ,3584672 
6,3,60,0 ,0 ,0 ,0 ,0 ,0 
6,3,61,0 ,0 ,0 ,0 ,0 ,0 
6,3,62,0 ,0 ,0 ,0 ,0 ,0 
6,3,63,0 ,0 ,0 ,0 ,0 ,0 
6,3,64,0 ,0 ,0 ,0 ,0 ,0 
6,3,65,0 ,0 ,0 ,0 ,0 ,0 
6,3,66,0 ,0 ,0 ,0 ,0 ,0 
6,3,67,0 ,0 ,0 ,0 ,0 ,0 
6,3,68,0 ,0 ,0 ,0 ,0 ,0 
6,3,69,0 ,0 ,0 ,0 ,0 ,0 
6,3,70,0 ,0 ,0 ,0 ,0 ,0 
6,3,71,0 ,0 ,0 ,0 ,0 ,0 
6,3,72,0 ,0 ,0 ,0 ,0 ,0 
6,3,73,0 ,0 ,0 ,0 ,0 ,0 
6,3,74,0 ,0 ,0 ,0 ,0 ,0 
6,3,75,0 ,0 ,0 ,0 ,0 ,0 
6,3,76,0 ,0 ,0 ,0 ,0 ,142557 
6,3,77,0 ,0 ,0 ,0 ,0 ,0 
6,3,78,0 ,0 ,0 ,7336 ,0 ,16673 
6,3,79,0 ,0 ,0 ,0 ,0 ,471855 
6,3,80,0 ,0 ,0 ,0 ,0 ,357643 
6,3,81,0 ,0 ,0 ,0 ,0 ,140056 
6,3,82,0 ,0 ,0 ,0 ,0 ,191743 
6,3,83,0 ,0 ,0 ,0 ,0 ,190909 
6,3,84,0 ,0 ,0 ,0 ,0 ,350140 
6,3,85,0 ,0 ,0 ,0 ,0 ,307623 
6,3,86,0 ,0 ,0 ,0 ,0 ,685276 
6,3,87,49320 ,0 ,0 ,0 ,0 ,454348 
6,3,88,0 ,0 ,0 ,0 ,0 ,137554 
6,3,89,0 ,0 ,0 ,0 ,0 ,538548 
6,3,90,0 ,0 ,0 ,0 ,0 ,324298 
6,3,91,5802 ,0 ,0 ,16006 ,0 ,720290 
6,3,92,8703 ,0 ,0 ,0 ,0 ,1376384 
6,3,93,0 ,0 ,0 ,0 ,0 ,756136 
6,3,94,0 ,0 ,0 ,0 ,0 ,737794 
6,3,95,45452 ,0 ,0 ,0 ,0 ,383486 
6,3,96,2403611 ,746174 ,496400 ,550886 ,147652 ,21454410 
6,3,97,1694273 ,781938 ,413566 ,443509 ,191428 ,13750496 
6,3,98,1299237 ,516958 ,391957 ,298786 ,306431 ,7026145 
6,3,99,906611 ,306705 ,247298 ,276777 ,224815 ,5718115 
6,3,100,302689 ,301829 ,181873 ,303456 ,115004 ,4410097 
6,3,101,389238 ,83992 ,223889 ,320128 ,123167 ,3730656 
6,3,102,304622 ,80741 ,98440 ,174736 ,130586 ,2054154 
6,3,103,233058 ,40100 ,19808 ,102040 ,155071 ,1754870 
6,3,104,155210 ,25468 ,29412 ,49353 ,26711 ,1601472 
6,3,105,88969 ,58523 ,0 ,125384 ,18549 ,1699010 
6,3,106,15956 ,61775 ,31813 ,35347 ,100165 ,1085434 
6,3,107,104441 ,58524 ,37215 ,64026 ,129102 ,505202 
6,3,108,22242 ,19508 ,112846 ,52688 ,114263 ,751968 
6,3,109,29012 ,29803 ,0 ,34014 ,40808 ,312625 
6,3,110,0 ,0 ,0 ,16006 ,35615 ,656095 
6,3,111,0 ,0 ,0 ,0 ,40071 ,266393 
6,3,112,0 ,0 ,0 ,0 ,0 ,43773 
6,3,113,0 ,0 ,0 ,0 ,25601 ,155083 
6,3,114,0 ,0 ,0 ,0 ,0 ,30016 
6,3,115,0 ,0 ,0 ,0 ,0 ,155083 
6,4,60,0 ,0 ,0 ,0 ,0 ,0 
6,4,61,0 ,0 ,0 ,0 ,0 ,0 
6,4,62,0 ,0 ,0 ,0 ,0 ,0 
6,4,63,0 ,0 ,0 ,0 ,0 ,0 
6,4,64,0 ,0 ,0 ,0 ,0 ,0 
6,4,65,0 ,0 ,0 ,0 ,0 ,0 
6,4,66,0 ,0 ,0 ,0 ,0 ,0 
6,4,67,0 ,0 ,0 ,0 ,0 ,0 
6,4,68,0 ,0 ,0 ,0 ,0 ,0 
6,4,69,0 ,0 ,0 ,0 ,0 ,0 
6,4,70,0 ,0 ,0 ,0 ,0 ,0 
6,4,71,0 ,0 ,0 ,0 ,0 ,0 
6,4,72,0 ,0 ,0 ,0 ,0 ,0 
6,4,73,0 ,0 ,0 ,0 ,0 ,0 
6,4,74,0 ,0 ,0 ,0 ,0 ,0 
6,4,75,0 ,0 ,0 ,0 ,0 ,0 
6,4,76,0 ,0 ,0 ,0 ,0 ,0 
6,4,77,0 ,0 ,0 ,0 ,0 ,0 
6,4,78,0 ,0 ,0 ,0 ,0 ,0 
6,4,79,0 ,0 ,0 ,0 ,0 ,0 
6,4,80,0 ,0 ,0 ,0 ,0 ,0 
6,4,81,0 ,0 ,0 ,0 ,0 ,0 
6,4,82,0 ,0 ,0 ,0 ,0 ,0 
6,4,83,0 ,0 ,0 ,0 ,0 ,0 
6,4,84,0 ,0 ,0 ,0 ,0 ,0 
6,4,85,0 ,0 ,0 ,0 ,0 ,0 
6,4,86,0 ,0 ,0 ,0 ,0 ,0 
6,4,87,0 ,0 ,0 ,0 ,0 ,0 
6,4,88,0 ,0 ,0 ,0 ,0 ,0 
6,4,89,0 ,0 ,0 ,0 ,0 ,0 
6,4,90,0 ,0 ,0 ,0 ,0 ,0 
6,4,91,0 ,0 ,0 ,0 ,0 ,0 
6,4,92,0 ,0 ,0 ,0 ,0 ,0 
6,4,93,0 ,0 ,0 ,0 ,0 ,0 
6,4,94,0 ,0 ,0 ,0 ,0 ,0 
6,4,95,0 ,0 ,0 ,0 ,0 ,0 
6,4,96,0 ,0 ,0 ,0 ,0 ,0 
6,4,97,0 ,0 ,0 ,0 ,0 ,0 
6,4,98,0 ,0 ,0 ,0 ,0 ,0 
6,4,99,0 ,0 ,0 ,0 ,0 ,0 
6,4,100,0 ,0 ,0 ,0 ,0 ,0 
6,4,101,0 ,0 ,0 ,0 ,0 ,0 
6,4,102,0 ,0 ,0 ,0 ,0 ,0 
6,4,103,0 ,0 ,0 ,0 ,0 ,0 
6,4,104,0 ,0 ,0 ,0 ,0 ,0 
6,4,105,0 ,0 ,0 ,0 ,0 ,0 
6,4,106,0 ,0 ,0 ,0 ,0 ,0 
6,4,107,0 ,0 ,0 ,0 ,0 ,0 
6,4,108,0 ,0 ,0 ,0 ,0 ,0 
6,4,109,0 ,0 ,0 ,0 ,0 ,0 
6,4,110,0 ,0 ,0 ,0 ,0 ,0 
6,4,111,0 ,121212 ,70157 ,104832 ,167462 ,787920 
6,4,112,0 ,0 ,116121 ,68544 ,121859 ,635040 
6,4,113,0 ,0 ,0 ,40320 ,139054 ,1048320 
6,4,114,0 ,0 ,0 ,32256 ,195871 ,895440 
6,4,115,0 ,0 ,0 ,0 ,0 ,1034040 
6,5,60,0 ,0 ,0 ,0 ,0 ,0 
6,5,61,0 ,0 ,0 ,0 ,0 ,0 
6,5,62,0 ,0 ,0 ,0 ,0 ,0 
6,5,63,0 ,0 ,0 ,0 ,0 ,0 
6,5,64,0 ,0 ,0 ,0 ,0 ,0 
6,5,65,0 ,0 ,0 ,0 ,0 ,0 
6,5,66,0 ,0 ,0 ,0 ,0 ,0 
6,5,67,0 ,0 ,0 ,0 ,0 ,0 
6,5,68,0 ,0 ,0 ,0 ,0 ,0 
6,5,69,0 ,0 ,0 ,0 ,0 ,0 
6,5,70,0 ,0 ,0 ,0 ,0 ,0 
6,5,71,0 ,0 ,0 ,0 ,0 ,0 
6,5,72,0 ,0 ,0 ,0 ,0 ,0 
6,5,73,0 ,0 ,0 ,0 ,0 ,0 
6,5,74,0 ,0 ,0 ,0 ,0 ,0 
6,5,75,0 ,0 ,0 ,0 ,0 ,0 
6,5,76,0 ,0 ,0 ,0 ,0 ,0 
6,5,77,0 ,0 ,0 ,0 ,0 ,0 
6,5,78,0 ,0 ,0 ,0 ,0 ,0 
6,5,79,0 ,0 ,0 ,0 ,0 ,0 
6,5,80,0 ,0 ,0 ,0 ,0 ,0 
6,5,81,0 ,0 ,0 ,0 ,0 ,0 
6,5,82,0 ,0 ,0 ,0 ,0 ,0 
6,5,83,0 ,0 ,0 ,0 ,0 ,0 
6,5,84,0 ,0 ,0 ,0 ,0 ,0 
6,5,85,0 ,0 ,0 ,0 ,0 ,0 
6,5,86,0 ,0 ,0 ,0 ,0 ,0 
6,5,87,0 ,0 ,0 ,0 ,0 ,0 
6,5,88,0 ,0 ,0 ,0 ,0 ,0 
6,5,89,0 ,0 ,0 ,0 ,0 ,0 
6,5,90,0 ,0 ,0 ,0 ,0 ,0 
6,5,91,0 ,0 ,0 ,0 ,0 ,0 
6,5,92,0 ,0 ,0 ,0 ,0 ,0 
6,5,93,0 ,0 ,0 ,0 ,0 ,0 
6,5,94,0 ,0 ,0 ,0 ,0 ,0 
6,5,95,0 ,0 ,0 ,0 ,0 ,0 
6,5,96,0 ,0 ,0 ,0 ,0 ,0 
6,5,97,0 ,0 ,0 ,0 ,0 ,0 
6,5,98,0 ,0 ,0 ,0 ,0 ,0 
6,5,99,0 ,0 ,0 ,0 ,0 ,0 
6,5,100,0 ,0 ,0 ,0 ,0 ,0 
6,5,101,0 ,0 ,0 ,0 ,0 ,0 
6,5,102,0 ,0 ,0 ,0 ,0 ,0 
6,5,103,0 ,0 ,0 ,0 ,0 ,0 
6,5,104,0 ,0 ,0 ,0 ,0 ,0 
6,5,105,0 ,0 ,0 ,0 ,0 ,0 
6,5,106,0 ,0 ,0 ,0 ,0 ,0 
6,5,107,0 ,0 ,0 ,0 ,0 ,0 
6,5,108,0 ,0 ,0 ,0 ,0 ,0 
6,5,109,0 ,0 ,0 ,0 ,0 ,0 
6,5,110,0 ,0 ,0 ,0 ,0 ,0 
6,5,111,0 ,0 ,0 ,0 ,0 ,0 
6,5,112,0 ,0 ,0 ,0 ,0 ,0 
6,5,113,0 ,0 ,0 ,0 ,0 ,0 
6,5,114,0 ,0 ,0 ,0 ,0 ,0 
6,5,115,0 ,0 ,0 ,0 ,0 ,0 
6,6,60,0 ,0 ,0 ,0 ,0 ,0 
6,6,61,0 ,0 ,0 ,0 ,0 ,0 
6,6,62,0 ,0 ,0 ,0 ,0 ,0 
6,6,63,0 ,0 ,0 ,0 ,0 ,0 
6,6,64,0 ,0 ,0 ,0 ,0 ,0 
6,6,65,0 ,0 ,0 ,0 ,0 ,0 
6,6,66,0 ,0 ,0 ,0 ,0 ,0 
6,6,67,0 ,0 ,0 ,0 ,0 ,0 
6,6,68,0 ,0 ,0 ,0 ,0 ,0 
6,6,69,0 ,0 ,0 ,0 ,0 ,0 
6,6,70,0 ,0 ,0 ,0 ,0 ,0 
6,6,71,0 ,0 ,0 ,0 ,0 ,0 
6,6,72,0 ,0 ,0 ,0 ,0 ,0 
6,6,73,0 ,0 ,0 ,0 ,0 ,0 
6,6,74,0 ,0 ,0 ,0 ,0 ,0 
6,6,75,0 ,0 ,0 ,0 ,0 ,0 
6,6,76,0 ,0 ,0 ,0 ,0 ,0 
6,6,77,0 ,0 ,0 ,0 ,0 ,0 
6,6,78,0 ,0 ,0 ,0 ,0 ,0 
6,6,79,0 ,0 ,0 ,0 ,0 ,0 
6,6,80,0 ,0 ,0 ,0 ,0 ,0 
6,6,81,0 ,0 ,0 ,0 ,0 ,0 
6,6,82,0 ,0 ,0 ,0 ,0 ,0 
6,6,83,0 ,0 ,0 ,0 ,0 ,0 
6,6,84,0 ,0 ,0 ,0 ,0 ,0 
6,6,85,0 ,0 ,0 ,0 ,0 ,0 
6,6,86,0 ,0 ,0 ,0 ,0 ,0 
6,6,87,0 ,0 ,0 ,0 ,0 ,0 
6,6,88,0 ,0 ,0 ,0 ,0 ,0 
6,6,89,0 ,0 ,0 ,0 ,0 ,0 
6,6,90,0 ,0 ,0 ,0 ,0 ,0 
6,6,91,0 ,0 ,0 ,0 ,0 ,0 
6,6,92,0 ,0 ,0 ,0 ,0 ,0 
6,6,93,0 ,0 ,0 ,0 ,0 ,0 
6,6,94,0 ,0 ,0 ,0 ,0 ,0 
6,6,95,0 ,0 ,0 ,0 ,0 ,0 
6,6,96,0 ,0 ,0 ,0 ,0 ,0 
6,6,97,0 ,0 ,0 ,0 ,0 ,0 
6,6,98,0 ,0 ,0 ,0 ,0 ,0 
6,6,99,0 ,0 ,0 ,0 ,0 ,0 
6,6,100,0 ,0 ,0 ,0 ,0 ,0 
6,6,101,0 ,0 ,0 ,0 ,0 ,0 
6,6,102,0 ,0 ,0 ,0 ,0 ,0 
6,6,103,0 ,0 ,0 ,0 ,0 ,0 
6,6,104,0 ,0 ,0 ,0 ,0 ,0 
6,6,105,0 ,0 ,0 ,0 ,0 ,0 
6,6,106,0 ,0 ,0 ,0 ,0 ,0 
6,6,107,0 ,0 ,0 ,0 ,0 ,0 
6,6,108,0 ,0 ,0 ,0 ,0 ,0 
6,6,109,0 ,0 ,0 ,0 ,0 ,0 
6,6,110,0 ,0 ,0 ,0 ,0 ,0 
6,6,111,0 ,0 ,0 ,0 ,0 ,0 
6,6,112,0 ,0 ,0 ,0 ,0 ,0 
6,6,113,0 ,0 ,0 ,0 ,0 ,0 
6,6,114,0 ,0 ,0 ,0 ,0 ,0 
6,6,115,0 ,0 ,0 ,0 ,0 ,0 
6,7,60,0 ,0 ,0 ,0 ,0 ,0 
6,7,61,0 ,0 ,0 ,0 ,0 ,0 
6,7,62,0 ,0 ,0 ,0 ,0 ,0 
6,7,63,0 ,0 ,0 ,0 ,0 ,0 
6,7,64,0 ,0 ,0 ,0 ,0 ,0 
6,7,65,0 ,0 ,0 ,0 ,0 ,0 
6,7,66,0 ,0 ,0 ,0 ,0 ,0 
6,7,67,0 ,0 ,0 ,0 ,0 ,0 
6,7,68,0 ,0 ,0 ,0 ,0 ,0 
6,7,69,0 ,0 ,0 ,0 ,0 ,0 
6,7,70,0 ,0 ,0 ,0 ,0 ,0 
6,7,71,0 ,0 ,0 ,0 ,0 ,0 
6,7,72,0 ,0 ,0 ,0 ,0 ,0 
6,7,73,0 ,0 ,0 ,0 ,0 ,0 
6,7,74,0 ,0 ,0 ,0 ,0 ,0 
6,7,75,0 ,0 ,0 ,0 ,0 ,56200 
6,7,76,0 ,0 ,0 ,0 ,0 ,0 
6,7,77,0 ,0 ,0 ,0 ,0 ,0 
6,7,78,0 ,0 ,0 ,0 ,0 ,8800 
6,7,79,0 ,0 ,0 ,0 ,0 ,40000 
6,7,80,0 ,0 ,0 ,0 ,0 ,43000 
6,7,81,0 ,0 ,0 ,0 ,0 ,51600 
6,7,82,0 ,0 ,0 ,0 ,0 ,0 
6,7,83,0 ,0 ,0 ,0 ,0 ,93200 
6,7,84,0 ,0 ,0 ,0 ,0 ,15800 
6,7,85,0 ,0 ,0 ,0 ,0 ,0 
6,7,86,0 ,0 ,0 ,0 ,0 ,204400 
6,7,87,0 ,0 ,0 ,0 ,0 ,51800 
6,7,88,0 ,0 ,0 ,0 ,0 ,20000 
6,7,89,0 ,0 ,0 ,0 ,0 ,63200 
6,7,90,0 ,0 ,0 ,0 ,0 ,28600 
6,7,91,70180 ,28470 ,0 ,58400 ,0 ,2813200 
6,7,92,84332 ,5200 ,0 ,0 ,27590 ,2653000 
6,7,93,15312 ,10920 ,27504 ,8640 ,0 ,2779600 
6,7,94,47792 ,0 ,0 ,30880 ,29904 ,2542600 
6,7,95,64960 ,14300 ,0 ,27840 ,0 ,2059600 
6,7,96,1310568 ,263770 ,175104 ,228960 ,117480 ,9698000 
6,7,97,643916 ,270140 ,153216 ,279840 ,58384 ,5747400 
6,7,98,423400 ,156260 ,204192 ,224960 ,30082 ,3432600 
6,7,99,172376 ,158860 ,69120 ,137280 ,84728 ,2163200 
6,7,100,246384 ,105950 ,62352 ,54400 ,80100 ,1343000 
6,7,101,189776 ,70590 ,41472 ,102240 ,58028 ,889400 
6,7,102,146160 ,47970 ,49536 ,32000 ,42008 ,725600 
6,7,103,111244 ,34710 ,25920 ,76320 ,4272 ,650600 
6,7,104,86652 ,43160 ,6480 ,57600 ,15486 ,409400 
6,7,105,70760 ,31200 ,20016 ,39040 ,34710 ,285800 
6,7,106,15080 ,12220 ,1440 ,10080 ,0 ,66200 
6,7,107,10788 ,6240 ,3744 ,5600 ,0 ,59800 
6,7,108,0 ,0 ,5184 ,3040 ,0 ,50200 
6,7,109,0 ,0 ,0 ,0 ,0 ,5200 
6,7,110,0 ,0 ,2016 ,0 ,0 ,2600 
6,7,111,0 ,0 ,0 ,0 ,0 ,0 
6,7,112,0 ,0 ,0 ,0 ,0 ,0 
6,7,113,0 ,0 ,0 ,0 ,0 ,0 
6,7,114,0 ,0 ,0 ,0 ,0 ,0 
6,7,115,0 ,0 ,0 ,0 ,0 ,0 
