09_1m_Shogai_20mae.csv,,,,,,,,,,,
9,20,3240 ,3162645000 ,0 ,0 ,0 ,5410 ,4224669000 ,898800 ,0 ,0 
9,21,4788 ,4673686500 ,449400 ,0 ,0 ,9112 ,7115560800 ,4793600 ,0 ,0 
9,22,4990 ,4870863750 ,898800 ,0 ,0 ,9239 ,7214735100 ,5168100 ,0 ,0 
9,23,4844 ,4728349500 ,674100 ,0 ,0 ,9737 ,7603623300 ,8763300 ,0 ,0 
9,24,5106 ,4984094250 ,1872500 ,0 ,0 ,9396 ,7337336400 ,13257300 ,0 ,0 
9,25,5390 ,5261313750 ,3295600 ,0 ,0 ,9565 ,7469308500 ,19249300 ,0 ,0 
9,26,5305 ,5178343125 ,3220700 ,0 ,0 ,9614 ,7507572600 ,23893100 ,0 ,0 
9,27,5403 ,5274003375 ,10261300 ,0 ,0 ,9912 ,7740280800 ,27937700 ,0 ,0 
9,28,5068 ,4947001500 ,6815900 ,0 ,0 ,9290 ,7254561000 ,29660400 ,0 ,0 
9,29,5108 ,4986046500 ,15729000 ,0 ,0 ,9085 ,7094476500 ,35128100 ,0 ,0 
9,30,5078 ,4956762750 ,13631800 ,0 ,0 ,8868 ,6925021200 ,35053200 ,0 ,0 
9,31,4749 ,4635617625 ,16552900 ,0 ,0 ,8398 ,6557998200 ,47411700 ,0 ,0 
9,32,4766 ,4652211750 ,25466000 ,0 ,0 ,8174 ,6383076600 ,48535200 ,0 ,0 
9,33,5016 ,4896243000 ,35802200 ,0 ,0 ,8185 ,6391666500 ,50707300 ,0 ,0 
9,34,4841 ,4725421125 ,35952000 ,0 ,0 ,8028 ,6269065200 ,58272200 ,0 ,0 
9,35,4688 ,4576074000 ,43966300 ,0 ,0 ,7921 ,6185508900 ,67484900 ,0 ,0 
9,36,4603 ,4493103375 ,58047500 ,0 ,0 ,7570 ,5911413000 ,77371700 ,0 ,0 
9,37,4541 ,4432583625 ,54152700 ,0 ,0 ,7611 ,5943429900 ,99092700 ,0 ,0 
9,38,4354 ,4250048250 ,52430000 ,0 ,0 ,7451 ,5818485900 ,88382000 ,0 ,0 
9,39,4567 ,4457962875 ,60594100 ,0 ,0 ,7354 ,5742738600 ,89954900 ,0 ,0 
9,40,4481 ,4374016125 ,67634700 ,0 ,0 ,7235 ,5649811500 ,98942900 ,0 ,0 
9,41,4470 ,4363278750 ,71005200 ,0 ,0 ,7268 ,5675581200 ,97969200 ,0 ,0 
9,42,4616 ,4505793000 ,72053800 ,0 ,0 ,7431 ,5802867900 ,102987500 ,0 ,0 
9,43,4724 ,4611214500 ,84711900 ,0 ,0 ,7666 ,5986379400 ,113099000 ,0 ,0 
9,44,5140 ,5017282500 ,87408300 ,0 ,0 ,7654 ,5977008600 ,100590700 ,0 ,0 
9,45,5260 ,5134417500 ,91228200 ,0 ,0 ,7758 ,6058222200 ,103511800 ,0 ,0 
9,46,5451 ,5320857375 ,81416300 ,0 ,0 ,8061 ,6294834900 ,99092700 ,0 ,0 
9,47,5716 ,5579530500 ,76622700 ,0 ,0 ,8373 ,6538475700 ,105908600 ,0 ,0 
9,48,5923 ,5781588375 ,79319100 ,0 ,0 ,8295 ,6477565500 ,88831400 ,0 ,0 
9,49,5677 ,5541461625 ,66960600 ,0 ,0 ,8233 ,6429149700 ,75574100 ,0 ,0 
9,50,5460 ,5329642500 ,69057800 ,0 ,0 ,7880 ,6153492000 ,70406000 ,0 ,0 
9,51,5266 ,5140274250 ,56249900 ,0 ,0 ,7355 ,5743519500 ,60669000 ,0 ,0 
9,52,4941 ,4823033625 ,54002900 ,0 ,0 ,6972 ,5444434800 ,45389400 ,0 ,0 
9,53,4719 ,4606333875 ,45838800 ,0 ,0 ,6777 ,5292159300 ,43442000 ,0 ,0 
9,54,4644 ,4533124500 ,42318500 ,0 ,0 ,6452 ,5038366800 ,35652400 ,0 ,0 
9,55,3800 ,3709275000 ,36251600 ,0 ,0 ,5646 ,4408961400 ,29960000 ,0 ,0 
9,56,4081 ,3983566125 ,30783900 ,0 ,0 ,5756 ,4494860400 ,26814200 ,0 ,0 
9,57,4028 ,3931831500 ,23518600 ,0 ,0 ,5659 ,4419113100 ,25466000 ,0 ,0 
9,58,3824 ,3732702000 ,21046900 ,0 ,0 ,5126 ,4002893400 ,15803900 ,0 ,0 
9,59,3582 ,3496479750 ,17901100 ,0 ,0 ,4774 ,3728016600 ,13257300 ,0 ,0 
9,60,3634 ,3547238250 ,15204700 ,0 ,0 ,4635 ,3619471500 ,11609500 ,0 ,0 
9,61,3544 ,3459387000 ,13332200 ,0 ,0 ,4400 ,3435960000 ,7789600 ,0 ,0 
9,62,3548 ,3463291500 ,9212700 ,0 ,0 ,4390 ,3428151000 ,6965700 ,0 ,0 
9,63,3544 ,3459387000 ,6141800 ,0 ,0 ,4377 ,3417999300 ,8763300 ,0 ,0 
9,64,3213 ,3136289625 ,7190400 ,0 ,0 ,3872 ,3023644800 ,6666100 ,0 ,0 
9,65,3350 ,3270018750 ,6890800 ,0 ,0 ,3843 ,3000998700 ,2621500 ,0 ,0 
9,66,3418 ,3336395250 ,4793600 ,0 ,0 ,3683 ,2876054700 ,3295600 ,0 ,0 
9,67,3577 ,3491599125 ,1872500 ,0 ,0 ,3531 ,2757357900 ,2247000 ,0 ,0 
9,68,3466 ,3383249250 ,1123500 ,0 ,0 ,3418 ,2669116200 ,674100 ,0 ,0 
9,69,3582 ,3496479750 ,1123500 ,0 ,0 ,3141 ,2452806900 ,449400 ,0 ,0 
9,70,3439 ,3356893875 ,2172100 ,0 ,0 ,3129 ,2443436100 ,1572900 ,0 ,0 
9,71,3556 ,3471100500 ,1123500 ,0 ,0 ,3081 ,2405952900 ,1123500 ,0 ,0 
9,72,3530 ,3445721250 ,224700 ,0 ,0 ,2860 ,2233374000 ,1123500 ,0 ,0 
9,73,3364 ,3283684500 ,674100 ,0 ,0 ,2620 ,2045958000 ,224700 ,0 ,0 
9,74,3185 ,3108958125 ,1123500 ,0 ,0 ,2457 ,1918671300 ,449400 ,0 ,0 
9,75,2324 ,2268514500 ,224700 ,0 ,0 ,1651 ,1289265900 ,0 ,0 ,0 
9,76,1593 ,1554967125 ,449400 ,0 ,0 ,1033 ,806669700 ,0 ,0 ,0 
9,77,1909 ,1863422625 ,0 ,0 ,0 ,1189 ,928490100 ,749000 ,0 ,0 
9,78,2119 ,2068408875 ,224700 ,0 ,0 ,1250 ,976125000 ,0 ,0 ,0 
9,79,1811 ,1767762375 ,449400 ,0 ,0 ,1115 ,870703500 ,0 ,0 ,0 
9,80,1885 ,1839995625 ,0 ,0 ,0 ,1085 ,847276500 ,0 ,0 ,0 
9,81,1583 ,1545205875 ,224700 ,0 ,0 ,886 ,691877400 ,0 ,0 ,0 
9,82,1397 ,1363646625 ,0 ,0 ,0 ,744 ,580989600 ,0 ,0 ,0 
9,83,1208 ,1179159000 ,0 ,0 ,0 ,667 ,520860300 ,0 ,0 ,0 
9,84,1296 ,1265058000 ,0 ,0 ,0 ,646 ,504461400 ,0 ,0 ,0 
9,85,1090 ,1063976250 ,0 ,0 ,0 ,569 ,444332100 ,0 ,0 ,0 
9,86,1026 ,1001504250 ,0 ,0 ,0 ,529 ,413096100 ,0 ,0 ,0 
9,87,827 ,807255375 ,0 ,0 ,0 ,468 ,365461200 ,0 ,0 ,0 
9,88,728 ,710619000 ,0 ,0 ,0 ,345 ,269410500 ,0 ,0 ,0 
9,89,674 ,657908250 ,0 ,0 ,0 ,345 ,269410500 ,0 ,0 ,0 
9,90,506 ,493919250 ,0 ,0 ,0 ,284 ,221775600 ,0 ,0 ,0 
9,91,419 ,408996375 ,224700 ,0 ,0 ,247 ,192882300 ,0 ,0 ,0 
9,92,351 ,342619875 ,224700 ,0 ,0 ,182 ,142123800 ,0 ,0 ,0 
9,93,320 ,312360000 ,0 ,0 ,0 ,172 ,134314800 ,0 ,0 ,0 
9,94,226 ,220604250 ,0 ,0 ,0 ,131 ,102297900 ,0 ,0 ,0 
9,95,218 ,212795250 ,0 ,0 ,0 ,100 ,78090000 ,0 ,0 ,0 
9,96,165 ,161060625 ,0 ,0 ,0 ,109 ,85118100 ,0 ,0 ,0 
9,97,161 ,157156125 ,0 ,0 ,0 ,76 ,59348400 ,0 ,0 ,0 
9,98,116 ,113230500 ,0 ,0 ,0 ,77 ,60129300 ,0 ,0 ,0 
9,99,97 ,94684125 ,0 ,0 ,0 ,76 ,59348400 ,0 ,0 ,0 
9,100,104 ,101517000 ,0 ,0 ,0 ,53 ,41387700 ,0 ,0 ,0 
9,101,95 ,92731875 ,0 ,0 ,0 ,50 ,39045000 ,0 ,0 ,0 
9,102,90 ,87851250 ,0 ,0 ,0 ,53 ,41387700 ,0 ,0 ,0 
9,103,76 ,74185500 ,0 ,0 ,0 ,42 ,32797800 ,0 ,0 ,0 
9,104,57 ,55639125 ,0 ,0 ,0 ,41 ,32016900 ,0 ,0 ,0 
9,105,56 ,54663000 ,0 ,0 ,0 ,31 ,24207900 ,0 ,0 ,0 
9,106,61 ,59543625 ,0 ,0 ,0 ,33 ,25769700 ,0 ,0 ,0 
9,107,68 ,66376500 ,0 ,0 ,0 ,33 ,25769700 ,0 ,0 ,0 
9,108,37 ,36116625 ,0 ,0 ,0 ,19 ,14837100 ,0 ,0 ,0 
9,109,47 ,45877875 ,0 ,0 ,0 ,22 ,17179800 ,0 ,0 ,0 
9,110,30 ,29283750 ,0 ,0 ,0 ,12 ,9370800 ,0 ,0 ,0 
9,111,62 ,60519750 ,0 ,0 ,0 ,26 ,20303400 ,0 ,0 ,0 
9,112,37 ,36116625 ,0 ,0 ,0 ,21 ,16398900 ,0 ,0 ,0 
9,113,28 ,27331500 ,0 ,0 ,0 ,16 ,12494400 ,0 ,0 ,0 
9,114,31 ,30259875 ,0 ,0 ,0 ,11 ,8589900 ,0 ,0 ,0 
9,115,111 ,108349875 ,0 ,0 ,0 ,15 ,11713500 ,0 ,0 ,0 
