09_1f_Shogai_20mae.csv,,,,,,,,,,,
9,20,1867 ,1822425375 ,449400 ,0 ,0 ,3142 ,2453587800 ,4044600 ,0 ,0 
9,21,2690 ,2625776250 ,2022300 ,0 ,0 ,5690 ,4443321000 ,17301900 ,0 ,0 
9,22,2815 ,2747791875 ,2022300 ,0 ,0 ,6074 ,4743186600 ,31757600 ,0 ,0 
9,23,2785 ,2718508125 ,3670100 ,0 ,0 ,6413 ,5007911700 ,46213300 ,0 ,0 
9,24,2957 ,2886401625 ,3595200 ,0 ,0 ,6508 ,5082097200 ,65762200 ,0 ,0 
9,25,3173 ,3097244625 ,4793600 ,0 ,0 ,6698 ,5230468200 ,82315100 ,0 ,0 
9,26,3133 ,3058199625 ,11684400 ,0 ,0 ,6776 ,5291378400 ,91827400 ,0 ,0 
9,27,3232 ,3154836000 ,16702700 ,0 ,0 ,6902 ,5389771800 ,127255100 ,0 ,0 
9,28,2988 ,2916661500 ,22619800 ,0 ,0 ,6837 ,5339013300 ,121862300 ,0 ,0 
9,29,3020 ,2947897500 ,27937700 ,0 ,0 ,6774 ,5289816600 ,157814300 ,0 ,0 
9,30,3023 ,2950825875 ,23893100 ,0 ,0 ,6841 ,5342136900 ,176389500 ,0 ,0 
9,31,3019 ,2946921375 ,34454000 ,0 ,0 ,6857 ,5354631300 ,199159100 ,0 ,0 
9,32,3010 ,2938136250 ,45389400 ,0 ,0 ,6865 ,5360878500 ,208296900 ,0 ,0 
9,33,3135 ,3060151875 ,47636400 ,0 ,0 ,6587 ,5143788300 ,232864100 ,0 ,0 
9,34,3171 ,3095292375 ,61343100 ,0 ,0 ,6863 ,5359316700 ,239754900 ,0 ,0 
9,35,3082 ,3008417250 ,56399700 ,0 ,0 ,6654 ,5196108600 ,259303800 ,0 ,0 
9,36,2982 ,2910804750 ,72353400 ,0 ,0 ,6531 ,5100057900 ,270688600 ,0 ,0 
9,37,3107 ,3032820375 ,75349400 ,0 ,0 ,6619 ,5168777100 ,274808100 ,0 ,0 
9,38,3054 ,2981085750 ,91752500 ,0 ,0 ,6365 ,4970428500 ,273459900 ,0 ,0 
9,39,3201 ,3124576125 ,87333400 ,0 ,0 ,6191 ,4834551900 ,260577100 ,0 ,0 
9,40,3060 ,2986942500 ,84562100 ,0 ,0 ,6056 ,4729130400 ,238931000 ,0 ,0 
9,41,3010 ,2938136250 ,85610700 ,0 ,0 ,5909 ,4614338100 ,236833800 ,0 ,0 
9,42,3240 ,3162645000 ,89056100 ,0 ,0 ,5924 ,4626051600 ,227171700 ,0 ,0 
9,43,3290 ,3211451250 ,86135000 ,0 ,0 ,5806 ,4533905400 ,204327200 ,0 ,0 
9,44,3457 ,3374464125 ,116993800 ,0 ,0 ,5878 ,4590130200 ,188148800 ,0 ,0 
9,45,3480 ,3396915000 ,108230500 ,0 ,0 ,5842 ,4562017800 ,182081900 ,0 ,0 
9,46,3592 ,3506241000 ,84562100 ,0 ,0 ,6020 ,4701018000 ,169274000 ,0 ,0 
9,47,3762 ,3672182250 ,73402000 ,0 ,0 ,5953 ,4648697700 ,145605600 ,0 ,0 
9,48,3901 ,3807863625 ,76323100 ,0 ,0 ,6205 ,4845484500 ,126730800 ,0 ,0 
9,49,3916 ,3822505500 ,62766200 ,0 ,0 ,6048 ,4722883200 ,121562700 ,0 ,0 
9,50,3804 ,3713179500 ,55950300 ,0 ,0 ,5680 ,4435512000 ,92576400 ,0 ,0 
9,51,3614 ,3527715750 ,53778200 ,0 ,0 ,5527 ,4316034300 ,74450600 ,0 ,0 
9,52,3475 ,3392034375 ,37899400 ,0 ,0 ,5222 ,4077859800 ,60743900 ,0 ,0 
9,53,3484 ,3400819500 ,27787900 ,0 ,0 ,5059 ,3950573100 ,50257900 ,0 ,0 
9,54,3369 ,3288565125 ,26889100 ,0 ,0 ,4990 ,3896691000 ,39846800 ,0 ,0 
9,55,3040 ,2967420000 ,17526600 ,0 ,0 ,4119 ,3216527100 ,20223000 ,0 ,0 
9,56,3274 ,3195833250 ,16852500 ,0 ,0 ,4308 ,3364117200 ,17077200 ,0 ,0 
9,57,3316 ,3236830500 ,12133800 ,0 ,0 ,4422 ,3453139800 ,14680400 ,0 ,0 
9,58,3198 ,3121647750 ,5842200 ,0 ,0 ,4012 ,3132970800 ,7639800 ,0 ,0 
9,59,3220 ,3143122500 ,4494000 ,0 ,0 ,3936 ,3073622400 ,4269300 ,0 ,0 
9,60,3183 ,3107005875 ,4044600 ,0 ,0 ,3669 ,2865122100 ,2696400 ,0 ,0 
9,61,3122 ,3047462250 ,898800 ,0 ,0 ,3464 ,2705037600 ,1797600 ,0 ,0 
9,62,3120 ,3045510000 ,1123500 ,0 ,0 ,3495 ,2729245500 ,1123500 ,0 ,0 
9,63,3235 ,3157764375 ,449400 ,0 ,0 ,3492 ,2726902800 ,224700 ,0 ,0 
9,64,3056 ,2983038000 ,674100 ,0 ,0 ,3249 ,2537144100 ,674100 ,0 ,0 
9,65,3209 ,3132385125 ,449400 ,0 ,0 ,3109 ,2427818100 ,224700 ,0 ,0 
9,66,3225 ,3148003125 ,0 ,0 ,0 ,3106 ,2425475400 ,0 ,0 ,0 
9,67,3405 ,3323705625 ,224700 ,0 ,0 ,3044 ,2377059600 ,0 ,0 ,0 
9,68,3675 ,3587259375 ,0 ,0 ,0 ,2909 ,2271638100 ,449400 ,0 ,0 
9,69,3638 ,3551142750 ,224700 ,0 ,0 ,3068 ,2395801200 ,0 ,0 ,0 
9,70,3738 ,3648755250 ,0 ,0 ,0 ,2977 ,2324739300 ,0 ,0 ,0 
9,71,3914 ,3820553250 ,674100 ,0 ,0 ,3108 ,2427037200 ,0 ,0 ,0 
9,72,3976 ,3881073000 ,0 ,0 ,0 ,3020 ,2358318000 ,0 ,0 ,0 
9,73,3775 ,3684871875 ,224700 ,0 ,0 ,2853 ,2227907700 ,0 ,0 ,0 
9,74,3722 ,3633137250 ,0 ,0 ,0 ,2638 ,2060014200 ,0 ,0 ,0 
9,75,2849 ,2780980125 ,224700 ,0 ,0 ,1905 ,1487614500 ,0 ,0 ,0 
9,76,1978 ,1930775250 ,674100 ,0 ,0 ,1316 ,1027664400 ,0 ,0 ,0 
9,77,2508 ,2448121500 ,0 ,0 ,0 ,1583 ,1236164700 ,0 ,0 ,0 
9,78,2858 ,2789765250 ,0 ,0 ,0 ,1728 ,1349395200 ,0 ,0 ,0 
9,79,2583 ,2521330875 ,0 ,0 ,0 ,1546 ,1207271400 ,224700 ,0 ,0 
9,80,2607 ,2544757875 ,0 ,0 ,0 ,1499 ,1170569100 ,0 ,0 ,0 
9,81,2346 ,2289989250 ,0 ,0 ,0 ,1326 ,1035473400 ,0 ,0 ,0 
9,82,2144 ,2092812000 ,0 ,0 ,0 ,1178 ,919900200 ,0 ,0 ,0 
9,83,1904 ,1858542000 ,0 ,0 ,0 ,1109 ,866018100 ,224700 ,0 ,0 
9,84,2068 ,2018626500 ,0 ,0 ,0 ,1178 ,919900200 ,0 ,0 ,0 
9,85,1944 ,1897587000 ,224700 ,0 ,0 ,1022 ,798079800 ,0 ,0 ,0 
9,86,1735 ,1693576875 ,0 ,0 ,0 ,920 ,718428000 ,0 ,0 ,0 
9,87,1551 ,1513969875 ,0 ,0 ,0 ,841 ,656736900 ,0 ,0 ,0 
9,88,1391 ,1357789875 ,0 ,0 ,0 ,711 ,555219900 ,0 ,0 ,0 
9,89,1271 ,1240654875 ,0 ,0 ,0 ,635 ,495871500 ,0 ,0 ,0 
9,90,1032 ,1007361000 ,0 ,0 ,0 ,562 ,438865800 ,0 ,0 ,0 
9,91,872 ,851181000 ,0 ,0 ,0 ,439 ,342815100 ,0 ,0 ,0 
9,92,762 ,743807250 ,0 ,0 ,0 ,377 ,294399300 ,0 ,0 ,0 
9,93,683 ,666693375 ,0 ,0 ,0 ,327 ,255354300 ,0 ,0 ,0 
9,94,550 ,536868750 ,0 ,0 ,0 ,271 ,211623900 ,0 ,0 ,0 
9,95,477 ,465611625 ,0 ,0 ,0 ,225 ,175702500 ,0 ,0 ,0 
9,96,382 ,372879750 ,0 ,0 ,0 ,179 ,139781100 ,0 ,0 ,0 
9,97,346 ,337739250 ,0 ,0 ,0 ,129 ,100736100 ,0 ,0 ,0 
9,98,276 ,269410500 ,0 ,0 ,0 ,124 ,96831600 ,0 ,0 ,0 
9,99,221 ,215723625 ,0 ,0 ,0 ,97 ,75747300 ,0 ,0 ,0 
9,100,191 ,186439875 ,0 ,0 ,0 ,84 ,65595600 ,0 ,0 ,0 
9,101,160 ,156180000 ,0 ,0 ,0 ,64 ,49977600 ,0 ,0 ,0 
9,102,138 ,134705250 ,0 ,0 ,0 ,47 ,36702300 ,0 ,0 ,0 
9,103,97 ,94684125 ,0 ,0 ,0 ,40 ,31236000 ,0 ,0 ,0 
9,104,101 ,98588625 ,0 ,0 ,0 ,40 ,31236000 ,0 ,0 ,0 
9,105,106 ,103469250 ,0 ,0 ,0 ,42 ,32797800 ,0 ,0 ,0 
9,106,98 ,95660250 ,0 ,0 ,0 ,24 ,18741600 ,0 ,0 ,0 
9,107,105 ,102493125 ,0 ,0 ,0 ,27 ,21084300 ,0 ,0 ,0 
9,108,100 ,97612500 ,0 ,0 ,0 ,22 ,17179800 ,0 ,0 ,0 
9,109,81 ,79066125 ,0 ,0 ,0 ,18 ,14056200 ,0 ,0 ,0 
9,110,80 ,78090000 ,0 ,0 ,0 ,15 ,11713500 ,0 ,0 ,0 
9,111,91 ,88827375 ,0 ,0 ,0 ,24 ,18741600 ,0 ,0 ,0 
9,112,77 ,75161625 ,0 ,0 ,0 ,23 ,17960700 ,0 ,0 ,0 
9,113,63 ,61495875 ,0 ,0 ,0 ,11 ,8589900 ,0 ,0 ,0 
9,114,67 ,65400375 ,0 ,0 ,0 ,11 ,8589900 ,0 ,0 ,0 
9,115,244 ,238174500 ,0 ,0 ,0 ,27 ,21084300 ,0 ,0 ,0 
