2023îNìxññåˆìIîNã‡îÌï€åØé“É}ÉbÉvÅiêlêîÅj,,,,,,,,,,,,
íj,,,,,,,,,,,,
îNóÓ,å˙îNÇPÅEÇQéÌ,å˙îNÇRéÌ,çëã§ÇQçÜ,ínã§ÇQçÜ,éÑäwÇQçÜ,ÉpÅ[Ég,å˙îNÇRçÜ,çëã§ÇRçÜ,ínã§ÇRçÜ,éÑäwÇRçÜ,ÇPçÜàÍî ,ÇPçÜîCà”
15,29.0336228176672000000,0.0000000000000000000,0.0000000000000000000,0.0000000000000000000,0.0000000000000000000,0.0000000000000000000,0.0000000000000000000,0.0000000000000000000,0.0000000000000000000,0.0000000000000000000,0.0000000000000000000,0.0000000000000000000
16,1178.3646226342800000000,14.0162317050807000000,262.6238035686970000000,0.0000000000000000000,0.0000000000000000000,18.4168164454203000000,0.0000000000000000000,0.0000000000000000000,0.0000000000000000000,0.0000000000000000000,0.0000000000000000000,0.0000000000000000000
17,2247.6028698504400000000,26.0301445951499000000,337.2328386734410000000,0.0000000000000000000,0.0000000000000000000,70.4172393501364000000,0.0000000000000000000,0.0000000000000000000,0.0000000000000000000,0.0000000000000000000,0.0000000000000000000,0.0000000000000000000
18,9955.5291482373200000000,63.0730426728631000000,3879.6698254466700000000,0.0000000000000000000,1.0041628480243700000,132.1677415494870000000,0.0000000000000000000,0.0000000000000000000,0.0000000000000000000,0.0000000000000000000,0.0000000000000000000,0.0000000000000000000
19,93720.5344554296000000000,475.5507185652380000000,6252.2371417775100000000,3906.6562798511700000000,38.1581882249261000000,764.8395535568670000000,0.0000000000000000000,0.0000000000000000000,0.0000000000000000000,0.0000000000000000000,0.0000000000000000000,0.0000000000000000000
20,113534.4802893760000000000,587.6805722058840000000,7195.2953455014700000000,4903.5478593171600000000,51.2123052492430000000,1264.2602818709100000000,10.3861750427718000000,0.0000000000000000000,0.0000000000000000000,0.0000000000000000000,477636.6531474960000000000,47.4011419220832000000
21,170282.1978256180000000000,1197.3866513768900000000,8455.6906452042700000000,6731.5153847908600000000,254.0532005501660000000,1925.0989896183500000000,46.7377876924731000000,0.0000000000000000000,0.0000000000000000000,0.0000000000000000000,433729.1859816590000000000,74.3336089232669000000
22,201203.0061264330000000000,1183.3704196718100000000,9167.9582336708900000000,7828.2959000750800000000,470.9523757234300000000,2386.6027428977000000000,99.7072804106093000000,0.0000000000000000000,5.1930875213859000000,5.1930875213859000000,404655.8969773670000000000,63.5606221227934000000
23,367345.4098020150000000000,1199.3889701919100000000,11808.1232892441000000000,23185.2208927705000000000,2150.9168204682000000000,3369.1940673680700000000,185.9125332656150000000,5.1930875213859000000,9.3475575384946200000,0.0000000000000000000,231386.0572042300000000000,108.8071666847820000000
24,403901.7444076800000000000,1153.3356374466400000000,12594.9999128154000000000,28128.7243264150000000000,2557.6027739180700000000,3575.0290746992300000000,304.3149287532140000000,5.1930875213859000000,15.5792625641577000000,10.3861750427718000000,198863.8065970910000000000,118.5028548052080000000
25,450703.9443897600000000000,1144.3252027790900000000,13119.2527328181000000000,32164.2373334717000000000,3316.7498870245000000000,3523.0286517945200000000,508.9225770958180000000,10.3861750427718000000,21.8109675898208000000,10.3861750427718000000,154808.5846208030000000000,142.2034257662500000000
26,469885.1574781630000000000,1081.2521601062300000000,13160.0390053420000000000,33548.6979839124000000000,3754.5648887631300000000,3377.8608045188500000000,714.5688429427000000000,16.6178800684349000000,43.6219351796416000000,15.5792625641577000000,133392.2332594540000000000,145.4353218063920000000
27,481090.1335669670000000000,1038.2023055834800000000,13463.4490814347000000000,35989.9835753101000000000,4009.6222521613200000000,3192.6092979208000000000,940.9874588751250000000,16.6178800684349000000,47.7764051967503000000,15.5792625641577000000,124985.3893525120000000000,188.5272690082860000000
28,480212.1167665850000000000,991.1478134307060000000,13513.1884381712000000000,37591.2032164764000000000,4228.5297530306300000000,3167.6924286122900000000,1207.9121574743600000000,10.3861750427718000000,69.5873727865711000000,24.9268201026523000000,113023.3218215060000000000,216.5370346895170000000
29,499840.8481101430000000000,1032.1953491384400000000,14097.1284862576000000000,40438.0378872961000000000,4829.0191361492000000000,3155.7756650299600000000,1514.3043212361300000000,21.8109675898208000000,63.3556677609080000000,20.7723500855436000000,113382.5886551370000000000,255.3197871712210000000
30,485535.2813362930000000000,991.1478134307060000000,13193.8617679229000000000,40367.1167428651000000000,4665.3405919212300000000,2972.6908427196100000000,1727.2209096129500000000,30.1199076240382000000,93.4755753849462000000,31.1585251283154000000,106865.1846873130000000000,283.3295528524520000000
31,486918.8836374660000000000,974.1281035031080000000,13886.2336136949000000000,41488.8694921039000000000,4855.1273701978400000000,2831.8563640193300000000,1916.2492953914000000000,44.6605526839187000000,114.2479254704900000000,31.1585251283154000000,107130.3337307240000000000,256.3970858512680000000
32,485078.7526464700000000000,1011.1710015808200000000,14096.1336991229000000000,42870.3334744701000000000,5133.2804791005900000000,2772.2725461076800000000,2071.0033035287000000000,47.7764051967503000000,136.0588930603110000000,47.7764051967503000000,110534.7664865880000000000,289.7933449327360000000
33,481787.9416739990000000000,1014.1744798033400000000,14567.6628009849000000000,42255.0176298298000000000,5078.0515224592500000000,2585.9376973657800000000,2250.6841317686500000000,50.8922577095818000000,125.6727180175390000000,51.9308752138590000000,109462.0260819460000000000,294.1025396529250000000
34,488743.9972373490000000000,961.1130312055340000000,14893.9529811763000000000,44195.8596527781000000000,5050.9391255625900000000,2574.0209337834500000000,2349.3527946749800000000,45.6991701881959000000,175.5263582228430000000,44.6605526839187000000,111413.1991952940000000000,293.0252409728780000000
35,510261.9163828700000000000,902.0446261626930000000,16461.7375055106000000000,46594.1930017739000000000,5454.6125904683900000000,2658.5216210036100000000,2521.7633003849900000000,44.6605526839187000000,184.8739157613380000000,41.5447001710872000000,115173.8627270380000000000,313.4939158937780000000
36,511878.7888259920000000000,917.0620172752800000000,17145.1562670701000000000,46419.3873640920000000000,5540.9705953984800000000,2452.6866136724400000000,2490.6047752566800000000,48.8150227010275000000,199.4145608212190000000,61.2784327523536000000,122645.6008472930000000000,340.4263828949610000000
37,525299.3306836070000000000,894.0353509026470000000,17308.3013571658000000000,43227.9358646994000000000,5296.9590233285600000000,2506.8537208648600000000,2573.6941755988500000000,70.6259902908482000000,222.2641459153170000000,67.5101377780167000000,127715.8172881000000000000,342.5809802550560000000
38,543734.6800134180000000000,975.1292629106140000000,17737.0546122344000000000,41923.3863629132000000000,5158.3845503012000000000,2329.1856092737400000000,2642.2429308811500000000,70.6259902908482000000,213.9552058810990000000,63.3556677609080000000,129040.5504859080000000000,395.3686155773760000000
39,559928.4334298240000000000,964.1165094280510000000,17643.5446215698000000000,40922.4992260145000000000,5353.1921428179300000000,2329.1856092737400000000,2723.2550962147700000000,74.7804603079570000000,240.9592609923060000000,86.2052528550059000000,136488.0001441710000000000,386.7502261369970000000
40,575615.6001860320000000000,1014.1744798033400000000,17688.3100426326000000000,39764.7864598812000000000,5226.6676239668500000000,2407.1862436308200000000,2948.6350946429100000000,78.9349303250657000000,232.6503209580880000000,76.8576953165113000000,139200.2117332650000000000,453.5427442999330000000
41,575760.7683001200000000000,937.0852054253950000000,17668.4142999380000000000,38493.2003069150000000000,5326.0797459212700000000,2234.9348427589500000000,3078.4622826775600000000,71.6646077951254000000,251.3454360350780000000,83.0894003421744000000,143957.7142259260000000000,440.6151601393640000000
42,572772.3074687150000000000,976.1304223181200000000,18141.9329760694000000000,38106.6301252985000000000,5393.3586567389000000000,2259.8517120674600000000,2965.2529747113500000000,83.0894003421744000000,297.0446062232730000000,98.6686629063321000000,143401.1036386120000000000,456.7746403400750000000
43,584503.8934058680000000000,973.1269440956030000000,18417.4890123896000000000,38528.1614344514000000000,5478.7124988209700000000,2208.9346313065900000000,3073.2691951561800000000,99.7072804106093000000,280.4267261548390000000,101.7845154191640000000,144990.9858798310000000000,477.2433152609740000000
44,611210.8217604920000000000,969.1223064655800000000,19583.3795342931000000000,39145.4750578081000000000,5452.6042647723400000000,2141.7674183880000000000,3307.9967511228200000000,87.2438703592831000000,274.1950211291750000000,97.6300454020549000000,153301.6879580560000000000,477.2433152609740000000
45,629059.4916775040000000000,1020.1814362483700000000,20550.3126292506000000000,40127.3832969014000000000,5687.5783712100400000000,2299.9353713898400000000,3381.7385939265000000000,116.3251604790440000000,304.3149287532140000000,113.2093079662130000000,162727.6352494080000000000,499.8665875419680000000
46,647233.5384019560000000000,1001.1594075057600000000,21545.0997639805000000000,40407.0723171924000000000,5783.9780046203800000000,2273.9351599374800000000,3507.4113119440400000000,98.6686629063321000000,331.3189838644200000000,108.0162204448270000000,166520.6833971410000000000,513.8714703825840000000
47,661114.6135870240000000000,1071.2405660311700000000,21966.8895091060000000000,40465.0078999670000000000,5679.5450684258500000000,2311.8521349721700000000,3674.6287301326600000000,96.5914278977777000000,342.7437764114690000000,99.7072804106093000000,169839.0945167830000000000,518.1806651027730000000
48,691104.3436388590000000000,1049.2150590660400000000,23218.3317245962000000000,42475.7721779881000000000,5663.4784628574600000000,2354.1024785822500000000,3658.0108500642300000000,99.7072804106093000000,412.3311491980400000000,109.0548379491040000000,175596.4720281110000000000,531.1082492633410000000
49,727693.7165049720000000000,1078.2486818837100000000,26559.8217101540000000000,46005.8471698045000000000,5848.2444268939400000000,2516.6038001594900000000,4001.7932439799700000000,108.0162204448270000000,432.0648817793070000000,122.5568655047070000000,188848.8641024350000000000,531.1082492633410000000
50,741378.5644461680000000000,1038.2023055834800000000,27079.1005944830000000000,47413.2822754834000000000,5893.4317550550400000000,2646.6048574212800000000,4301.9537027160800000000,123.5954830089840000000,474.6481994546710000000,145.4064505988050000000,201614.4749176720000000000,536.4947426635780000000
51,735364.5998852810000000000,1084.2556383287400000000,26485.2126750492000000000,47967.6658692746000000000,6006.9021568817900000000,2680.1884638805800000000,4548.1060512297700000000,126.7113355218160000000,509.9611946000950000000,140.2133630774190000000,201203.5951023090000000000,509.5622756623950000000
52,713038.7450979030000000000,1009.1686827658100000000,24834.8608185323000000000,46675.1030397867000000000,5826.1528442374100000000,2839.4397590262700000000,4680.0104742729700000000,149.5609206159140000000,499.5750195573240000000,114.2479254704900000000,202554.6408006080000000000,528.9536519032470000000
53,681733.4915846050000000000,1049.2150590660400000000,23558.5489246738000000000,45142.8067643349000000000,5752.8489563316300000000,2675.8550953051800000000,4769.3315796408100000000,163.0629481715170000000,524.5018396599760000000,123.5954830089840000000,196418.7680899070000000000,519.2579637828210000000
54,658610.7139088520000000000,1078.2486818837100000000,23171.5767292639000000000,43328.8236898758000000000,5561.0538523589700000000,2661.7716474351600000000,4905.3904727011200000000,113.2093079662130000000,491.2660795231060000000,125.6727180175390000000,191207.8809733970000000000,493.4027954616840000000
55,651507.4879125990000000000,1116.2927393689300000000,20880.5819579809000000000,44044.0284703343000000000,5535.9497811583600000000,2780.9392832584700000000,5214.8984889757200000000,154.7540081373000000000,532.8107796941930000000,139.1747455731420000000,199445.7176656460000000000,436.3059654191750000000
56,637211.9327328240000000000,1146.3275215941000000000,17868.3665140187000000000,44780.2099273147000000000,5491.7666158452900000000,2827.5229954439400000000,5509.8658601904400000000,164.1015656757940000000,565.0079223267860000000,99.7072804106093000000,192804.8473493640000000000,497.7119901818740000000
57,524347.2280870690000000000,1022.1837550633900000000,15144.6393391282000000000,39072.5561346608000000000,5054.9557769546900000000,2431.0197707954700000000,4715.3234694184000000000,138.1361280688650000000,566.0465398310630000000,106.9776029405500000000,168618.5993016910000000000,407.2189010578970000000
58,553158.5935162700000000000,1104.2788264788600000000,15726.5898129452000000000,44771.2199230911000000000,5625.3202746325300000000,2771.1892039638300000000,5549.3333253529700000000,126.7113355218160000000,719.7619304640860000000,151.6381556244680000000,182328.4240768620000000000,407.2189010578970000000
59,555912.7830463180000000000,1142.3228839640800000000,16547.2891990974000000000,46830.9297796631000000000,6127.4016986447200000000,3118.9420321391200000000,5953.3555345168000000000,136.0588930603110000000,884.9021136441570000000,141.2519805816960000000,192020.5324308760000000000,371.6680446163340000000
60,492499.3461749030000000000,1053.2196966960600000000,15716.6419415979000000000,45267.6679341077000000000,5968.7439686568700000000,4394.0357354485100000000,6923.1664308645500000000,45.6767934992377000000,298.4914740045860000000,114.3177237145090000000,0.0000000000000000000,13466.2335005918000000000
61,481223.2877681660000000000,1106.2811452938700000000,9640.4821226675900000000,21765.7991147934000000000,6533.0834892465600000000,8103.3992359849300000000,8023.0918603899600000000,52.9337426439253000000,345.9146243842260000000,132.4800736471170000000,0.0000000000000000000,15103.7274942637000000000
62,456739.9344576120000000000,1115.2915799614200000000,8533.2840417132000000000,19746.0448325487000000000,6308.1510112891000000000,9018.8233475367100000000,8927.5317528299000000000,58.9009419900622000000,384.9094397391470000000,147.4144986349930000000,0.0000000000000000000,13902.5394660110000000000
63,430637.7063851220000000000,1053.2196966960600000000,7333.5707572289300000000,17068.0224632618000000000,6375.4299221067400000000,9810.7464546897800000000,9078.1034261470500000000,59.8943647681541000000,391.4013190201950000000,149.9007902937870000000,0.0000000000000000000,12018.3440746082000000000
64,396861.5914541000000000000,986.1420163931780000000,6326.8461768822500000000,14341.0545154240000000000,5919.5399891036700000000,12304.6000698285000000000,8184.9651387240300000000,54.0017297248869000000,352.8937709834590000000,135.1529813251500000000,0.0000000000000000000,10807.4603582350000000000
65,327256.9848066690000000000,786.9112942995310000000,4475.5473191498800000000,8637.3962802027800000000,5378.2962140185400000000,14673.8693384246000000000,0.0000000000000000000,0.0000000000000000000,0.0000000000000000000,0.0000000000000000000,0.0000000000000000000,257.4743845313160000000
66,259877.9555221240000000000,746.8649179993000000000,943.0582037239590000000,2853.8268963269700000000,3373.9871693618900000000,15809.2119051776000000000,0.0000000000000000000,0.0000000000000000000,0.0000000000000000000,0.0000000000000000000,0.0000000000000000000,223.0008267698010000000
67,236071.3859710440000000000,790.9159319295540000000,431.7376164727830000000,1053.8282728823800000000,3094.8298976111100000000,15769.1282458552000000000,0.0000000000000000000,0.0000000000000000000,0.0000000000000000000,0.0000000000000000000,0.0000000000000000000,170.2131914474810000000
68,216492.7125978610000000000,773.8962220019560000000,367.0764527153380000000,991.8971326750730000000,2694.1689212493900000000,15895.8792766854000000000,0.0000000000000000000,0.0000000000000000000,0.0000000000000000000,0.0000000000000000000,0.0000000000000000000,122.8120495253970000000
69,194417.1476623590000000000,700.8115852540350000000,294.4569918800550000000,823.0848311422560000000,2347.7327386809800000000,14458.2842517988000000000,0.0000000000000000000,0.0000000000000000000,0.0000000000000000000,0.0000000000000000000,0.0000000000000000000,71.1017128831248000000
70,161905.4970630170000000000,595.6898474659300000000,0.0000000000000000000,0.0000000000000000000,0.0000000000000000000,0.0000000000000000000,0.0000000000000000000,0.0000000000000000000,0.0000000000000000000,0.0000000000000000000,0.0000000000000000000,0.0000000000000000000
71,148435.8983944350000000000,601.6968039109640000000,0.0000000000000000000,0.0000000000000000000,0.0000000000000000000,0.0000000000000000000,0.0000000000000000000,0.0000000000000000000,0.0000000000000000000,0.0000000000000000000,0.0000000000000000000,0.0000000000000000000
72,133607.7264098670000000000,528.6121671630440000000,0.0000000000000000000,0.0000000000000000000,0.0000000000000000000,0.0000000000000000000,0.0000000000000000000,0.0000000000000000000,0.0000000000000000000,0.0000000000000000000,0.0000000000000000000,0.0000000000000000000
73,126617.6314266610000000000,527.6110077555380000000,0.0000000000000000000,0.0000000000000000000,0.0000000000000000000,0.0000000000000000000,0.0000000000000000000,0.0000000000000000000,0.0000000000000000000,0.0000000000000000000,0.0000000000000000000,0.0000000000000000000
74,119699.6199207970000000000,514.5959354579630000000,0.0000000000000000000,0.0000000000000000000,0.0000000000000000000,0.0000000000000000000,0.0000000000000000000,0.0000000000000000000,0.0000000000000000000,0.0000000000000000000,0.0000000000000000000,0.0000000000000000000
75,103623.0021550690000000000,424.4915887824440000000,0.0000000000000000000,0.0000000000000000000,0.0000000000000000000,0.0000000000000000000,0.0000000000000000000,0.0000000000000000000,0.0000000000000000000,0.0000000000000000000,0.0000000000000000000,0.0000000000000000000
76,84838.2481920385000000000,319.3698509943390000000,0.0000000000000000000,0.0000000000000000000,0.0000000000000000000,0.0000000000000000000,0.0000000000000000000,0.0000000000000000000,0.0000000000000000000,0.0000000000000000000,0.0000000000000000000,0.0000000000000000000
77,53355.7894636122000000000,212.2457943912220000000,0.0000000000000000000,0.0000000000000000000,0.0000000000000000000,0.0000000000000000000,0.0000000000000000000,0.0000000000000000000,0.0000000000000000000,0.0000000000000000000,0.0000000000000000000,0.0000000000000000000
78,31032.9381544562000000000,97.1124625280591000000,0.0000000000000000000,0.0000000000000000000,0.0000000000000000000,0.0000000000000000000,0.0000000000000000000,0.0000000000000000000,0.0000000000000000000,0.0000000000000000000,0.0000000000000000000,0.0000000000000000000
79,32794.9787116663000000000,87.1008684530015000000,0.0000000000000000000,0.0000000000000000000,0.0000000000000000000,0.0000000000000000000,0.0000000000000000000,0.0000000000000000000,0.0000000000000000000,0.0000000000000000000,0.0000000000000000000,0.0000000000000000000
80,29901.6280239747000000000,91.1055060830245000000,0.0000000000000000000,0.0000000000000000000,0.0000000000000000000,0.0000000000000000000,0.0000000000000000000,0.0000000000000000000,0.0000000000000000000,0.0000000000000000000,0.0000000000000000000,0.0000000000000000000
81,23635.3712923961000000000,73.0846367479208000000,0.0000000000000000000,0.0000000000000000000,0.0000000000000000000,0.0000000000000000000,0.0000000000000000000,0.0000000000000000000,0.0000000000000000000,0.0000000000000000000,0.0000000000000000000,0.0000000000000000000
82,19635.7394594106000000000,51.0591297827940000000,0.0000000000000000000,0.0000000000000000000,0.0000000000000000000,0.0000000000000000000,0.0000000000000000000,0.0000000000000000000,0.0000000000000000000,0.0000000000000000000,0.0000000000000000000,0.0000000000000000000
83,15087.4722711119000000000,31.0359416326787000000,0.0000000000000000000,0.0000000000000000000,0.0000000000000000000,0.0000000000000000000,0.0000000000000000000,0.0000000000000000000,0.0000000000000000000,0.0000000000000000000,0.0000000000000000000,0.0000000000000000000
84,11126.8856550191000000000,29.0336228176672000000,0.0000000000000000000,0.0000000000000000000,0.0000000000000000000,0.0000000000000000000,0.0000000000000000000,0.0000000000000000000,0.0000000000000000000,0.0000000000000000000,0.0000000000000000000,0.0000000000000000000
85,0.0000000000000000000,0.0000000000000000000,0.0000000000000000000,0.0000000000000000000,0.0000000000000000000,0.0000000000000000000,0.0000000000000000000,0.0000000000000000000,0.0000000000000000000,0.0000000000000000000,0.0000000000000000000,0.0000000000000000000
86,0.0000000000000000000,0.0000000000000000000,0.0000000000000000000,0.0000000000000000000,0.0000000000000000000,0.0000000000000000000,0.0000000000000000000,0.0000000000000000000,0.0000000000000000000,0.0000000000000000000,0.0000000000000000000,0.0000000000000000000
87,0.0000000000000000000,0.0000000000000000000,0.0000000000000000000,0.0000000000000000000,0.0000000000000000000,0.0000000000000000000,0.0000000000000000000,0.0000000000000000000,0.0000000000000000000,0.0000000000000000000,0.0000000000000000000,0.0000000000000000000
88,0.0000000000000000000,0.0000000000000000000,0.0000000000000000000,0.0000000000000000000,0.0000000000000000000,0.0000000000000000000,0.0000000000000000000,0.0000000000000000000,0.0000000000000000000,0.0000000000000000000,0.0000000000000000000,0.0000000000000000000
89,0.0000000000000000000,0.0000000000000000000,0.0000000000000000000,0.0000000000000000000,0.0000000000000000000,0.0000000000000000000,0.0000000000000000000,0.0000000000000000000,0.0000000000000000000,0.0000000000000000000,0.0000000000000000000,0.0000000000000000000
èó,,,,,,,,,,,,
îNóÓ,å˙îNÇPÅEÇQéÌ,å˙îNÇRéÌ,çëã§ÇQçÜ,ínã§ÇQçÜ,éÑäwÇQçÜ,ÉpÅ[Ég,å˙îNÇRçÜ,çëã§ÇRçÜ,ínã§ÇRçÜ,éÑäwÇRçÜ,ÇPçÜàÍî ,ÇPçÜîCà”
15,0.0000000000000000000,0.0000000000000000000,0.0000000000000000000,0.0000000000000000000,0.0000000000000000000,0.0000000000000000000,0.0000000000000000000,0.0000000000000000000,0.0000000000000000000,0.0000000000000000000,0.0000000000000000000,0.0000000000000000000
16,292.4180509782520000000,0.0000000000000000000,0.0000000000000000000,0.0000000000000000000,0.0000000000000000000,35.8979279502338000000,0.0000000000000000000,0.0000000000000000000,0.0000000000000000000,0.0000000000000000000,0.0000000000000000000,0.0000000000000000000
17,724.9950988047000000000,0.0000000000000000000,0.0000000000000000000,0.0000000000000000000,0.0000000000000000000,79.6485276395812000000,0.0000000000000000000,0.0000000000000000000,0.0000000000000000000,0.0000000000000000000,0.0000000000000000000,0.0000000000000000000
18,6952.4912465346400000000,0.0000000000000000000,733.6403634088870000000,0.0000000000000000000,0.0000000000000000000,176.1242090058340000000,0.0000000000000000000,0.0000000000000000000,0.0000000000000000000,0.0000000000000000000,0.0000000000000000000,0.0000000000000000000
19,61207.1314221754000000000,0.0000000000000000000,2680.2597045584700000000,1742.5359171717200000000,116.3946351714450000000,1104.9830947181300000000,0.0000000000000000000,0.0000000000000000000,0.0000000000000000000,0.0000000000000000000,0.0000000000000000000,0.0000000000000000000
20,80875.7745338367000000000,0.0000000000000000000,2476.4146517268400000000,2312.6558623744800000000,139.6735622057330000000,1994.5786217348600000000,2430.3162588630100000000,152.7460579029190000000,103.1279117051560000000,0.9729048274071300000,484217.8515881190000000000,50.5732095603376000000
21,162676.1951116290000000000,0.0000000000000000000,3432.0644786157200000000,4467.4478245781700000000,5311.6438728673100000000,3255.4933409868300000000,5042.5657204511600000000,248.0907309888180000000,196.5267751362400000000,7.7832386192570400000,404407.1543452400000000000,80.5042927695169000000
22,202298.8410191820000000000,0.0000000000000000000,5714.7254167600100000000,7752.4246516987900000000,6750.8888399437800000000,4038.5168944013000000000,8602.4244839338500000000,388.1890261354450000000,329.8147364910170000000,19.4580965481426000000,361952.8491165640000000000,70.1832295939379000000
23,376359.1733568260000000000,0.0000000000000000000,10836.0800856735000000000,27747.8483382983000000000,13777.0762952496000000000,5465.4595304230900000000,13368.6852334014000000000,427.1052192317300000000,835.7252467427250000000,76.8594813651633000000,160941.6155165140000000000,149.6554160458970000000
24,386630.1053129100000000000,0.0000000000000000000,11456.6974494926000000000,34934.1750549897000000000,14537.1838692822000000000,5839.0223431552100000000,19068.9346171798000000000,591.5261350635350000000,1316.3402314818500000000,118.6943889436700000000,145792.4329997410000000000,173.3938613497290000000
25,405925.6633250480000000000,0.0000000000000000000,11341.6561820529000000000,36528.9020974793000000000,14050.3506560869000000000,6113.8658540241900000000,27136.2614460397000000000,787.0800053723680000000,1922.4599389564900000000,197.4996799636470000000,123611.5066162460000000000,243.5770909436670000000
26,404844.7248745350000000000,0.0000000000000000000,11354.7749230768000000000,35980.9032083514000000000,13317.5705181380000000000,6267.5538580611300000000,36101.5794305964000000000,1008.9023060211900000000,2560.6855057355700000000,285.0611144302890000000,113216.5350547900000000000,307.5676826322570000000
27,404922.3669087600000000000,0.0000000000000000000,10216.4718557793000000000,35013.6097563496000000000,12045.3265493510000000000,6749.9322648924000000000,46794.7763886282000000000,1307.5840880351800000000,3480.0805676353000000000,385.2703116532240000000,106399.0996555430000000000,440.7093975972270000000
28,395043.6784762290000000000,0.0000000000000000000,9100.3697348299100000000,34310.7634746975000000000,10751.8279080544000000000,7027.0193962582600000000,56518.9601385624000000000,1587.7806783284400000000,4398.5027247076400000000,492.2898426680080000000,99584.6969232881000000000,446.9020355025750000000
29,400780.1139659370000000000,0.0000000000000000000,8973.2188602913700000000,35807.9567699478000000000,10313.5768034523000000000,7696.7401145798100000000,69292.2276175906000000000,1951.6470837787000000000,5574.7446610428600000000,662.5481874642560000000,99742.3956069005000000000,549.0805609408080000000
30,374530.0480310520000000000,0.0000000000000000000,8453.5148889632100000000,35196.6112202418000000000,9532.2145569101300000000,7700.1055453251500000000,78970.6848406368000000000,2143.3093347779100000000,6530.1372015566600000000,751.0825267583050000000,95090.2844403323000000000,541.8558167179020000000
31,363624.8714057770000000000,0.0000000000000000000,8505.9898530584700000000,35016.6262639961000000000,8991.7385988096800000000,8186.9711931501900000000,90287.5137930365000000000,2572.3603636644500000000,7653.8422772118900000000,891.1808219049310000000,96374.1134671775000000000,555.2731988461550000000
32,353284.3641203210000000000,0.0000000000000000000,7743.0846058272300000000,34404.2752117413000000000,8661.7851112802000000000,8772.5561428383800000000,101907.8890515870000000000,2958.6035801450800000000,8960.4534604196700000000,1067.2765956656200000000,97764.0858387619000000000,531.5347535423230000000
33,340614.5958081090000000000,0.0000000000000000000,7433.2804908801400000000,33654.1703102929000000000,8113.2121350808700000000,9130.4136120922700000000,113275.3090550120000000000,3422.6791828182800000000,9887.6317609386600000000,1182.0793652996600000000,98123.9623218776000000000,501.6036703331440000000
34,334745.0596883000000000000,0.0000000000000000000,7433.2804908801400000000,34085.5309037532000000000,7865.2409558025700000000,9794.5252791716000000000,125566.9886444740000000000,3824.4888765374300000000,11303.2082848160000000000,1285.2072770048200000000,98648.6137115883000000000,537.7273914476710000000
35,341454.5414510910000000000,0.0000000000000000000,8149.7655775655800000000,34440.4733035002000000000,7940.1383732172400000000,10583.1578838283000000000,142597.6876482360000000000,4599.8940239809100000000,12964.9297300274000000000,1509.9482921358700000000,100199.3174337780000000000,507.7963082384910000000
36,333232.5525280680000000000,0.0000000000000000000,8262.7885771553900000000,32909.0929215888000000000,7694.1914484636700000000,11175.4736950071000000000,152784.0011911880000000000,5118.4522969889100000000,13800.6549767701000000000,1638.3717293536100000000,106108.9745132560000000000,593.4611325957980000000
37,334580.7005768880000000000,0.0000000000000000000,8398.0125230932100000000,30752.2899542874000000000,7626.3789218855200000000,11891.1886335149000000000,165859.8420715400000000000,5466.7522252006600000000,13597.3178678421000000000,1657.8298259017500000000,110545.7663233530000000000,594.4932389133560000000
38,343301.8168627880000000000,0.0000000000000000000,8309.2087377012100000000,29962.9704534335000000000,7453.3051600218900000000,12439.7538450044000000000,175620.9962049160000000000,5732.3552430828100000000,13494.1899561369000000000,1651.9923969373100000000,111750.7460083920000000000,616.1674715820720000000
39,352111.6669020880000000000,0.0000000000000000000,7699.6918470561400000000,29771.9249691504000000000,7763.0161023041700000000,13533.5188372381000000000,186838.5888649200000000000,5891.9116347775800000000,13609.9656305983000000000,1770.6867858809800000000,116640.4160893770000000000,761.6944623577370000000
40,358145.5621333080000000000,0.0000000000000000000,7789.5047663730400000000,29898.6182903065000000000,7873.3379739014500000000,13950.8322496596000000000,197309.9635223030000000000,6068.0074085382700000000,13585.6430099132000000000,1776.5242148454200000000,117412.7352834790000000000,789.5613329318010000000
41,357572.8260886340000000000,0.0000000000000000000,7488.7828567501400000000,29224.9315825714000000000,7876.3743556885300000000,14360.2929903420000000000,201074.1322995410000000000,6177.9456540352800000000,13403.7098071880000000000,1844.6275527639200000000,119065.5387944170000000000,830.8455856341170000000
42,354907.7884723040000000000,0.0000000000000000000,7380.8055267848700000000,29327.4928425549000000000,7858.1560649660500000000,14505.0065123913000000000,200556.5469313610000000000,6358.9059519330000000000,13302.5277051377000000000,1872.8417927587300000000,119609.3970750810000000000,898.9646025929390000000
43,363551.2627239790000000000,0.0000000000000000000,7230.4445719734200000000,28944.3963714399000000000,7909.7745553464300000000,15087.2260313342000000000,204612.5871568210000000000,6455.2235298463100000000,13448.4634292488000000000,1902.0289375809400000000,118369.0362751290000000000,927.8635794845610000000
44,385199.2735393310000000000,0.0000000000000000000,6983.2067603707000000000,29402.9055337193000000000,8107.1393715067000000000,16445.7382422008000000000,211967.7476520190000000000,6802.5505532306500000000,13540.8893878524000000000,1876.7334120683500000000,124877.1396411360000000000,972.2441511395510000000
45,399575.1499282860000000000,0.0000000000000000000,7377.7781250101500000000,29997.1575400947000000000,8169.8912617730500000000,16904.5586338147000000000,215689.1086168510000000000,7056.4787131839200000000,13721.8496857502000000000,1935.1077017127800000000,132577.0811352150000000000,1049.6521249563900000000
46,411600.5901902390000000000,0.0000000000000000000,7471.6275800266900000000,30539.1234139294000000000,8611.1787481621800000000,18116.1137021352000000000,221755.1702157350000000000,7394.0766882941900000000,13809.4111202168000000000,1966.2406561898100000000,134893.0278285240000000000,1053.7805502266300000000
47,418623.6651042520000000000,0.0000000000000000000,7749.1394093766800000000,30859.8787270152000000000,8688.1004201015700000000,18424.6115204575000000000,226250.9634231830000000000,7529.3104593037800000000,13812.3298346990000000000,1928.2973679209300000000,139057.8904982900000000000,1075.4547828953400000000
48,437980.7317409050000000000,0.0000000000000000000,8168.9391221388500000000,31908.6178854746000000000,8628.3849116223000000000,19442.0934157969000000000,235743.5958241940000000000,7934.0388675051500000000,14454.4470207877000000000,1917.5954148194500000000,146640.5688686560000000000,1172.4727767457900000000
49,459743.6931004350000000000,0.0000000000000000000,9092.2966634306400000000,33593.8401573614000000000,8907.7320360337700000000,20863.4270005765000000000,250697.1430214420000000000,9165.7363790025700000000,15811.6492550207000000000,1999.3194203216500000000,158147.5183273800000000000,1175.5690956984600000000
50,467734.7725969960000000000,0.0000000000000000000,9271.9225020644500000000,34829.6027899085000000000,8894.5743816230800000000,22018.8915564746000000000,257176.6891719730000000000,9408.9625858543600000000,16407.0670093938000000000,2028.5065651438700000000,170995.9174858070000000000,1161.1196072526500000000
51,465607.1791916020000000000,0.0000000000000000000,8979.2736638408300000000,35344.4200949240000000000,8678.9912747403200000000,22558.4822859766000000000,256511.2222700270000000000,9253.2978134692200000000,16689.2094093419000000000,2079.0976161690400000000,169329.9724179010000000000,1137.3811619488200000000
52,446891.4155908870000000000,0.0000000000000000000,7795.5595699225000000000,34018.1622329797000000000,8475.5536950058800000000,22399.1852306974000000000,250679.6307345490000000000,8742.5227790804700000000,16363.2862921605000000000,2031.4252796260900000000,176156.5058181260000000000,1048.6200186388400000000
53,427539.3906447680000000000,0.0000000000000000000,7032.6543226912500000000,31670.3137813952000000000,7837.9135197188400000000,21818.0875220030000000000,240206.3102675110000000000,8310.5530357117100000000,15860.2944963910000000000,2010.9942782505400000000,175684.4206562860000000000,941.2809616128130000000
54,410636.6189601180000000000,0.0000000000000000000,6207.1827721156400000000,30183.1755116335000000000,7366.2622154589000000000,22046.9368126858000000000,233047.6765474490000000000,8207.4251240065500000000,15284.3348385660000000000,1951.6470837787000000000,175247.7166093590000000000,879.3545825593390000000
55,403887.8120111610000000000,0.0000000000000000000,5974.0728354616400000000,30003.1905553878000000000,7086.9150910474300000000,22170.3359400147000000000,230716.5965809820000000000,7399.9141172586300000000,15545.0733323111000000000,1943.8638451594500000000,186426.1271438900000000000,805.0429276951690000000
56,391603.2288557540000000000,0.0000000000000000000,5520.9717031774700000000,29598.9785307467000000000,6918.9019654956100000000,21766.4842505746000000000,222060.6623315400000000000,6230.4825147152600000000,15548.9649516208000000000,1897.1644134439000000000,192040.6046360940000000000,796.7860771547060000000
57,319196.4860811120000000000,0.0000000000000000000,4480.5546265962300000000,25016.9034155987000000000,5876.4108852644100000000,19122.3774949902000000000,181693.8681375910000000000,5248.8215438614700000000,13485.4338126902000000000,1735.6622120943200000000,173042.9677057770000000000,607.9106210416090000000
58,333170.0355654450000000000,0.0000000000000000000,4100.1111369055200000000,25742.8762558745000000000,6000.9025385347400000000,20939.7100974707000000000,189603.5843844110000000000,5388.9198390080900000000,15279.4703144290000000000,1909.8121762002000000000,203036.0442620740000000000,597.5895578660300000000
59,328999.5491556310000000000,0.0000000000000000000,3904.3391554731600000000,25845.4375158581000000000,5807.5862314239000000000,21201.0918853584000000000,181320.2726838670000000000,5392.8114583177200000000,15199.6921185816000000000,1977.9155141187000000000,233979.3564760370000000000,542.8879230354600000000
60,288074.1304140650000000000,0.0000000000000000000,3426.0096750662600000000,23410.1103425228000000000,5398.6868174303100000000,20920.6393232472000000000,192415.5399985650000000000,3966.1395963350900000000,9857.9244780284800000000,2594.4148668180900000000,0.0000000000000000000,20023.8946669410000000000
61,266491.6615756560000000000,0.0000000000000000000,1777.0848417648600000000,11278.7220905454000000000,4643.6398797094600000000,22109.7581865987000000000,186100.3603987560000000000,3835.9688010398900000000,9534.3821926155500000000,2509.2648012854800000000,0.0000000000000000000,21460.5866609816000000000
62,243021.5838012770000000000,0.0000000000000000000,1431.9610394459600000000,8829.3178815262100000000,4355.1836099367500000000,21427.6975555442000000000,168476.7152916900000000000,3472.7037721788400000000,8631.4792228537000000000,2271.6382204301100000000,0.0000000000000000000,21982.8324576659000000000
63,218555.2679773590000000000,0.0000000000000000000,1183.7140939183300000000,7208.4477727663600000000,3911.8718690229000000000,20512.3003928133000000000,158300.7298454130000000000,3262.9526324813400000000,8110.1382957141000000000,2134.4313819047900000000,0.0000000000000000000,17318.7440086217000000000
64,195061.9984265240000000000,0.0000000000000000000,863.8186397221560000000,6012.9052421736400000000,3420.9901467781100000000,19832.4833822557000000000,144991.2914471890000000000,2988.6136126881700000000,7428.2628163445900000000,1954.9749572854000000000,0.0000000000000000000,15833.5430176559000000000
65,156272.2397952050000000000,0.0000000000000000000,619.6082298941640000000,3273.9162990831700000000,2852.1746253315700000000,17273.6342055531000000000,0.0000000000000000000,0.0000000000000000000,0.0000000000000000000,0.0000000000000000000,0.0000000000000000000,231.1918151329720000000
66,119871.2341389470000000000,0.0000000000000000000,129.1691423883600000000,1486.1327672128200000000,1630.5370196625800000000,14768.6319207759000000000,0.0000000000000000000,0.0000000000000000000,0.0000000000000000000,0.0000000000000000000,0.0000000000000000000,205.3891571940240000000
67,104960.9385533760000000000,0.0000000000000000000,46.4201605458168000000,542.9713763835730000000,1382.5658403842900000000,12779.6623502832000000000,0.0000000000000000000,0.0000000000000000000,0.0000000000000000000,0.0000000000000000000,0.0000000000000000000,115.5959075664860000000
68,93443.7006972606000000000,0.0000000000000000000,63.5754372692709000000,414.2670501296890000000,1147.7523155166800000000,11820.5145878629000000000,0.0000000000000000000,0.0000000000000000000,0.0000000000000000000,0.0000000000000000000,0.0000000000000000000,103.2106317557910000000
69,80426.0557381943000000000,0.0000000000000000000,25.2283481227265000000,259.4196576054850000000,1008.0787533109500000000,10086.1959437672000000000,0.0000000000000000000,0.0000000000000000000,0.0000000000000000000,0.0000000000000000000,0.0000000000000000000,48.5089969252217000000
70,71633.3474467103000000000,0.0000000000000000000,0.0000000000000000000,0.0000000000000000000,0.0000000000000000000,0.0000000000000000000,0.0000000000000000000,0.0000000000000000000,0.0000000000000000000,0.0000000000000000000,0.0000000000000000000,0.0000000000000000000
71,64956.1325033379000000000,0.0000000000000000000,0.0000000000000000000,0.0000000000000000000,0.0000000000000000000,0.0000000000000000000,0.0000000000000000000,0.0000000000000000000,0.0000000000000000000,0.0000000000000000000,0.0000000000000000000,0.0000000000000000000
72,58617.7191638576000000000,0.0000000000000000000,0.0000000000000000000,0.0000000000000000000,0.0000000000000000000,0.0000000000000000000,0.0000000000000000000,0.0000000000000000000,0.0000000000000000000,0.0000000000000000000,0.0000000000000000000,0.0000000000000000000
73,55889.1562467985000000000,0.0000000000000000000,0.0000000000000000000,0.0000000000000000000,0.0000000000000000000,0.0000000000000000000,0.0000000000000000000,0.0000000000000000000,0.0000000000000000000,0.0000000000000000000,0.0000000000000000000,0.0000000000000000000
74,53797.8630132506000000000,0.0000000000000000000,0.0000000000000000000,0.0000000000000000000,0.0000000000000000000,0.0000000000000000000,0.0000000000000000000,0.0000000000000000000,0.0000000000000000000,0.0000000000000000000,0.0000000000000000000,0.0000000000000000000
75,45998.3677569858000000000,0.0000000000000000000,0.0000000000000000000,0.0000000000000000000,0.0000000000000000000,0.0000000000000000000,0.0000000000000000000,0.0000000000000000000,0.0000000000000000000,0.0000000000000000000,0.0000000000000000000,0.0000000000000000000
76,39024.7014102078000000000,0.0000000000000000000,0.0000000000000000000,0.0000000000000000000,0.0000000000000000000,0.0000000000000000000,0.0000000000000000000,0.0000000000000000000,0.0000000000000000000,0.0000000000000000000,0.0000000000000000000,0.0000000000000000000
77,25380.8784868054000000000,0.0000000000000000000,0.0000000000000000000,0.0000000000000000000,0.0000000000000000000,0.0000000000000000000,0.0000000000000000000,0.0000000000000000000,0.0000000000000000000,0.0000000000000000000,0.0000000000000000000,0.0000000000000000000
78,14602.7524629898000000000,0.0000000000000000000,0.0000000000000000000,0.0000000000000000000,0.0000000000000000000,0.0000000000000000000,0.0000000000000000000,0.0000000000000000000,0.0000000000000000000,0.0000000000000000000,0.0000000000000000000,0.0000000000000000000
79,15346.9059858241000000000,0.0000000000000000000,0.0000000000000000000,0.0000000000000000000,0.0000000000000000000,0.0000000000000000000,0.0000000000000000000,0.0000000000000000000,0.0000000000000000000,0.0000000000000000000,0.0000000000000000000,0.0000000000000000000
80,13848.5155590872000000000,0.0000000000000000000,0.0000000000000000000,0.0000000000000000000,0.0000000000000000000,0.0000000000000000000,0.0000000000000000000,0.0000000000000000000,0.0000000000000000000,0.0000000000000000000,0.0000000000000000000,0.0000000000000000000
81,10744.8508662905000000000,0.0000000000000000000,0.0000000000000000000,0.0000000000000000000,0.0000000000000000000,0.0000000000000000000,0.0000000000000000000,0.0000000000000000000,0.0000000000000000000,0.0000000000000000000,0.0000000000000000000,0.0000000000000000000
82,8967.1507839641100000000,0.0000000000000000000,0.0000000000000000000,0.0000000000000000000,0.0000000000000000000,0.0000000000000000000,0.0000000000000000000,0.0000000000000000000,0.0000000000000000000,0.0000000000000000000,0.0000000000000000000,0.0000000000000000000
83,7148.1088392580200000000,0.0000000000000000000,0.0000000000000000000,0.0000000000000000000,0.0000000000000000000,0.0000000000000000000,0.0000000000000000000,0.0000000000000000000,0.0000000000000000000,0.0000000000000000000,0.0000000000000000000,0.0000000000000000000
84,5214.1163503742800000000,0.0000000000000000000,0.0000000000000000000,0.0000000000000000000,0.0000000000000000000,0.0000000000000000000,0.0000000000000000000,0.0000000000000000000,0.0000000000000000000,0.0000000000000000000,0.0000000000000000000,0.0000000000000000000
85,0.0000000000000000000,0.0000000000000000000,0.0000000000000000000,0.0000000000000000000,0.0000000000000000000,0.0000000000000000000,0.0000000000000000000,0.0000000000000000000,0.0000000000000000000,0.0000000000000000000,0.0000000000000000000,0.0000000000000000000
86,0.0000000000000000000,0.0000000000000000000,0.0000000000000000000,0.0000000000000000000,0.0000000000000000000,0.0000000000000000000,0.0000000000000000000,0.0000000000000000000,0.0000000000000000000,0.0000000000000000000,0.0000000000000000000,0.0000000000000000000
87,0.0000000000000000000,0.0000000000000000000,0.0000000000000000000,0.0000000000000000000,0.0000000000000000000,0.0000000000000000000,0.0000000000000000000,0.0000000000000000000,0.0000000000000000000,0.0000000000000000000,0.0000000000000000000,0.0000000000000000000
88,0.0000000000000000000,0.0000000000000000000,0.0000000000000000000,0.0000000000000000000,0.0000000000000000000,0.0000000000000000000,0.0000000000000000000,0.0000000000000000000,0.0000000000000000000,0.0000000000000000000,0.0000000000000000000,0.0000000000000000000
89,0.0000000000000000000,0.0000000000000000000,0.0000000000000000000,0.0000000000000000000,0.0000000000000000000,0.0000000000000000000,0.0000000000000000000,0.0000000000000000000,0.0000000000000000000,0.0000000000000000000,0.0000000000000000000,0.0000000000000000000
