年度別年齢別,,,,,,,,,,,,,,,,,,,,,,,,,,,,,,,,,,,,,,,,,,,,,,,,,,,,,,,,,,,,,,,,,,,,,,,,,,,,,,,,,,,,,,,,,,,,,
男性,,,,,,,,,,,,,,,,,,,,,,,,,,,,,,,,,,,,,,,,,,,,,,,,,,,,,,,,,,,,,,,,,,,,,,,,,,,,,,,,,,,,,,,,,,,,,
年度,性,合計,15,16,17,18,19,20,21,22,23,24,25,26,27,28,29,30,31,32,33,34,35,36,37,38,39,40,41,42,43,44,45,46,47,48,49,50,51,52,53,54,55,56,57,58,59,60,61,62,63,64,65,66,67,68,69,70,71,72,73,74,75,76,77,78,79,80,81,82,83,84,85,86,87,88,89,90,91,92,93,94,95,96,97,98,99,100,101,102,103,104,105
2020,1,0,0.15870788,0.15870788,0.15870788,0.332432481,0.347022118,0.386516267,0.464093455,0.57119076,0.68046037,0.762925813,0.8096163,0.831389948,0.843687722,0.853221703,0.859611178,0.863524462,0.867927853,0.874788031,0.883673796,0.892381841,0.899550205,0.905071149,0.909378276,0.912427407,0.914278402,0.915927951,0.918060683,0.920897321,0.923946793,0.926941878,0.92927535,0.930165327,0.92909482,0.926500299,0.923681025,0.921784942,0.921273263,0.921438357,0.92136115,0.920070853,0.916830637,0.911437435,0.904474621,0.897035176,0.890092127,0.664909024,0.625367145,0.587545699,0.549867385,0.509967336,0.469580927,0.433719589,0.409103874,0.399008046,0.400934359,0.410087084,0.42071517,0.427533435,0.429438499,0.430638408,0.439829481,0.461173981,0.492675568,0.527104902,0.559085898,0.715660232,0.715660232,0.715660232,0.715660232,0.715660232,0.715660232,0.715660232,0.715660232,0.715660232,0.715660232,0.715660232,0.715660232,0.715660232,0.715660232,0.715660232,0.715660232,0.715660232,0.715660232,0.715660232,0.715660232,0.715660232,0.715660232,0.715660232,0.715660232,0.715660232,0.715660232
2021,1,0,0.178751322,0.178751322,0.178751322,0.331072862,0.350571204,0.394644207,0.47275674,0.576758329,0.682682545,0.76526912,0.815407955,0.840043747,0.851248831,0.858012033,0.863568202,0.868882757,0.873919304,0.879274811,0.885606464,0.893034983,0.900683708,0.907251849,0.911699666,0.913818634,0.914522793,0.915145751,0.916411085,0.918562975,0.921223727,0.923793149,0.925725643,0.926794214,0.926784752,0.926020564,0.924806334,0.923720216,0.922273227,0.920694858,0.918751955,0.916835297,0.914501198,0.911142782,0.906286491,0.900087211,0.893197425,0.670842543,0.631922781,0.596867695,0.563562714,0.528349992,0.490130505,0.452856825,0.423674658,0.407543555,0.402275041,0.404694206,0.413468906,0.426135772,0.439411814,0.449272412,0.45725509,0.467982304,0.485452069,0.509543345,0.536011185,0.707230712,0.707230712,0.707230712,0.707230712,0.707230712,0.707230712,0.707230712,0.707230712,0.707230712,0.707230712,0.707230712,0.707230712,0.707230712,0.707230712,0.707230712,0.707230712,0.707230712,0.707230712,0.707230712,0.707230712,0.707230712,0.707230712,0.707230712,0.707230712,0.707230712,0.707230712
2022,1,0,0.160133818,0.160133818,0.160133818,0.266535457,0.307260065,0.369585023,0.462073618,0.575177356,0.684914074,0.767226946,0.815128735,0.837582727,0.84779308,0.854328362,0.859144593,0.864407257,0.870853839,0.877813337,0.884114154,0.88929351,0.894378685,0.900333832,0.906798645,0.911971604,0.914526556,0.915227674,0.915635462,0.916414573,0.917513316,0.918764592,0.920215932,0.921819639,0.922836476,0.922888284,0.922051216,0.921196381,0.920718466,0.920357909,0.919760141,0.917981113,0.91429846,0.908858664,0.902668361,0.897110013,0.892815897,0.669957866,0.633980458,0.600335275,0.566351416,0.529257665,0.489413948,0.452076659,0.423876274,0.40863665,0.402427422,0.401033974,0.402197261,0.40762094,0.416775979,0.429082887,0.44259553,0.456298956,0.469978212,0.484167915,0.498503535,0.663239163,0.663239163,0.663239163,0.663239163,0.663239163,0.663239163,0.663239163,0.663239163,0.663239163,0.663239163,0.663239163,0.663239163,0.663239163,0.663239163,0.663239163,0.663239163,0.663239163,0.663239163,0.663239163,0.663239163,0.663239163,0.663239163,0.663239163,0.663239163,0.663239163,0.663239163
2023,1,0,0,0,0,0,0,0,0,0,0,0,0,0,0,0,0,0,0,0,0,0,0,0,0,0,0,0,0,0,0,0,0,0,0,0,0,0,0,0,0,0,0,0,0,0,0,0,0,0,0,0,0,0,0,0,0,0,0,0,0,0,0,0,0,0,0,0,0,0,0,0,0,0,0,0,0,0,0,0,0,0,0,0,0,0,0,0,0,0,0,0,0
2024,1,0,0,0,0,0,0,0,0,0,0,0,0,0,0,0,0,0,0,0,0,0,0,0,0,0,0,0,0,0,0,0,0,0,0,0,0,0,0,0,0,0,0,0,0,0,0,0,0,0,0,0,0,0,0,0,0,0,0,0,0,0,0,0,0,0,0,0,0,0,0,0,0,0,0,0,0,0,0,0,0,0,0,0,0,0,0,0,0,0,0,0,0
2025,1,0,0,0,0,0,0,0,0,0,0,0,0,0,0,0,0,0,0,0,0,0,0,0,0,0,0,0,0,0,0,0,0,0,0,0,0,0,0,0,0,0,0,0,0,0,0,0,0,0,0,0,0,0,0,0,0,0,0,0,0,0,0,0,0,0,0,0,0,0,0,0,0,0,0,0,0,0,0,0,0,0,0,0,0,0,0,0,0,0,0,0,0
2026,1,0,0,0,0,0,0,0,0,0,0,0,0,0,0,0,0,0,0,0,0,0,0,0,0,0,0,0,0,0,0,0,0,0,0,0,0,0,0,0,0,0,0,0,0,0,0,0,0,0,0,0,0,0,0,0,0,0,0,0,0,0,0,0,0,0,0,0,0,0,0,0,0,0,0,0,0,0,0,0,0,0,0,0,0,0,0,0,0,0,0,0,0
2027,1,0,0,0,0,0,0,0,0,0,0,0,0,0,0,0,0,0,0,0,0,0,0,0,0,0,0,0,0,0,0,0,0,0,0,0,0,0,0,0,0,0,0,0,0,0,0,0,0,0,0,0,0,0,0,0,0,0,0,0,0,0,0,0,0,0,0,0,0,0,0,0,0,0,0,0,0,0,0,0,0,0,0,0,0,0,0,0,0,0,0,0,0
2028,1,0,0,0,0,0,0,0,0,0,0,0,0,0,0,0,0,0,0,0,0,0,0,0,0,0,0,0,0,0,0,0,0,0,0,0,0,0,0,0,0,0,0,0,0,0,0,0,0,0,0,0,0,0,0,0,0,0,0,0,0,0,0,0,0,0,0,0,0,0,0,0,0,0,0,0,0,0,0,0,0,0,0,0,0,0,0,0,0,0,0,0,0
2029,1,0,0,0,0,0,0,0,0,0,0,0,0,0,0,0,0,0,0,0,0,0,0,0,0,0,0,0,0,0,0,0,0,0,0,0,0,0,0,0,0,0,0,0,0,0,0,0,0,0,0,0,0,0,0,0,0,0,0,0,0,0,0,0,0,0,0,0,0,0,0,0,0,0,0,0,0,0,0,0,0,0,0,0,0,0,0,0,0,0,0,0,0
2030,1,0,0,0,0,0,0,0,0,0,0,0,0,0,0,0,0,0,0,0,0,0,0,0,0,0,0,0,0,0,0,0,0,0,0,0,0,0,0,0,0,0,0,0,0,0,0,0,0,0,0,0,0,0,0,0,0,0,0,0,0,0,0,0,0,0,0,0,0,0,0,0,0,0,0,0,0,0,0,0,0,0,0,0,0,0,0,0,0,0,0,0,0
2031,1,0,0,0,0,0,0,0,0,0,0,0,0,0,0,0,0,0,0,0,0,0,0,0,0,0,0,0,0,0,0,0,0,0,0,0,0,0,0,0,0,0,0,0,0,0,0,0,0,0,0,0,0,0,0,0,0,0,0,0,0,0,0,0,0,0,0,0,0,0,0,0,0,0,0,0,0,0,0,0,0,0,0,0,0,0,0,0,0,0,0,0,0
2032,1,0,0,0,0,0,0,0,0,0,0,0,0,0,0,0,0,0,0,0,0,0,0,0,0,0,0,0,0,0,0,0,0,0,0,0,0,0,0,0,0,0,0,0,0,0,0,0,0,0,0,0,0,0,0,0,0,0,0,0,0,0,0,0,0,0,0,0,0,0,0,0,0,0,0,0,0,0,0,0,0,0,0,0,0,0,0,0,0,0,0,0,0
2033,1,0,0,0,0,0,0,0,0,0,0,0,0,0,0,0,0,0,0,0,0,0,0,0,0,0,0,0,0,0,0,0,0,0,0,0,0,0,0,0,0,0,0,0,0,0,0,0,0,0,0,0,0,0,0,0,0,0,0,0,0,0,0,0,0,0,0,0,0,0,0,0,0,0,0,0,0,0,0,0,0,0,0,0,0,0,0,0,0,0,0,0,0
2034,1,0,0,0,0,0,0,0,0,0,0,0,0,0,0,0,0,0,0,0,0,0,0,0,0,0,0,0,0,0,0,0,0,0,0,0,0,0,0,0,0,0,0,0,0,0,0,0,0,0,0,0,0,0,0,0,0,0,0,0,0,0,0,0,0,0,0,0,0,0,0,0,0,0,0,0,0,0,0,0,0,0,0,0,0,0,0,0,0,0,0,0,0
2035,1,0,0,0,0,0,0,0,0,0,0,0,0,0,0,0,0,0,0,0,0,0,0,0,0,0,0,0,0,0,0,0,0,0,0,0,0,0,0,0,0,0,0,0,0,0,0,0,0,0,0,0,0,0,0,0,0,0,0,0,0,0,0,0,0,0,0,0,0,0,0,0,0,0,0,0,0,0,0,0,0,0,0,0,0,0,0,0,0,0,0,0,0
2036,1,0,0,0,0,0,0,0,0,0,0,0,0,0,0,0,0,0,0,0,0,0,0,0,0,0,0,0,0,0,0,0,0,0,0,0,0,0,0,0,0,0,0,0,0,0,0,0,0,0,0,0,0,0,0,0,0,0,0,0,0,0,0,0,0,0,0,0,0,0,0,0,0,0,0,0,0,0,0,0,0,0,0,0,0,0,0,0,0,0,0,0,0
2037,1,0,0,0,0,0,0,0,0,0,0,0,0,0,0,0,0,0,0,0,0,0,0,0,0,0,0,0,0,0,0,0,0,0,0,0,0,0,0,0,0,0,0,0,0,0,0,0,0,0,0,0,0,0,0,0,0,0,0,0,0,0,0,0,0,0,0,0,0,0,0,0,0,0,0,0,0,0,0,0,0,0,0,0,0,0,0,0,0,0,0,0,0
2038,1,0,0,0,0,0,0,0,0,0,0,0,0,0,0,0,0,0,0,0,0,0,0,0,0,0,0,0,0,0,0,0,0,0,0,0,0,0,0,0,0,0,0,0,0,0,0,0,0,0,0,0,0,0,0,0,0,0,0,0,0,0,0,0,0,0,0,0,0,0,0,0,0,0,0,0,0,0,0,0,0,0,0,0,0,0,0,0,0,0,0,0,0
2039,1,0,0,0,0,0,0,0,0,0,0,0,0,0,0,0,0,0,0,0,0,0,0,0,0,0,0,0,0,0,0,0,0,0,0,0,0,0,0,0,0,0,0,0,0,0,0,0,0,0,0,0,0,0,0,0,0,0,0,0,0,0,0,0,0,0,0,0,0,0,0,0,0,0,0,0,0,0,0,0,0,0,0,0,0,0,0,0,0,0,0,0,0
2040,1,0,0,0,0,0,0,0,0,0,0,0,0,0,0,0,0,0,0,0,0,0,0,0,0,0,0,0,0,0,0,0,0,0,0,0,0,0,0,0,0,0,0,0,0,0,0,0,0,0,0,0,0,0,0,0,0,0,0,0,0,0,0,0,0,0,0,0,0,0,0,0,0,0,0,0,0,0,0,0,0,0,0,0,0,0,0,0,0,0,0,0,0
女性有配偶,,,,,,,,,,,,,,,,,,,,,,,,,,,,,,,,,,,,,,,,,,,,,,,,,,,,,,,,,,,,,,,,,,,,,,,,,,,,,,,,,,,,,,,,,,,,,
年度,性,合計,15,16,17,18,19,20,21,22,23,24,25,26,27,28,29,30,31,32,33,34,35,36,37,38,39,40,41,42,43,44,45,46,47,48,49,50,51,52,53,54,55,56,57,58,59,60,61,62,63,64,65,66,67,68,69,70,71,72,73,74,75,76,77,78,79,80,81,82,83,84,85,86,87,88,89,90,91,92,93,94,95,96,97,98,99,100,101,102,103,104,105
2020,3,0,0.344356137,0.344356137,0.344356137,0.344356137,0.344356137,0.344356137,0.344356137,0.541199479,0.579979776,0.610988486,0.634372883,0.650343381,0.658430711,0.657516202,0.646239018,0.626242155,0.602908009,0.580428387,0.55924746,0.53945564,0.52245958,0.507690424,0.493478734,0.478517617,0.463870189,0.450998426,0.439950548,0.429316266,0.417726236,0.40595672,0.396885285,0.392124905,0.390663346,0.390305583,0.389059035,0.386441908,0.38242352,0.377708216,0.373926838,0.372631903,0.374151946,0.376284636,0.376643038,0.374438517,0.370000229,0.292759904,0.282664123,0.273521515,0.264111124,0.253034649,0.241560586,0.234268175,0.237189257,0.251648994,0.274271044,0.300095328,0.326150938,0.353417258,0.384602609,0.420531487,0.459836439,0.563437244,0.563437244,0.563437244,0.563437244,0.563437244,0.563437244,0.563437244,0.563437244,0.563437244,0.563437244,0.563437244,0.563437244,0.563437244,0.563437244,0.563437244,0.563437244,0.563437244,0.563437244,0.563437244,0.563437244,0.563437244,0.563437244,0.563437244,0.563437244,0.563437244,0.563437244,0.563437244,0.563437244,0.563437244,0.563437244
2021,3,0,0.452668721,0.452668721,0.452668721,0.452668721,0.452668721,0.452668721,0.452668721,0.531654499,0.581370322,0.622960769,0.650999217,0.665897984,0.672225443,0.672996358,0.66685019,0.650020665,0.623517837,0.59366814,0.567940879,0.548980172,0.535257936,0.523105777,0.508974932,0.491145393,0.471680117,0.455115904,0.444868875,0.439406374,0.434324729,0.425427801,0.413049458,0.400804578,0.391971198,0.387224592,0.385343439,0.384889533,0.384891624,0.384496251,0.382957954,0.380164159,0.377564312,0.376838371,0.378603677,0.382156949,0.386410686,0.299796249,0.286380777,0.273823844,0.263655452,0.256010596,0.249677562,0.244112301,0.240385528,0.244033316,0.257283398,0.279584719,0.305055521,0.331933528,0.362752358,0.400966317,0.447395987,0.547127573,0.547127573,0.547127573,0.547127573,0.547127573,0.547127573,0.547127573,0.547127573,0.547127573,0.547127573,0.547127573,0.547127573,0.547127573,0.547127573,0.547127573,0.547127573,0.547127573,0.547127573,0.547127573,0.547127573,0.547127573,0.547127573,0.547127573,0.547127573,0.547127573,0.547127573,0.547127573,0.547127573,0.547127573,0.547127573
2022,3,0,0.539444304,0.539444304,0.539444304,0.539444304,0.539444304,0.539444304,0.539444304,0.609580349,0.637114411,0.663720324,0.68369158,0.692284514,0.688666597,0.678698534,0.668182583,0.657496591,0.641892848,0.618763851,0.590286187,0.561666861,0.537603166,0.520079984,0.506591866,0.494201053,0.480485327,0.465376255,0.450637561,0.439603027,0.434196387,0.431883602,0.42822177,0.420711531,0.409865642,0.398577843,0.38987647,0.385940584,0.38587774,0.387702286,0.389309008,0.388807959,0.385456621,0.38045235,0.375883083,0.373215909,0.371990922,0.29902466,0.286243177,0.273038933,0.260530742,0.25068025,0.244556952,0.241718363,0.241839562,0.245010335,0.252649116,0.26431306,0.277341775,0.293354299,0.317058795,0.352531065,0.399314736,0.543765035,0.543765035,0.543765035,0.543765035,0.543765035,0.543765035,0.543765035,0.543765035,0.543765035,0.543765035,0.543765035,0.543765035,0.543765035,0.543765035,0.543765035,0.543765035,0.543765035,0.543765035,0.543765035,0.543765035,0.543765035,0.543765035,0.543765035,0.543765035,0.543765035,0.543765035,0.543765035,0.543765035,0.543765035,0.543765035
2023,3,0,0,0,0,0,0,0,0,0,0,0,0,0,0,0,0,0,0,0,0,0,0,0,0,0,0,0,0,0,0,0,0,0,0,0,0,0,0,0,0,0,0,0,0,0,0,0,0,0,0,0,0,0,0,0,0,0,0,0,0,0,0,0,0,0,0,0,0,0,0,0,0,0,0,0,0,0,0,0,0,0,0,0,0,0,0,0,0,0,0,0,0
2024,3,0,0,0,0,0,0,0,0,0,0,0,0,0,0,0,0,0,0,0,0,0,0,0,0,0,0,0,0,0,0,0,0,0,0,0,0,0,0,0,0,0,0,0,0,0,0,0,0,0,0,0,0,0,0,0,0,0,0,0,0,0,0,0,0,0,0,0,0,0,0,0,0,0,0,0,0,0,0,0,0,0,0,0,0,0,0,0,0,0,0,0,0
2025,3,0,0,0,0,0,0,0,0,0,0,0,0,0,0,0,0,0,0,0,0,0,0,0,0,0,0,0,0,0,0,0,0,0,0,0,0,0,0,0,0,0,0,0,0,0,0,0,0,0,0,0,0,0,0,0,0,0,0,0,0,0,0,0,0,0,0,0,0,0,0,0,0,0,0,0,0,0,0,0,0,0,0,0,0,0,0,0,0,0,0,0,0
2026,3,0,0,0,0,0,0,0,0,0,0,0,0,0,0,0,0,0,0,0,0,0,0,0,0,0,0,0,0,0,0,0,0,0,0,0,0,0,0,0,0,0,0,0,0,0,0,0,0,0,0,0,0,0,0,0,0,0,0,0,0,0,0,0,0,0,0,0,0,0,0,0,0,0,0,0,0,0,0,0,0,0,0,0,0,0,0,0,0,0,0,0,0
2027,3,0,0,0,0,0,0,0,0,0,0,0,0,0,0,0,0,0,0,0,0,0,0,0,0,0,0,0,0,0,0,0,0,0,0,0,0,0,0,0,0,0,0,0,0,0,0,0,0,0,0,0,0,0,0,0,0,0,0,0,0,0,0,0,0,0,0,0,0,0,0,0,0,0,0,0,0,0,0,0,0,0,0,0,0,0,0,0,0,0,0,0,0
2028,3,0,0,0,0,0,0,0,0,0,0,0,0,0,0,0,0,0,0,0,0,0,0,0,0,0,0,0,0,0,0,0,0,0,0,0,0,0,0,0,0,0,0,0,0,0,0,0,0,0,0,0,0,0,0,0,0,0,0,0,0,0,0,0,0,0,0,0,0,0,0,0,0,0,0,0,0,0,0,0,0,0,0,0,0,0,0,0,0,0,0,0,0
2029,3,0,0,0,0,0,0,0,0,0,0,0,0,0,0,0,0,0,0,0,0,0,0,0,0,0,0,0,0,0,0,0,0,0,0,0,0,0,0,0,0,0,0,0,0,0,0,0,0,0,0,0,0,0,0,0,0,0,0,0,0,0,0,0,0,0,0,0,0,0,0,0,0,0,0,0,0,0,0,0,0,0,0,0,0,0,0,0,0,0,0,0,0
2030,3,0,0,0,0,0,0,0,0,0,0,0,0,0,0,0,0,0,0,0,0,0,0,0,0,0,0,0,0,0,0,0,0,0,0,0,0,0,0,0,0,0,0,0,0,0,0,0,0,0,0,0,0,0,0,0,0,0,0,0,0,0,0,0,0,0,0,0,0,0,0,0,0,0,0,0,0,0,0,0,0,0,0,0,0,0,0,0,0,0,0,0,0
2031,3,0,0,0,0,0,0,0,0,0,0,0,0,0,0,0,0,0,0,0,0,0,0,0,0,0,0,0,0,0,0,0,0,0,0,0,0,0,0,0,0,0,0,0,0,0,0,0,0,0,0,0,0,0,0,0,0,0,0,0,0,0,0,0,0,0,0,0,0,0,0,0,0,0,0,0,0,0,0,0,0,0,0,0,0,0,0,0,0,0,0,0,0
2032,3,0,0,0,0,0,0,0,0,0,0,0,0,0,0,0,0,0,0,0,0,0,0,0,0,0,0,0,0,0,0,0,0,0,0,0,0,0,0,0,0,0,0,0,0,0,0,0,0,0,0,0,0,0,0,0,0,0,0,0,0,0,0,0,0,0,0,0,0,0,0,0,0,0,0,0,0,0,0,0,0,0,0,0,0,0,0,0,0,0,0,0,0
2033,3,0,0,0,0,0,0,0,0,0,0,0,0,0,0,0,0,0,0,0,0,0,0,0,0,0,0,0,0,0,0,0,0,0,0,0,0,0,0,0,0,0,0,0,0,0,0,0,0,0,0,0,0,0,0,0,0,0,0,0,0,0,0,0,0,0,0,0,0,0,0,0,0,0,0,0,0,0,0,0,0,0,0,0,0,0,0,0,0,0,0,0,0
2034,3,0,0,0,0,0,0,0,0,0,0,0,0,0,0,0,0,0,0,0,0,0,0,0,0,0,0,0,0,0,0,0,0,0,0,0,0,0,0,0,0,0,0,0,0,0,0,0,0,0,0,0,0,0,0,0,0,0,0,0,0,0,0,0,0,0,0,0,0,0,0,0,0,0,0,0,0,0,0,0,0,0,0,0,0,0,0,0,0,0,0,0,0
2035,3,0,0,0,0,0,0,0,0,0,0,0,0,0,0,0,0,0,0,0,0,0,0,0,0,0,0,0,0,0,0,0,0,0,0,0,0,0,0,0,0,0,0,0,0,0,0,0,0,0,0,0,0,0,0,0,0,0,0,0,0,0,0,0,0,0,0,0,0,0,0,0,0,0,0,0,0,0,0,0,0,0,0,0,0,0,0,0,0,0,0,0,0
2036,3,0,0,0,0,0,0,0,0,0,0,0,0,0,0,0,0,0,0,0,0,0,0,0,0,0,0,0,0,0,0,0,0,0,0,0,0,0,0,0,0,0,0,0,0,0,0,0,0,0,0,0,0,0,0,0,0,0,0,0,0,0,0,0,0,0,0,0,0,0,0,0,0,0,0,0,0,0,0,0,0,0,0,0,0,0,0,0,0,0,0,0,0
2037,3,0,0,0,0,0,0,0,0,0,0,0,0,0,0,0,0,0,0,0,0,0,0,0,0,0,0,0,0,0,0,0,0,0,0,0,0,0,0,0,0,0,0,0,0,0,0,0,0,0,0,0,0,0,0,0,0,0,0,0,0,0,0,0,0,0,0,0,0,0,0,0,0,0,0,0,0,0,0,0,0,0,0,0,0,0,0,0,0,0,0,0,0
2038,3,0,0,0,0,0,0,0,0,0,0,0,0,0,0,0,0,0,0,0,0,0,0,0,0,0,0,0,0,0,0,0,0,0,0,0,0,0,0,0,0,0,0,0,0,0,0,0,0,0,0,0,0,0,0,0,0,0,0,0,0,0,0,0,0,0,0,0,0,0,0,0,0,0,0,0,0,0,0,0,0,0,0,0,0,0,0,0,0,0,0,0,0
2039,3,0,0,0,0,0,0,0,0,0,0,0,0,0,0,0,0,0,0,0,0,0,0,0,0,0,0,0,0,0,0,0,0,0,0,0,0,0,0,0,0,0,0,0,0,0,0,0,0,0,0,0,0,0,0,0,0,0,0,0,0,0,0,0,0,0,0,0,0,0,0,0,0,0,0,0,0,0,0,0,0,0,0,0,0,0,0,0,0,0,0,0,0
2040,3,0,0,0,0,0,0,0,0,0,0,0,0,0,0,0,0,0,0,0,0,0,0,0,0,0,0,0,0,0,0,0,0,0,0,0,0,0,0,0,0,0,0,0,0,0,0,0,0,0,0,0,0,0,0,0,0,0,0,0,0,0,0,0,0,0,0,0,0,0,0,0,0,0,0,0,0,0,0,0,0,0,0,0,0,0,0,0,0,0,0,0,0
女性無配偶,,,,,,,,,,,,,,,,,,,,,,,,,,,,,,,,,,,,,,,,,,,,,,,,,,,,,,,,,,,,,,,,,,,,,,,,,,,,,,,,,,,,,,,,,,,,,
年度,性,合計,15,16,17,18,19,20,21,22,23,24,25,26,27,28,29,30,31,32,33,34,35,36,37,38,39,40,41,42,43,44,45,46,47,48,49,50,51,52,53,54,55,56,57,58,59,60,61,62,63,64,65,66,67,68,69,70,71,72,73,74,75,76,77,78,79,80,81,82,83,84,85,86,87,88,89,90,91,92,93,94,95,96,97,98,99,100,101,102,103,104,105
2020,4,0,0.028377553,0.028377553,0.028377553,0.185099623,0.2358061,0.31621649,0.431122515,0.560322093,0.669144062,0.731752936,0.749950832,0.741780911,0.725853412,0.709722355,0.693924977,0.679048848,0.667628451,0.660695469,0.657370536,0.656395287,0.656119717,0.653016187,0.645146653,0.633829383,0.623376408,0.618759372,0.622045863,0.629155513,0.633974902,0.633097127,0.628851649,0.624312149,0.621339167,0.620014589,0.61855257,0.614174719,0.605454821,0.593358239,0.582249027,0.575383509,0.572179293,0.567529317,0.556895574,0.540035663,0.520371146,0.391540308,0.363547643,0.331572008,0.296119268,0.261075569,0.228979302,0.201584513,0.180041968,0.166075358,0.162211223,0.166382835,0.173211223,0.180975784,0.191221486,0.205172536,0.219491993,0.22985646,0.233874674,0.490196808,0.490196808,0.490196808,0.490196808,0.490196808,0.490196808,0.490196808,0.490196808,0.490196808,0.490196808,0.490196808,0.490196808,0.490196808,0.490196808,0.490196808,0.490196808,0.490196808,0.490196808,0.490196808,0.490196808,0.490196808,0.490196808,0.490196808,0.490196808,0.490196808,0.490196808,0.490196808,0.490196808
2021,4,0,0.021167484,0.021167484,0.021167484,0.181550287,0.237129605,0.318621954,0.432002837,0.560216268,0.671175607,0.739242306,0.763844119,0.762203608,0.751741155,0.740029477,0.726081701,0.709404241,0.693286954,0.679263941,0.665470093,0.651042892,0.638441313,0.63233434,0.634215825,0.642520584,0.64998824,0.65099835,0.644831593,0.637185975,0.633299666,0.63455616,0.637942595,0.638699999,0.634018919,0.626160322,0.618592499,0.614123605,0.611088074,0.607485201,0.600933413,0.591998967,0.582512356,0.57410413,0.566716117,0.558891657,0.549686092,0.391758019,0.369501481,0.340085856,0.303509164,0.264299532,0.228243457,0.200011139,0.179420291,0.165575222,0.159204881,0.161502899,0.169356105,0.175593352,0.180161865,0.19079059,0.216284576,0.260325274,0.31744014,0.44656546,0.44656546,0.44656546,0.44656546,0.44656546,0.44656546,0.44656546,0.44656546,0.44656546,0.44656546,0.44656546,0.44656546,0.44656546,0.44656546,0.44656546,0.44656546,0.44656546,0.44656546,0.44656546,0.44656546,0.44656546,0.44656546,0.44656546,0.44656546,0.44656546,0.44656546,0.44656546,0.44656546
2022,4,0,0.031198681,0.031198681,0.031198681,0.138424329,0.203518135,0.294600364,0.416633248,0.552180428,0.669907703,0.742892673,0.769213707,0.764742812,0.749666524,0.735970776,0.725661829,0.714852877,0.70173972,0.686566706,0.671584246,0.658235734,0.647622698,0.639479783,0.633940783,0.631427413,0.633090913,0.637003914,0.640792817,0.642074205,0.641882698,0.642717429,0.645057329,0.647140379,0.6444455,0.636440145,0.626331917,0.617888876,0.613736744,0.612565393,0.612203195,0.60930812,0.600813297,0.587355874,0.57131519,0.556597944,0.544434825,0.385729795,0.357651072,0.331580156,0.302332811,0.267794544,0.23106374,0.199349828,0.178900512,0.169923641,0.168420841,0.171113188,0.177851361,0.183067869,0.182997158,0.182301102,0.189138217,0.209755771,0.242793002,0.421055752,0.421055752,0.421055752,0.421055752,0.421055752,0.421055752,0.421055752,0.421055752,0.421055752,0.421055752,0.421055752,0.421055752,0.421055752,0.421055752,0.421055752,0.421055752,0.421055752,0.421055752,0.421055752,0.421055752,0.421055752,0.421055752,0.421055752,0.421055752,0.421055752,0.421055752,0.421055752,0.421055752
2023,4,0,0,0,0,0,0,0,0,0,0,0,0,0,0,0,0,0,0,0,0,0,0,0,0,0,0,0,0,0,0,0,0,0,0,0,0,0,0,0,0,0,0,0,0,0,0,0,0,0,0,0,0,0,0,0,0,0,0,0,0,0,0,0,0,0,0,0,0,0,0,0,0,0,0,0,0,0,0,0,0,0,0,0,0,0,0,0,0,0,0,0,0
2024,4,0,0,0,0,0,0,0,0,0,0,0,0,0,0,0,0,0,0,0,0,0,0,0,0,0,0,0,0,0,0,0,0,0,0,0,0,0,0,0,0,0,0,0,0,0,0,0,0,0,0,0,0,0,0,0,0,0,0,0,0,0,0,0,0,0,0,0,0,0,0,0,0,0,0,0,0,0,0,0,0,0,0,0,0,0,0,0,0,0,0,0,0
2025,4,0,0,0,0,0,0,0,0,0,0,0,0,0,0,0,0,0,0,0,0,0,0,0,0,0,0,0,0,0,0,0,0,0,0,0,0,0,0,0,0,0,0,0,0,0,0,0,0,0,0,0,0,0,0,0,0,0,0,0,0,0,0,0,0,0,0,0,0,0,0,0,0,0,0,0,0,0,0,0,0,0,0,0,0,0,0,0,0,0,0,0,0
2026,4,0,0,0,0,0,0,0,0,0,0,0,0,0,0,0,0,0,0,0,0,0,0,0,0,0,0,0,0,0,0,0,0,0,0,0,0,0,0,0,0,0,0,0,0,0,0,0,0,0,0,0,0,0,0,0,0,0,0,0,0,0,0,0,0,0,0,0,0,0,0,0,0,0,0,0,0,0,0,0,0,0,0,0,0,0,0,0,0,0,0,0,0
2027,4,0,0,0,0,0,0,0,0,0,0,0,0,0,0,0,0,0,0,0,0,0,0,0,0,0,0,0,0,0,0,0,0,0,0,0,0,0,0,0,0,0,0,0,0,0,0,0,0,0,0,0,0,0,0,0,0,0,0,0,0,0,0,0,0,0,0,0,0,0,0,0,0,0,0,0,0,0,0,0,0,0,0,0,0,0,0,0,0,0,0,0,0
2028,4,0,0,0,0,0,0,0,0,0,0,0,0,0,0,0,0,0,0,0,0,0,0,0,0,0,0,0,0,0,0,0,0,0,0,0,0,0,0,0,0,0,0,0,0,0,0,0,0,0,0,0,0,0,0,0,0,0,0,0,0,0,0,0,0,0,0,0,0,0,0,0,0,0,0,0,0,0,0,0,0,0,0,0,0,0,0,0,0,0,0,0,0
2029,4,0,0,0,0,0,0,0,0,0,0,0,0,0,0,0,0,0,0,0,0,0,0,0,0,0,0,0,0,0,0,0,0,0,0,0,0,0,0,0,0,0,0,0,0,0,0,0,0,0,0,0,0,0,0,0,0,0,0,0,0,0,0,0,0,0,0,0,0,0,0,0,0,0,0,0,0,0,0,0,0,0,0,0,0,0,0,0,0,0,0,0,0
2030,4,0,0,0,0,0,0,0,0,0,0,0,0,0,0,0,0,0,0,0,0,0,0,0,0,0,0,0,0,0,0,0,0,0,0,0,0,0,0,0,0,0,0,0,0,0,0,0,0,0,0,0,0,0,0,0,0,0,0,0,0,0,0,0,0,0,0,0,0,0,0,0,0,0,0,0,0,0,0,0,0,0,0,0,0,0,0,0,0,0,0,0,0
2031,4,0,0,0,0,0,0,0,0,0,0,0,0,0,0,0,0,0,0,0,0,0,0,0,0,0,0,0,0,0,0,0,0,0,0,0,0,0,0,0,0,0,0,0,0,0,0,0,0,0,0,0,0,0,0,0,0,0,0,0,0,0,0,0,0,0,0,0,0,0,0,0,0,0,0,0,0,0,0,0,0,0,0,0,0,0,0,0,0,0,0,0,0
2032,4,0,0,0,0,0,0,0,0,0,0,0,0,0,0,0,0,0,0,0,0,0,0,0,0,0,0,0,0,0,0,0,0,0,0,0,0,0,0,0,0,0,0,0,0,0,0,0,0,0,0,0,0,0,0,0,0,0,0,0,0,0,0,0,0,0,0,0,0,0,0,0,0,0,0,0,0,0,0,0,0,0,0,0,0,0,0,0,0,0,0,0,0
2033,4,0,0,0,0,0,0,0,0,0,0,0,0,0,0,0,0,0,0,0,0,0,0,0,0,0,0,0,0,0,0,0,0,0,0,0,0,0,0,0,0,0,0,0,0,0,0,0,0,0,0,0,0,0,0,0,0,0,0,0,0,0,0,0,0,0,0,0,0,0,0,0,0,0,0,0,0,0,0,0,0,0,0,0,0,0,0,0,0,0,0,0,0
2034,4,0,0,0,0,0,0,0,0,0,0,0,0,0,0,0,0,0,0,0,0,0,0,0,0,0,0,0,0,0,0,0,0,0,0,0,0,0,0,0,0,0,0,0,0,0,0,0,0,0,0,0,0,0,0,0,0,0,0,0,0,0,0,0,0,0,0,0,0,0,0,0,0,0,0,0,0,0,0,0,0,0,0,0,0,0,0,0,0,0,0,0,0
2035,4,0,0,0,0,0,0,0,0,0,0,0,0,0,0,0,0,0,0,0,0,0,0,0,0,0,0,0,0,0,0,0,0,0,0,0,0,0,0,0,0,0,0,0,0,0,0,0,0,0,0,0,0,0,0,0,0,0,0,0,0,0,0,0,0,0,0,0,0,0,0,0,0,0,0,0,0,0,0,0,0,0,0,0,0,0,0,0,0,0,0,0,0
2036,4,0,0,0,0,0,0,0,0,0,0,0,0,0,0,0,0,0,0,0,0,0,0,0,0,0,0,0,0,0,0,0,0,0,0,0,0,0,0,0,0,0,0,0,0,0,0,0,0,0,0,0,0,0,0,0,0,0,0,0,0,0,0,0,0,0,0,0,0,0,0,0,0,0,0,0,0,0,0,0,0,0,0,0,0,0,0,0,0,0,0,0,0
2037,4,0,0,0,0,0,0,0,0,0,0,0,0,0,0,0,0,0,0,0,0,0,0,0,0,0,0,0,0,0,0,0,0,0,0,0,0,0,0,0,0,0,0,0,0,0,0,0,0,0,0,0,0,0,0,0,0,0,0,0,0,0,0,0,0,0,0,0,0,0,0,0,0,0,0,0,0,0,0,0,0,0,0,0,0,0,0,0,0,0,0,0,0
2038,4,0,0,0,0,0,0,0,0,0,0,0,0,0,0,0,0,0,0,0,0,0,0,0,0,0,0,0,0,0,0,0,0,0,0,0,0,0,0,0,0,0,0,0,0,0,0,0,0,0,0,0,0,0,0,0,0,0,0,0,0,0,0,0,0,0,0,0,0,0,0,0,0,0,0,0,0,0,0,0,0,0,0,0,0,0,0,0,0,0,0,0,0
2039,4,0,0,0,0,0,0,0,0,0,0,0,0,0,0,0,0,0,0,0,0,0,0,0,0,0,0,0,0,0,0,0,0,0,0,0,0,0,0,0,0,0,0,0,0,0,0,0,0,0,0,0,0,0,0,0,0,0,0,0,0,0,0,0,0,0,0,0,0,0,0,0,0,0,0,0,0,0,0,0,0,0,0,0,0,0,0,0,0,0,0,0,0
2040,4,0,0,0,0,0,0,0,0,0,0,0,0,0,0,0,0,0,0,0,0,0,0,0,0,0,0,0,0,0,0,0,0,0,0,0,0,0,0,0,0,0,0,0,0,0,0,0,0,0,0,0,0,0,0,0,0,0,0,0,0,0,0,0,0,0,0,0,0,0,0,0,0,0,0,0,0,0,0,0,0,0,0,0,0,0,0,0,0,0,0,0,0
