1m_shogai_hasseiryoku,,
5,20,0.000000000000000
5,21,0.000006546358876
5,22,0.000082710786391
5,23,0.000222895315699
5,24,0.000451131485158
5,25,0.000749873342586
5,26,0.001057277086561
5,27,0.001308914190311
5,28,0.001484165014666
5,29,0.001582243134127
5,30,0.001615856346444
5,31,0.001624889883967
5,32,0.001618150140128
5,33,0.001597311298327
5,34,0.001579563940107
5,35,0.001559799363819
5,36,0.001524197346729
5,37,0.001480636141201
5,38,0.001463544124066
5,39,0.001467632592445
5,40,0.001470578955521
5,41,0.001458205389827
5,42,0.001426565092508
5,43,0.001396598497026
5,44,0.001384210399787
5,45,0.001389349453483
5,46,0.001405179435635
5,47,0.001429014983086
5,48,0.001464667490272
5,49,0.001511097594590
5,50,0.001547902055301
5,51,0.001576916586637
5,52,0.001613890655123
5,53,0.001645794378081
5,54,0.001670130971719
5,55,0.001693659893291
5,56,0.001725347698228
5,57,0.001767072742902
5,58,0.001817041483932
5,59,0.001871105878569
5,60,0.001799992333119
5,61,0.001663994170862
5,62,0.001518716435764
5,63,0.001337107071062
5,64,0.001105050833478
5,65,0.003099211715980
5,66,0.000000000000000
5,67,0.000000000000000
5,68,0.000000000000000
5,69,0.000000000000000
5,70,0.000000000000000
6,20,0.012746880891718
6,21,0.009206350877008
6,22,0.001320795833704
6,23,0.001057961882843
6,24,0.000852205387049
6,25,0.000710990168154
6,26,0.000618957413096
6,27,0.000551206176570
6,28,0.000492547291250
6,29,0.000446990944760
6,30,0.000408314101287
6,31,0.000370586768583
6,32,0.000336232531044
6,33,0.000304411266123
6,34,0.000276993995328
6,35,0.000252743727726
6,36,0.000227538311841
6,37,0.000202619996717
6,38,0.000185065871611
6,39,0.000174924286835
6,40,0.000167928392496
6,41,0.000162148381042
6,42,0.000155963614238
6,43,0.000149451422616
6,44,0.000144115421219
6,45,0.000138896187733
6,46,0.000131959321410
6,47,0.000123884070269
6,48,0.000117895152170
6,49,0.000115348419040
6,50,0.000114918137033
6,51,0.000115237228833
6,52,0.000114576634731
6,53,0.000113912539596
6,54,0.000113293103126
6,55,0.000111255477982
6,56,0.000107478665641
6,57,0.000103552306127
6,58,0.000101811021289
6,59,0.000100321034029
6,60,0.000097570179221
6,61,0.000091679943509
6,62,0.000080740191506
6,63,0.000066207394197
6,64,0.000050262447193
6,65,0.000059388229789
6,66,0.000000000000000
6,67,0.000000000000000
6,68,0.000000000000000
6,69,0.000000000000000
6,70,0.000000000000000
