1f_shikyuritsu,,,,,,,,
301,60,0.999280181516100,0.999984372097389,1.000000000000000,0.998515769303930,1.000000000000000,1.000000000000000,
301,61,0.996527734910124,0.998089629217340,0.998156174425315,0.996762066221525,1.000000000000000,0.998834138833345,
301,62,0.993062125630539,0.995844021188244,0.994960994795053,0.993451324229272,1.000000000000000,0.996437599854030,
301,63,0.988695166980015,0.993204327492184,0.990516875271904,0.987640334578023,1.000000000000000,0.993491235966389,
301,64,0.983604839123399,0.990280046561469,0.985008209946032,0.979376294469501,1.000000000000000,0.990185159401815,
301,65,0.981818977208102,0.985169583370417,0.872107974955009,0.987301206241022,1.000000000000000,0.988825479832292,
301,66,0.981993682509366,0.985620810560941,0.862477614147871,0.988646522367966,1.000000000000000,0.989781023552741,
301,67,0.983077820556024,0.986550102665079,0.866917305915247,0.989578667263017,1.000000000000000,0.991667080404846,
301,68,0.984011875103815,0.987405447723000,0.871480513300008,0.990436638105228,1.000000000000000,0.992019614122895,
301,69,0.984885481086266,0.988207476828360,0.875409273083183,0.991241129322698,1.000000000000000,0.992361945221511,
301,70,0.985669814658234,0.988912573377756,0.878174306088901,0.991948390415428,1.000000000000000,0.992655933297299,
301,71,0.986391217068599,0.989533827766868,0.880097083469935,0.992571551964697,1.000000000000000,0.992933053148806,
301,72,0.987106056289979,0.990106869933535,0.882153996291808,0.993146353287046,1.000000000000000,0.993235475794500,
301,73,0.987855560374287,0.990676797090545,0.885631979466781,0.993718030037114,1.000000000000000,0.993620129895951,
301,74,0.988612393377140,0.991233336150619,0.890011460904308,0.994276277590746,1.000000000000000,0.994048900785688,
301,75,0.989338854470497,0.991762966132974,0.893668388283281,0.994807533459724,1.000000000000000,0.994502883363037,
301,76,0.989983839903948,0.992231598487464,0.895626395894094,0.995277604447036,1.000000000000000,0.994960654378889,
301,77,0.990596172959899,0.992659776951838,0.897123561204134,0.995707097356703,1.000000000000000,0.995367101937601,
301,78,0.991284512248601,0.993152299994590,0.901200360893436,0.996201132373198,1.000000000000000,0.995709235082578,
301,79,0.992171233961850,0.993860325435159,0.910409738121638,0.996911331348368,1.000000000000000,0.996131072901699,
301,80,0.993233398191378,0.994768296578563,0.924314360955838,0.997822089830451,1.000000000000000,0.996655291892887,
301,81,0.994320668278685,0.995754644307345,0.939105114258088,0.998811465502573,1.000000000000000,0.997246672364214,
301,82,0.995240994490322,0.996610251450068,0.950371041794437,0.999669699234149,1.000000000000000,0.997774137166274,
301,83,0.995909388812294,0.997220278233634,0.956794668330442,1.000281598710760,1.000000000000000,0.998153655111821,
301,84,0.996346396747078,0.997582173926466,0.959111357346325,1.000644605370470,1.000000000000000,0.998353526049255,
301,85,0.996668498592874,0.997795205088799,0.959849202237212,1.000000000000000,1.000000000000000,0.998502936149037,
301,86,0.996970077918537,0.997965620118862,0.961002583092852,1.000000000000000,1.000000000000000,0.998691672486984,
301,87,0.997255247029560,0.998119341418942,0.962606682305932,1.000000000000000,1.000000000000000,0.998869891369016,
301,88,0.997525332913246,0.998271473893849,0.964542974337023,1.000000000000000,1.000000000000000,0.998998267463249,
301,89,0.997788768810865,0.998447570349665,0.966746921282436,1.000000000000000,1.000000000000000,0.999111103594746,
301,90,0.998002784492513,0.998603876561375,0.968705052111934,1.000000000000000,1.000000000000000,0.999219319389052,
301,91,0.998132607708617,0.998713363967004,0.969418096403349,1.000000000000000,1.000000000000000,0.999326645397235,
301,92,0.998179111040779,0.998764714459050,0.968716959960135,1.000000000000000,0.976933151032334,0.999409792486843,
301,93,0.998199419948820,0.998799971104244,0.967638835656732,1.000000000000000,0.963098222832408,0.999461124393216,
301,94,0.998234904368528,0.998856462863614,0.967163149215735,1.000000000000000,0.946359879615379,0.999499633673478,
301,95,0.998299671502963,0.998941718297559,0.967736731096716,1.000000000000000,0.948041741805595,0.999543143094070,
301,96,0.998299671502963,0.998941718297559,0.967736731096716,1.000000000000000,1.000000000000000,0.999543143094070,
301,97,0.998299671502963,0.998941718297559,0.967736731096716,1.000000000000000,1.000000000000000,0.999543143094070,
301,98,0.998299671502963,0.998941718297559,0.967736731096716,1.000000000000000,1.000000000000000,0.999543143094070,
301,99,0.998299671502963,0.998941718297559,0.967736731096716,1.000000000000000,1.000000000000000,0.999543143094070,
301,100,0.998299671502963,0.998941718297559,0.967736731096716,1.000000000000000,1.000000000000000,0.999543143094070,
301,101,0.998299671502963,0.998941718297559,0.967736731096716,1.000000000000000,1.000000000000000,0.999543143094070,
301,102,0.998299671502963,0.998941718297559,0.967736731096716,1.000000000000000,1.000000000000000,0.999543143094070,
301,103,0.998299671502963,0.998941718297559,0.967736731096716,1.000000000000000,1.000000000000000,0.999543143094070,
301,104,0.998299671502963,0.998941718297559,0.967736731096716,1.000000000000000,1.000000000000000,0.999543143094070,
301,105,0.998299671502963,0.998941718297559,0.967736731096716,1.000000000000000,1.000000000000000,0.999543143094070,
301,106,0.998299671502963,0.998941718297559,0.967736731096716,1.000000000000000,1.000000000000000,0.999543143094070,
301,107,0.998299671502963,0.998941718297559,0.967736731096716,1.000000000000000,1.000000000000000,0.999543143094070,
301,108,0.998299671502963,0.998941718297559,0.967736731096716,1.000000000000000,1.000000000000000,0.999543143094070,
301,109,0.998299671502963,0.998941718297559,0.967736731096716,1.000000000000000,1.000000000000000,0.999543143094070,
301,110,0.998299671502963,0.998941718297559,0.967736731096716,1.000000000000000,1.000000000000000,0.999543143094070,
301,111,0.998299671502963,0.998941718297559,0.967736731096716,1.000000000000000,1.000000000000000,0.999543143094070,
301,112,0.998299671502963,0.998941718297559,0.967736731096716,1.000000000000000,1.000000000000000,0.999543143094070,
301,113,0.998299671502963,0.998941718297559,0.967736731096716,1.000000000000000,1.000000000000000,0.999543143094070,
301,114,0.998299671502963,0.998941718297559,0.967736731096716,1.000000000000000,1.000000000000000,0.999543143094070,
301,115,0.998299671502963,0.998941718297559,0.967736731096716,1.000000000000000,1.000000000000000,0.999543143094070,
302,60,1.000000000000000,1.000000000000000,1.000000000000000,1.000000000000000,1.000000000000000,1.000000000000000,1.000000000000000
302,61,1.000000000000000,1.000000000000000,1.000000000000000,1.000000000000000,1.000000000000000,1.000000000000000,1.000000000000000
302,62,1.000000000000000,1.000000000000000,1.000000000000000,1.000000000000000,1.000000000000000,1.000000000000000,1.000000000000000
302,63,1.000000000000000,1.000000000000000,1.000000000000000,1.000000000000000,1.000000000000000,1.000000000000000,1.000000000000000
302,64,1.000000000000000,1.000000000000000,1.000000000000000,1.000000000000000,1.000000000000000,1.000000000000000,1.000000000000000
302,65,1.000000000000000,1.000000000000000,1.000000000000000,1.000000000000000,1.000000000000000,1.000000000000000,1.000000000000000
302,66,1.000000000000000,1.000000000000000,1.000000000000000,1.000000000000000,1.000000000000000,1.000000000000000,1.000000000000000
302,67,1.000000000000000,1.000000000000000,1.000000000000000,1.000000000000000,1.000000000000000,1.000000000000000,1.000000000000000
302,68,1.000000000000000,1.000000000000000,1.000000000000000,1.000000000000000,1.000000000000000,1.000000000000000,1.000000000000000
302,69,1.000000000000000,1.000000000000000,1.000000000000000,1.000000000000000,1.000000000000000,1.000000000000000,1.000000000000000
302,70,1.000000000000000,1.000000000000000,1.000000000000000,1.000000000000000,1.000000000000000,1.000000000000000,1.000000000000000
302,71,1.000000000000000,1.000000000000000,1.000000000000000,1.000000000000000,1.000000000000000,1.000000000000000,1.000000000000000
302,72,1.000000000000000,1.000000000000000,1.000000000000000,1.000000000000000,1.000000000000000,1.000000000000000,1.000000000000000
302,73,1.000000000000000,1.000000000000000,1.000000000000000,1.000000000000000,1.000000000000000,1.000000000000000,1.000000000000000
302,74,1.000000000000000,1.000000000000000,1.000000000000000,1.000000000000000,1.000000000000000,1.000000000000000,1.000000000000000
302,75,1.000000000000000,1.000000000000000,1.000000000000000,1.000000000000000,1.000000000000000,1.000000000000000,1.000000000000000
302,76,1.000000000000000,1.000000000000000,1.000000000000000,1.000000000000000,1.000000000000000,1.000000000000000,1.000000000000000
302,77,1.000000000000000,1.000000000000000,1.000000000000000,1.000000000000000,1.000000000000000,1.000000000000000,1.000000000000000
302,78,1.000000000000000,1.000000000000000,1.000000000000000,1.000000000000000,1.000000000000000,1.000000000000000,1.000000000000000
302,79,1.000000000000000,1.000000000000000,1.000000000000000,1.000000000000000,1.000000000000000,1.000000000000000,1.000000000000000
302,80,1.000000000000000,1.000000000000000,1.000000000000000,1.000000000000000,1.000000000000000,1.000000000000000,1.000000000000000
302,81,1.000000000000000,1.000000000000000,1.000000000000000,1.000000000000000,1.000000000000000,1.000000000000000,1.000000000000000
302,82,1.000000000000000,1.000000000000000,1.000000000000000,1.000000000000000,1.000000000000000,1.000000000000000,1.000000000000000
302,83,1.000000000000000,1.000000000000000,1.000000000000000,1.000000000000000,1.000000000000000,1.000000000000000,1.000000000000000
302,84,1.000000000000000,1.000000000000000,1.000000000000000,1.000000000000000,1.000000000000000,1.000000000000000,1.000000000000000
302,85,1.000000000000000,1.000000000000000,1.000000000000000,1.000000000000000,1.000000000000000,1.000000000000000,1.000000000000000
302,86,1.000000000000000,1.000000000000000,1.000000000000000,1.000000000000000,1.000000000000000,1.000000000000000,1.000000000000000
302,87,1.000000000000000,1.000000000000000,1.000000000000000,1.000000000000000,1.000000000000000,1.000000000000000,1.000000000000000
302,88,1.000000000000000,1.000000000000000,1.000000000000000,1.000000000000000,1.000000000000000,1.000000000000000,1.000000000000000
302,89,1.000000000000000,1.000000000000000,1.000000000000000,1.000000000000000,1.000000000000000,1.000000000000000,1.000000000000000
302,90,1.000000000000000,1.000000000000000,1.000000000000000,1.000000000000000,1.000000000000000,1.000000000000000,1.000000000000000
302,91,1.000000000000000,1.000000000000000,1.000000000000000,1.000000000000000,1.000000000000000,1.000000000000000,1.000000000000000
302,92,1.000000000000000,1.000000000000000,1.000000000000000,1.000000000000000,1.000000000000000,1.000000000000000,1.000000000000000
302,93,1.000000000000000,1.000000000000000,1.000000000000000,1.000000000000000,1.000000000000000,1.000000000000000,1.000000000000000
302,94,1.000000000000000,1.000000000000000,1.000000000000000,1.000000000000000,1.000000000000000,1.000000000000000,1.000000000000000
302,95,1.000000000000000,1.000000000000000,1.000000000000000,1.000000000000000,1.000000000000000,1.000000000000000,1.000000000000000
302,96,0.996565889472204,0.997526380136272,0.960725558425144,0.997894758830088,0.958829799697851,0.920983605731004,0.998375017315005
302,97,0.994910365464217,0.996178353987777,0.950363452360170,0.996492803161170,0.951651333008573,0.902043300900148,0.997531419644458
302,98,0.992581808931416,0.994282230308772,0.937925556692575,0.994525078274809,0.941025470582614,0.886585094951593,0.996163320476789
302,99,0.988742691126770,0.991100259332779,0.916627318111310,0.991260170244719,0.920246034971791,0.874685151139200,0.993464107238935
302,100,0.981613773688435,0.985169301335458,0.876296776102766,0.985401716323723,0.880017587716196,0.865221567953198,0.988753825161382
302,101,0.969499790957084,0.974994704972495,0.813948465888757,0.975464040048503,0.817958261136957,0.702817007530475,0.981980573699214
302,102,0.952070340093711,0.960218939341139,0.738688158452590,0.961040980234094,0.744006671866135,0.650114954488328,0.973321989847731
302,103,0.931481891555674,0.942924617259482,0.666592590350651,0.944166376436554,0.672550299832235,0.597308243518998,0.963933913699782
302,104,0.909917720255336,0.925238056288894,0.606361312986356,0.926776039697375,0.611030301249905,0.553401153808412,0.954347923352462
302,105,0.891113831112338,0.910209464442776,0.567899528505777,0.911756227432485,0.568737704722490,0.535282786011844,0.944832863190461
302,106,0.875053790218586,0.897709282086891,0.542544606842646,0.898896136020778,0.536311848225979,0.542279762988755,0.935998160381431
302,107,0.860584391927697,0.887443204182732,0.520167481613728,0.887876429246204,0.504984436576356,0.562504696346524,0.929425022002529
302,108,0.849596370123716,0.880356341482583,0.489669601404359,0.879969323783651,0.464750150208594,0.580815928230164,0.925774368734421
302,109,0.842232060892794,0.874153757317587,0.458964617614033,0.873204934952526,0.426599290782367,0.601698338798380,0.923632247575711
302,110,0.840561912617345,0.869624955293379,0.434817488537584,0.868526690798359,0.398192767268292,0.623725735929044,0.921325299744114
302,111,0.844645147804081,0.868269165427198,0.418635616579330,0.867374954678859,0.383435323508631,0.629947931738630,0.918412818580409
302,112,0.851738215486459,0.870151019610809,0.407111204905019,0.869633265227712,0.379227652256171,0.609005227052179,0.915913768706272
302,113,0.858522809398364,0.874431074090492,0.392692131702384,0.874341389619001,0.374680345198715,0.567508347758400,0.916074614509230
302,114,0.862173487183493,0.878589332458931,0.369420956915065,0.878909482848963,0.360884051344926,0.519600329826776,0.919326626306593
302,115,0.863960448626518,0.881598476419362,0.346550114697208,0.882314628037819,0.345183624539905,0.488937485274417,0.924357986481279
303,60,1.000000000000000,1.000000000000000,1.000000000000000,1.000000000000000,1.000000000000000,1.000000000000000,1.000000000000000
303,61,1.000000000000000,1.000000000000000,1.000000000000000,1.000000000000000,1.000000000000000,1.000000000000000,1.000000000000000
303,62,1.000000000000000,1.000000000000000,1.000000000000000,1.000000000000000,1.000000000000000,1.000000000000000,1.000000000000000
303,63,1.000000000000000,1.000000000000000,1.000000000000000,1.000000000000000,1.000000000000000,1.000000000000000,1.000000000000000
303,64,1.000000000000000,1.000000000000000,1.000000000000000,1.000000000000000,1.000000000000000,1.000000000000000,1.000000000000000
303,65,1.000000000000000,1.000000000000000,1.000000000000000,1.000000000000000,1.000000000000000,1.000000000000000,1.000000000000000
303,66,1.000000000000000,1.000000000000000,1.000000000000000,1.000000000000000,1.000000000000000,1.000000000000000,1.000000000000000
303,67,1.000000000000000,1.000000000000000,1.000000000000000,1.000000000000000,1.000000000000000,1.000000000000000,1.000000000000000
303,68,1.000000000000000,1.000000000000000,1.000000000000000,1.000000000000000,1.000000000000000,1.000000000000000,1.000000000000000
303,69,1.000000000000000,1.000000000000000,1.000000000000000,1.000000000000000,1.000000000000000,1.000000000000000,1.000000000000000
303,70,1.000000000000000,1.000000000000000,1.000000000000000,1.000000000000000,1.000000000000000,1.000000000000000,1.000000000000000
303,71,1.000000000000000,1.000000000000000,1.000000000000000,1.000000000000000,1.000000000000000,1.000000000000000,1.000000000000000
303,72,1.000000000000000,1.000000000000000,1.000000000000000,1.000000000000000,1.000000000000000,1.000000000000000,1.000000000000000
303,73,1.000000000000000,1.000000000000000,1.000000000000000,1.000000000000000,1.000000000000000,1.000000000000000,1.000000000000000
303,74,1.000000000000000,1.000000000000000,1.000000000000000,1.000000000000000,1.000000000000000,1.000000000000000,1.000000000000000
303,75,1.000000000000000,1.000000000000000,1.000000000000000,1.000000000000000,1.000000000000000,1.000000000000000,1.000000000000000
303,76,1.000000000000000,1.000000000000000,1.000000000000000,1.000000000000000,1.000000000000000,1.000000000000000,1.000000000000000
303,77,1.000000000000000,1.000000000000000,1.000000000000000,1.000000000000000,1.000000000000000,1.000000000000000,1.000000000000000
303,78,1.000000000000000,1.000000000000000,1.000000000000000,1.000000000000000,1.000000000000000,1.000000000000000,1.000000000000000
303,79,1.000000000000000,1.000000000000000,1.000000000000000,1.000000000000000,1.000000000000000,1.000000000000000,1.000000000000000
303,80,1.000000000000000,1.000000000000000,1.000000000000000,1.000000000000000,1.000000000000000,1.000000000000000,1.000000000000000
303,81,1.000000000000000,1.000000000000000,1.000000000000000,1.000000000000000,1.000000000000000,1.000000000000000,1.000000000000000
303,82,1.000000000000000,1.000000000000000,1.000000000000000,1.000000000000000,1.000000000000000,1.000000000000000,1.000000000000000
303,83,1.000000000000000,1.000000000000000,1.000000000000000,1.000000000000000,1.000000000000000,1.000000000000000,1.000000000000000
303,84,1.000000000000000,1.000000000000000,1.000000000000000,1.000000000000000,1.000000000000000,1.000000000000000,1.000000000000000
303,85,1.000000000000000,1.000000000000000,1.000000000000000,1.000000000000000,1.000000000000000,1.000000000000000,1.000000000000000
303,86,1.000000000000000,1.000000000000000,1.000000000000000,1.000000000000000,1.000000000000000,1.000000000000000,1.000000000000000
303,87,1.000000000000000,1.000000000000000,1.000000000000000,1.000000000000000,1.000000000000000,1.000000000000000,1.000000000000000
303,88,1.000000000000000,1.000000000000000,1.000000000000000,1.000000000000000,1.000000000000000,1.000000000000000,1.000000000000000
303,89,1.000000000000000,1.000000000000000,1.000000000000000,1.000000000000000,1.000000000000000,1.000000000000000,1.000000000000000
303,90,1.000000000000000,1.000000000000000,1.000000000000000,1.000000000000000,1.000000000000000,1.000000000000000,1.000000000000000
303,91,1.000000000000000,1.000000000000000,1.000000000000000,1.000000000000000,1.000000000000000,1.000000000000000,1.000000000000000
303,92,1.000000000000000,1.000000000000000,1.000000000000000,1.000000000000000,1.000000000000000,1.000000000000000,1.000000000000000
303,93,1.000000000000000,1.000000000000000,1.000000000000000,1.000000000000000,1.000000000000000,1.000000000000000,1.000000000000000
303,94,1.000000000000000,1.000000000000000,1.000000000000000,1.000000000000000,1.000000000000000,1.000000000000000,1.000000000000000
303,95,1.000000000000000,1.000000000000000,1.000000000000000,1.000000000000000,1.000000000000000,1.000000000000000,1.000000000000000
303,96,0.998467562308684,0.998770050257225,0.987162127097372,1.000000000000000,1.000000000000000,1.000000000000000,0.999128526483074
303,97,0.997877100440191,0.998091738370962,0.985067650475019,1.000000000000000,1.000000000000000,1.000000000000000,0.998844389159274
303,98,0.997586859204240,0.997712870140345,0.986355389243529,1.000000000000000,1.000000000000000,1.000000000000000,0.998469911816567
303,99,0.997182203819435,0.997232787908181,0.986503754990073,1.000000000000000,1.000000000000000,1.000000000000000,0.997807400009875
303,100,0.996037609184760,0.995923369655913,0.984170937344289,1.000000000000000,1.000000000000000,1.000000000000000,0.996931822888749
303,101,0.994035979826506,0.993683599260264,0.977950339576756,1.000000000000000,1.000000000000000,1.000000000000000,0.995792255151590
303,102,0.992745101310014,0.992848680969562,0.970637523935323,1.000000000000000,1.000000000000000,1.000000000000000,0.994017913284058
303,103,0.992303782213591,0.992619761385960,0.973203076424781,1.000000000000000,1.000000000000000,1.000000000000000,0.990596677210418
303,104,0.987604726082405,0.986165427131106,0.971438298800605,1.000000000000000,1.000000000000000,1.000000000000000,0.985786359284091
303,105,0.974248481453887,0.967981532997382,0.960205624052342,1.000000000000000,1.000000000000000,1.000000000000000,0.979429031142340
303,106,0.953097013189133,0.939857037952297,0.937919295963043,1.000000000000000,1.000000000000000,1.000000000000000,0.970580482603018
303,107,0.942758894988365,0.920614965638161,0.917846397670157,1.000000000000000,1.000000000000000,1.000000000000000,0.958417232900100
303,108,0.920322254103606,0.884104106791935,0.890286036277865,1.000000000000000,1.000000000000000,1.000000000000000,0.942744456616665
303,109,0.853256282634221,0.806475067228416,0.784362033522237,1.000000000000000,1.000000000000000,1.000000000000000,0.924459938552889
303,110,0.733072506455255,0.686083172549454,0.578143434018316,1.000000000000000,1.000000000000000,1.000000000000000,0.905368848351557
303,111,0.601448642055179,0.559595800589591,0.396518559885081,0.419568357229635,1.000000000000000,1.000000000000000,0.905368848351557
303,112,0.508776930981967,0.477298114039418,0.315553636892210,0.457128322311307,1.000000000000000,1.000000000000000,0.905368848351557
303,113,0.479062115984492,0.464360726167741,0.329974379220723,0.489545228790050,1.000000000000000,1.000000000000000,0.905368848351557
303,114,0.490494074330413,0.501994283983650,0.334086846019039,0.518909488450790,1.000000000000000,1.000000000000000,0.905368848351557
303,115,0.497532627954674,0.547853325752665,0.227214698337622,0.547853376020254,1.000000000000000,1.000000000000000,0.905368848351557
304,60,1.000000000000000,,,,,,
304,61,1.000000000000000,,,,,,
304,62,1.000000000000000,,,,,,
304,63,1.000000000000000,,,,,,
304,64,1.000000000000000,,,,,,
304,65,1.000000000000000,,,,,,
304,66,1.000000000000000,,,,,,
304,67,1.000000000000000,,,,,,
304,68,1.000000000000000,,,,,,
304,69,1.000000000000000,,,,,,
304,70,1.000000000000000,,,,,,
304,71,1.000000000000000,,,,,,
304,72,1.000000000000000,,,,,,
304,73,1.000000000000000,,,,,,
304,74,1.000000000000000,,,,,,
304,75,1.000000000000000,,,,,,
304,76,1.000000000000000,,,,,,
304,77,1.000000000000000,,,,,,
304,78,1.000000000000000,,,,,,
304,79,1.000000000000000,,,,,,
304,80,1.000000000000000,,,,,,
304,81,1.000000000000000,,,,,,
304,82,1.000000000000000,,,,,,
304,83,1.000000000000000,,,,,,
304,84,1.000000000000000,,,,,,
304,85,1.000000000000000,,,,,,
304,86,1.000000000000000,,,,,,
304,87,1.000000000000000,,,,,,
304,88,1.000000000000000,,,,,,
304,89,1.000000000000000,,,,,,
304,90,1.000000000000000,,,,,,
304,91,1.000000000000000,,,,,,
304,92,1.000000000000000,,,,,,
304,93,1.000000000000000,,,,,,
304,94,1.000000000000000,,,,,,
304,95,1.000000000000000,,,,,,
304,96,1.000000000000000,,,,,,
304,97,1.000000000000000,,,,,,
304,98,1.000000000000000,,,,,,
304,99,1.000000000000000,,,,,,
304,100,1.000000000000000,,,,,,
304,101,1.000000000000000,,,,,,
304,102,1.000000000000000,,,,,,
304,103,1.000000000000000,,,,,,
304,104,1.000000000000000,,,,,,
304,105,1.000000000000000,,,,,,
304,106,1.000000000000000,,,,,,
304,107,1.000000000000000,,,,,,
304,108,1.000000000000000,,,,,,
304,109,1.000000000000000,,,,,,
304,110,1.000000000000000,,,,,,
304,111,0.884482820370765,,,,,,
304,112,0.887978904795814,,,,,,
304,113,0.892518629213732,,,,,,
304,114,0.899512486085994,,,,,,
304,115,0.909355323501776,,,,,,
305,20,1.000000000000000,1.000000000000000,1.000000000000000,1.000000000000000,,,
305,21,1.000000000000000,1.000000000000000,1.000000000000000,1.000000000000000,,,
305,22,1.000000000000000,1.000000000000000,1.000000000000000,1.000000000000000,,,
305,23,1.000000000000000,0.999832286572546,1.000000000000000,0.999832286572546,,,
305,24,1.000000000000000,0.999346681911968,1.000000000000000,0.999346681911968,,,
305,25,1.000000000000000,0.998539157863864,1.000000000000000,0.998539157863864,,,
305,26,0.999926965677180,0.997429064410993,0.999926965677180,0.997429064410993,,,
305,27,0.999169895192385,0.995788200119915,0.999169895192385,0.995788200119915,,,
305,28,0.997965354274918,0.993330288378187,0.997965354274918,0.993330288378187,,,
305,29,0.996097848419676,0.990186891412879,0.996097848419676,0.990186891412879,,,
305,30,0.993656163101984,0.986704515993621,0.993656163101984,0.986704515993621,,,
305,31,0.991116661983141,0.983239774779526,0.991116661983141,0.983239774779526,,,
305,32,0.988828327658212,0.980107542187110,0.988828327658212,0.980107542187110,,,
305,33,0.987062458490231,0.977429894570286,0.987062458490231,0.977429894570286,,,
305,34,0.986246165634362,0.974956741670357,0.986246165634362,0.974956741670357,,,
305,35,0.986450244845470,0.972410307802774,0.986450244845470,0.972410307802774,,,
305,36,0.987117890004988,0.969610486966106,0.987117890004988,0.969610486966106,,,
305,37,0.987573331063448,0.966602531408159,0.987573331063448,0.966602531408159,,,
305,38,0.987400489623487,0.963732743793211,0.987400489623487,0.963732743793211,,,
305,39,0.986512027352778,0.961472737169980,0.986512027352778,0.961472737169980,,,
305,40,0.985447187831695,0.960028362934783,0.985447187831695,0.960028362934783,,,
305,41,0.985032651583516,0.959328238683900,0.985032651583516,0.959328238683900,,,
305,42,0.985575105952682,0.959126662566167,0.985575105952682,0.959126662566167,,,
305,43,0.986786882369127,0.959117209150377,0.986786882369127,0.959117209150377,,,
305,44,0.988191302725475,0.959129864086400,0.988191302725475,0.959129864086400,,,
305,45,0.989351335336919,0.958934788570502,0.989351335336919,0.958934788570502,,,
305,46,0.989995099904266,0.958295632757795,0.989995099904266,0.958295632757795,,,
305,47,0.989903108857756,0.957337339997423,0.989903108857756,0.957337339997423,,,
305,48,0.989242968147674,0.956310760902105,0.989242968147674,0.956310760902105,,,
305,49,0.988335357006997,0.955290228670477,0.988335357006997,0.955290228670477,,,
305,50,0.987334687554729,0.954362593539954,0.987334687554729,0.954362593539954,,,
305,51,0.986241970299718,0.953638803437024,0.986241970299718,0.953638803437024,,,
305,52,0.985174600556968,0.952918461059578,0.985174600556968,0.952918461059578,,,
305,53,0.984272431624249,0.951911570633365,0.984272431624249,0.951911570633365,,,
305,54,0.983654869241671,0.950509220480981,0.983654869241671,0.950509220480981,,,
305,55,0.983049541987890,0.948532333313641,0.983049541987890,0.948532333313641,,,
305,56,0.982147886275263,0.945818369689744,0.982147886275263,0.945818369689744,,,
305,57,0.980720819862209,0.942571309976036,0.980720819862209,0.942571309976036,,,
305,58,0.978751232923021,0.939155230973781,0.978751232923021,0.939155230973781,,,
305,59,0.976462108971417,0.935861496145493,0.976462108971417,0.935861496145493,,,
305,60,0.974096309107812,0.932863448965878,0.974096309107812,0.932863448965878,,,
305,61,0.971707654788034,0.930189772928703,0.971707654788034,0.930189772928703,,,
305,62,0.973646034515900,0.926772367773775,0.959370238699848,0.912739681507962,,,
305,63,0.975584414243765,0.923354962618846,0.952723998199009,0.894574398960364,,,
305,64,0.977522793971631,0.919937557463917,0.943773234200744,0.885162601626016,,,
305,65,0.979461173699496,0.916520152308989,0.979461173699496,0.916520152308989,,,
305,66,0.982496428235302,0.903494687499352,0.982496428235302,0.903494687499352,,,
305,67,0.985419656308878,0.888070690858651,0.985419656308878,0.888070690858651,,,
305,68,0.987751610549680,0.869353341779286,0.987751610549680,0.869353341779286,,,
305,69,0.989037657048695,0.848487660303317,0.989037657048695,0.848487660303317,,,
305,70,0.989091965292695,0.827962880852936,0.989091965292695,0.827962880852936,,,
305,71,0.988049518052691,0.809907339316386,0.988049518052691,0.809907339316386,,,
305,72,0.986312196638984,0.794652453024696,0.986312196638984,0.794652453024696,,,
305,73,0.984331687965951,0.780388068974353,0.984331687965951,0.780388068974353,,,
305,74,0.982021300950087,0.765439854435042,0.982021300950087,0.765439854435042,,,
305,75,0.979089269261421,0.750013263793674,0.979089269261421,0.750013263793674,,,
305,76,0.974903750129987,0.735178387010580,0.974903750129987,0.735178387010580,,,
305,77,0.968489591352551,0.720661306187241,0.968489591352551,0.720661306187241,,,
305,78,0.959413803265351,0.706998336105742,0.959413803265351,0.706998336105742,,,
305,79,0.948373020147760,0.694223133352090,0.948373020147760,0.694223133352090,,,
305,80,0.936815745409022,0.681288299317881,0.936815745409022,0.681288299317881,,,
305,81,0.926021111158617,0.667485714507414,0.926021111158617,0.667485714507414,,,
305,82,0.916320194472209,0.653761511099042,0.916320194472209,0.653761511099042,,,
305,83,0.907174443359646,0.640185963242772,0.907174443359646,0.640185963242772,,,
305,84,0.898338355670822,0.626911611003637,0.898338355670822,0.626911611003637,,,
305,85,0.889388157666555,0.615116760999322,0.889388157666555,0.615116760999322,,,
305,86,0.880367435238430,0.605404014188631,0.880367435238430,0.605404014188631,,,
305,87,0.871564254704531,0.596660591744439,0.871564254704531,0.596660591744439,,,
305,88,0.863219082276159,0.588558207294736,0.863219082276159,0.588558207294736,,,
305,89,0.855808396772089,0.580132672071758,0.855808396772089,0.580132672071758,,,
305,90,0.849160267016967,0.570361955611257,0.849160267016967,0.570361955611257,,,
305,91,0.841478882190415,0.560125493892707,0.841478882190415,0.560125493892707,,,
305,92,0.826857166416840,0.553419590329244,0.826857166416840,0.553419590329244,,,
305,93,0.811552687567069,0.551530987952791,0.811552687567069,0.551530987952791,,,
305,94,0.805980079201913,0.551777700487392,0.805980079201913,0.551777700487392,,,
305,95,0.809114264420338,0.551653544235986,0.809114264420338,0.551653544235986,,,
305,96,0.857964189497905,0.659669115827583,0.857964189497905,0.659669115827583,,,
305,97,0.876720886271923,0.660977267107217,0.876720886271923,0.660977267107217,,,
305,98,0.899534959266123,0.664514800935746,0.899534959266123,0.664514800935746,,,
305,99,0.925819986170350,0.668729626957556,0.925819986170350,0.668729626957556,,,
305,100,0.953613185485192,0.671801083882876,0.953613185485192,0.671801083882876,,,
305,101,0.953613185485192,0.671801083882876,0.953613185485192,0.671801083882876,,,
305,102,0.953613185485192,0.671801083882876,0.953613185485192,0.671801083882876,,,
305,103,0.953613185485192,0.671801083882876,0.953613185485192,0.671801083882876,,,
305,104,0.953613185485192,0.671801083882876,0.953613185485192,0.671801083882876,,,
305,105,0.953613185485192,0.671801083882876,0.953613185485192,0.671801083882876,,,
305,106,0.953613185485192,0.671801083882876,0.953613185485192,0.671801083882876,,,
305,107,0.953613185485192,0.671801083882876,0.953613185485192,0.671801083882876,,,
305,108,0.953613185485192,0.671801083882876,0.953613185485192,0.671801083882876,,,
305,109,0.953613185485192,0.671801083882876,0.953613185485192,0.671801083882876,,,
305,110,0.953613185485192,0.671801083882876,0.953613185485192,0.671801083882876,,,
305,111,0.953613185485192,0.671801083882876,0.953613185485192,0.671801083882876,,,
305,112,0.953613185485192,0.671801083882876,0.953613185485192,0.671801083882876,,,
305,113,0.953613185485192,0.671801083882876,0.953613185485192,0.671801083882876,,,
305,114,0.953613185485192,0.671801083882876,0.953613185485192,0.671801083882876,,,
305,115,0.953613185485192,0.671801083882876,0.953613185485192,0.671801083882876,,,
306,20,1.000000000000000,1.000000000000000,1.000000000000000,1.000000000000000,,,
306,21,0.999955044871344,0.999900468218587,0.999955044871344,0.999900468218587,,,
306,22,0.999832004860590,0.999447748962314,0.999832004860590,0.999447748962314,,,
306,23,0.999647608461741,0.998625683778644,0.999647608461741,0.998625683778644,,,
306,24,0.999397892894830,0.997349889833487,0.999397892894830,0.997349889833487,,,
306,25,0.999101283283323,0.995698110823912,0.999101283283323,0.995698110823912,,,
306,26,0.998824185826109,0.993646303792841,0.998824185826109,0.993646303792841,,,
306,27,0.998598587644566,0.991125285676440,0.998598587644566,0.991125285676440,,,
306,28,0.998411219872883,0.988176971932401,0.998411219872883,0.988176971932401,,,
306,29,0.998217571018727,0.984897961030948,0.998217571018727,0.984897961030948,,,
306,30,0.997991490315013,0.981305898429047,0.997991490315013,0.981305898429047,,,
306,31,0.997677212849143,0.977616109843704,0.997677212849143,0.977616109843704,,,
306,32,0.997307208690128,0.974151038193143,0.997307208690128,0.974151038193143,,,
306,33,0.996952480591477,0.971066763662482,0.996952480591477,0.971066763662482,,,
306,34,0.996653396514235,0.968366156338609,0.996653396514235,0.968366156338609,,,
306,35,0.996416907112422,0.966120370091025,0.996416907112422,0.966120370091025,,,
306,36,0.996214238195485,0.964199161629837,0.996214238195485,0.964199161629837,,,
306,37,0.995975161290995,0.962513766826139,0.995975161290995,0.962513766826139,,,
306,38,0.995645315788952,0.961114410532957,0.995645315788952,0.961114410532957,,,
306,39,0.995239235738919,0.960213848109225,0.995239235738919,0.960213848109225,,,
306,40,0.994764288446181,0.959758416491911,0.994764288446181,0.959758416491911,,,
306,41,0.994274893993978,0.959714577648687,0.994274893993978,0.959714577648687,,,
306,42,0.993864981213754,0.960010458100601,0.993864981213754,0.960010458100601,,,
306,43,0.993590536367064,0.960443961622734,0.993590536367064,0.960443961622734,,,
306,44,0.993466346276627,0.960609088840497,0.993466346276627,0.960609088840497,,,
306,45,0.993542031923933,0.960419236175349,0.993542031923933,0.960419236175349,,,
306,46,0.993683148225942,0.960052506420156,0.993683148225942,0.960052506420156,,,
306,47,0.993730176477815,0.959625297247774,0.993730176477815,0.959625297247774,,,
306,48,0.993485529582390,0.959191691544674,0.993485529582390,0.959191691544674,,,
306,49,0.992920018700391,0.958800401022918,0.992920018700391,0.958800401022918,,,
306,50,0.991960381418500,0.958375239660260,0.991960381418500,0.958375239660260,,,
306,51,0.990664808957727,0.957623938647121,0.990664808957727,0.957623938647121,,,
306,52,0.989203505124333,0.956312003375670,0.989203505124333,0.956312003375670,,,
306,53,0.987767072048887,0.954190620202008,0.987767072048887,0.954190620202008,,,
306,54,0.986382064371915,0.951279594069085,0.986382064371915,0.951279594069085,,,
306,55,0.985116207428199,0.947640784666627,0.985116207428199,0.947640784666627,,,
306,56,0.983883689359839,0.943542774250708,0.983883689359839,0.943542774250708,,,
306,57,0.982411871601550,0.939229056415445,0.982411871601550,0.939229056415445,,,
306,58,0.980512940145676,0.935127166455536,0.980512940145676,0.935127166455536,,,
306,59,0.978284395089978,0.931598588068225,0.978284395089978,0.931598588068225,,,
306,60,0.975876759054826,0.928895227551303,0.975876759054826,0.928895227551303,,,
306,61,0.973446143081970,0.926828619713827,0.973446143081970,0.926828619713827,,,
306,62,0.973524557493615,0.926193361971397,0.966025641025641,0.906723891273247,,,
306,63,0.973602971905260,0.925558104228966,0.949922720247295,0.896907216494845,,,
306,64,0.973681386316904,0.924922846486536,0.948952879581152,0.897506925207756,,,
306,65,0.973759800728549,0.924287588744106,0.973759800728549,0.924287588744106,,,
306,66,0.976263491795662,0.928088340839761,0.976263491795662,0.928088340839761,,,
306,67,0.978275166624218,0.930744609579319,0.978275166624218,0.930744609579319,,,
306,68,0.979377314976570,0.931329457852347,0.979377314976570,0.931329457852347,,,
306,69,0.979480156409913,0.929200684573476,0.979480156409913,0.929200684573476,,,
306,70,0.978853179707792,0.924794815688228,0.978853179707792,0.924794815688228,,,
306,71,0.978052193614979,0.919201357652538,0.978052193614979,0.919201357652538,,,
306,72,0.977433859429978,0.913422241250343,0.977433859429978,0.913422241250343,,,
306,73,0.977105059717728,0.907381236769450,0.977105059717728,0.907381236769450,,,
306,74,0.976810996990047,0.901114879439880,0.976810996990047,0.901114879439880,,,
306,75,0.976233054246083,0.894510282891512,0.976233054246083,0.894510282891512,,,
306,76,0.975132240255539,0.887407483615954,0.975132240255539,0.887407483615954,,,
306,77,0.973459687010894,0.880087004319673,0.973459687010894,0.880087004319673,,,
306,78,0.971347658334213,0.872934519696867,0.971347658334213,0.872934519696867,,,
306,79,0.969186153210205,0.865645433047801,0.969186153210205,0.865645433047801,,,
306,80,0.967287347856490,0.858704469158130,0.967287347856490,0.858704469158130,,,
306,81,0.965503325546232,0.852684261084813,0.965503325546232,0.852684261084813,,,
306,82,0.963502138208619,0.847158459018019,0.963502138208619,0.847158459018019,,,
306,83,0.960871738730204,0.841360360611073,0.960871738730204,0.841360360611073,,,
306,84,0.957204378190076,0.834828671749303,0.957204378190076,0.834828671749303,,,
306,85,0.952569824440205,0.826531920189020,0.952569824440205,0.826531920189020,,,
306,86,0.947666635387964,0.816659496944562,0.947666635387964,0.816659496944562,,,
306,87,0.942603666996053,0.806745550968784,0.942603666996053,0.806745550968784,,,
306,88,0.937295906769469,0.798468681822750,0.937295906769469,0.798468681822750,,,
306,89,0.931192579351113,0.792332877718353,0.931192579351113,0.792332877718353,,,
306,90,0.923649018198215,0.788240589086522,0.923649018198215,0.788240589086522,,,
306,91,0.914467197325526,0.784803211500204,0.914467197325526,0.784803211500204,,,
306,92,0.903676594635030,0.779037915647914,0.903676594635030,0.779037915647914,,,
306,93,0.895367613882154,0.773257708650475,0.895367613882154,0.773257708650475,,,
306,94,0.892730246875918,0.771235449107364,0.892730246875918,0.771235449107364,,,
306,95,0.893938170317919,0.772369718409997,0.893938170317919,0.772369718409997,,,
306,96,0.851041940314336,0.711467894839324,0.851041940314336,0.711467894839324,,,
306,97,0.838052733954360,0.706057101594468,0.838052733954360,0.706057101594468,,,
306,98,0.821570652532630,0.697757242455472,0.821570652532630,0.697757242455472,,,
306,99,0.801384304305387,0.685457305312042,0.801384304305387,0.685457305312042,,,
306,100,0.778751173748314,0.669632454148945,0.778751173748314,0.669632454148945,,,
306,101,0.778751173748314,0.669632454148945,0.778751173748314,0.669632454148945,,,
306,102,0.778751173748314,0.669632454148945,0.778751173748314,0.669632454148945,,,
306,103,0.778751173748314,0.669632454148945,0.778751173748314,0.669632454148945,,,
306,104,0.778751173748314,0.669632454148945,0.778751173748314,0.669632454148945,,,
306,105,0.778751173748314,0.669632454148945,0.778751173748314,0.669632454148945,,,
306,106,0.778751173748314,0.669632454148945,0.778751173748314,0.669632454148945,,,
306,107,0.778751173748314,0.669632454148945,0.778751173748314,0.669632454148945,,,
306,108,0.778751173748314,0.669632454148945,0.778751173748314,0.669632454148945,,,
306,109,0.778751173748314,0.669632454148945,0.778751173748314,0.669632454148945,,,
306,110,0.778751173748314,0.669632454148945,0.778751173748314,0.669632454148945,,,
306,111,0.778751173748314,0.669632454148945,0.778751173748314,0.669632454148945,,,
306,112,0.778751173748314,0.669632454148945,0.778751173748314,0.669632454148945,,,
306,113,0.778751173748314,0.669632454148945,0.778751173748314,0.669632454148945,,,
306,114,0.778751173748314,0.669632454148945,0.778751173748314,0.669632454148945,,,
306,115,0.778751173748314,0.669632454148945,0.778751173748314,0.669632454148945,,,
307,20,1.000000000000000,1.000000000000000,,,,,
307,21,1.000000000000000,1.000000000000000,,,,,
307,22,1.000000000000000,1.000000000000000,,,,,
307,23,1.000000000000000,1.000000000000000,,,,,
307,24,1.000000000000000,1.000000000000000,,,,,
307,25,1.000000000000000,1.000000000000000,,,,,
307,26,1.000000000000000,1.000000000000000,,,,,
307,27,1.000000000000000,1.000000000000000,,,,,
307,28,1.000000000000000,1.000000000000000,,,,,
307,29,1.000000000000000,1.000000000000000,,,,,
307,30,1.000000000000000,1.000000000000000,,,,,
307,31,1.000000000000000,1.000000000000000,,,,,
307,32,1.000000000000000,1.000000000000000,,,,,
307,33,1.000000000000000,1.000000000000000,,,,,
307,34,1.000000000000000,1.000000000000000,,,,,
307,35,1.000000000000000,1.000000000000000,,,,,
307,36,1.000000000000000,1.000000000000000,,,,,
307,37,1.000000000000000,1.000000000000000,,,,,
307,38,1.000000000000000,1.000000000000000,,,,,
307,39,1.000000000000000,1.000000000000000,,,,,
307,40,1.000000000000000,1.000000000000000,,,,,
307,41,1.000000000000000,1.000000000000000,,,,,
307,42,1.000000000000000,1.000000000000000,,,,,
307,43,1.000000000000000,1.000000000000000,,,,,
307,44,1.000000000000000,1.000000000000000,,,,,
307,45,1.000000000000000,1.000000000000000,,,,,
307,46,1.000000000000000,1.000000000000000,,,,,
307,47,1.000000000000000,1.000000000000000,,,,,
307,48,1.000000000000000,1.000000000000000,,,,,
307,49,1.000000000000000,1.000000000000000,,,,,
307,50,1.000000000000000,1.000000000000000,,,,,
307,51,1.000000000000000,1.000000000000000,,,,,
307,52,1.000000000000000,1.000000000000000,,,,,
307,53,1.000000000000000,1.000000000000000,,,,,
307,54,1.000000000000000,1.000000000000000,,,,,
307,55,1.000000000000000,1.000000000000000,,,,,
307,56,1.000000000000000,1.000000000000000,,,,,
307,57,1.000000000000000,1.000000000000000,,,,,
307,58,1.000000000000000,1.000000000000000,,,,,
307,59,1.000000000000000,1.000000000000000,,,,,
307,60,0.900000000000000,1.000000000000000,,,,,
307,61,0.923076923076923,0.925925925925926,,,,,
307,62,0.947368421052632,0.842105263157895,,,,,
307,63,0.968750000000000,0.897959183673469,,,,,
307,64,1.000000000000000,0.820512820512820,,,,,
307,65,0.978435144290269,0.937466790977520,,,,,
307,66,0.984793748544092,0.946919757436055,,,,,
307,67,0.990114567563590,0.953856790261081,,,,,
307,68,0.993344424454563,0.955854947057577,,,,,
307,69,0.994392697721692,0.952075821722111,,,,,
307,70,0.993888630833401,0.944098694592301,,,,,
307,71,0.992988223574178,0.934149145193445,,,,,
307,72,0.992505366487879,0.924472265658916,,,,,
307,73,0.992253059650043,0.915856641003160,,,,,
307,74,0.991618054114278,0.907365333808145,,,,,
307,75,0.990599680605551,0.898200250528271,,,,,
307,76,0.989169072218846,0.889219283288503,,,,,
307,77,0.987562902058409,0.880389583952987,,,,,
307,78,0.985691100302520,0.871568691918909,,,,,
307,79,0.983157564915339,0.863236608837858,,,,,
307,80,0.979536443216896,0.856328252495888,,,,,
307,81,0.974939730685142,0.850586242876738,,,,,
307,82,0.969372496677617,0.846650893840661,,,,,
307,83,0.963138525780556,0.844489358381840,,,,,
307,84,0.956544956983224,0.842582645960143,,,,,
307,85,0.950068369715771,0.838798584504647,,,,,
307,86,0.944341385836565,0.833244831946656,,,,,
307,87,0.939103252989256,0.826048805019327,,,,,
307,88,0.933705527291333,0.818548502263416,,,,,
307,89,0.928449835441205,0.813043588680157,,,,,
307,90,0.923787904190042,0.811036774836932,,,,,
307,91,0.919421513961921,0.811351915394305,,,,,
307,92,0.914126098847862,0.812106393988783,,,,,
307,93,0.910301981761142,0.812544033835821,,,,,
307,94,0.909492464991115,0.812877062696353,,,,,
307,95,0.910051187709311,0.812958852572534,,,,,
307,96,0.906700947802001,0.860116491634543,,,,,
307,97,0.911726576870900,0.878416785805384,,,,,
307,98,0.917757046383310,0.895035437146481,,,,,
307,99,0.925418624948912,0.908849262566400,,,,,
307,100,0.934690787243431,0.919847294241021,,,,,
307,101,0.934690787243431,0.919847294241021,,,,,
307,102,0.934690787243431,0.919847294241021,,,,,
307,103,0.934690787243431,0.919847294241021,,,,,
307,104,0.934690787243431,0.919847294241021,,,,,
307,105,0.934690787243431,0.919847294241021,,,,,
307,106,0.934690787243431,0.919847294241021,,,,,
307,107,0.934690787243431,0.919847294241021,,,,,
307,108,0.934690787243431,0.919847294241021,,,,,
307,109,0.934690787243431,0.919847294241021,,,,,
307,110,0.934690787243431,0.919847294241021,,,,,
307,111,0.934690787243431,0.919847294241021,,,,,
307,112,0.934690787243431,0.919847294241021,,,,,
307,113,0.934690787243431,0.919847294241021,,,,,
307,114,0.934690787243431,0.919847294241021,,,,,
307,115,0.934690787243431,0.919847294241021,,,,,
308,308,0.995712754555198,,,,,,
