,0,1,2,3,4,5,6,7,8,9,10,11,12,13,14,15,16,17,18,19,20,21,22,23,24,25,26,27,28,29,30,31,32,33,34,35,36,37,38,39,40,41,42,43,44,45,46,47,48,49,50,51,52,53,54,55,56,57,58,59,60,61,62,63,64,65,66,67,68,69,70,71,72,73,74,75,76,77,78,79,80,81,82,83,84,85,86,87,88,89,90,91,92,93,94,95,96,97,98,99,100,101,102,103,104,105,106,107,108,109,110,111,112,113,114,115
19,199,113,23,16.5,12,9,8,8,8,8,7.5,7.5,8,9,11,13.5,17.5,23,28.5,34,40,45,48,48.5,47,44.5,43,44,46.5,50,53.5,56,57.5,59,61,64,67.5,72,78.5,85.5,92,98,105,113.5,124,137.5,153,170.5,190,210.5,232,256,283.5,312.5,343,377,414.5,456,504,557.5,614.5,676.5,743,814.5,894,983,1084,1198.5,1327,1470.5,1620,1769,1927,2107,2318,2558,2818.5,3091,3395.5,3773,4238.5,4782.5,5391.5,6065,6824.5,7704.5,8724,9883,11166,12528,13879,15305,16910,18657.5,20556,22613,24835.5,27230,29800.5,32549.5,35477,38580.5,41853.5,45284.5,48859,100000,0,0,0,0,0,0,0,0,0,0
20,184,104,20.5,14,9.5,7,6,5.5,5,5,5.5,6.5,8,10,12.5,16,20,25,30.5,35.5,41,46.5,50.5,52,51.5,50,49,49,49,49.5,51,53.5,57.5,62,66,69,70.5,72,75,80.5,88.5,97.5,107,117.5,129,142,156.5,171.5,188.5,208.5,231,256,282,309.5,340,374,412,452.5,495,541.5,595,657.5,728,803,881.5,966,1062.5,1178,1309.5,1448,1598,1760.5,1927.5,2108.5,2314,2547.5,2809,3098.5,3411.5,3755.5,4161.5,4646,5214,5873,6629,7484.5,8451,9541.5,10749.5,12057.5,13463,14995.5,16692.5,18576,20596,22643.5,24594.5,26478.5,28396,30346,32326.5,34335,36370,38428.5,40507.5,100000,0,0,0,0,0,0,0,0,0,0
21,182,102.5,19.5,13.5,10,8.5,8,7.5,7,6.5,6,6.5,7.5,9,11.5,15,19,23.5,29,34.5,39.5,44,47.5,49.5,50,49.5,49,49.5,50.5,51.5,52,52.5,55,59,63,66.5,69.5,73,77.5,83,89,95.5,102.5,110.5,121,134.5,150.5,168,186.5,206.5,229.5,256,284.5,315,348,382,417.5,456,498,545,598.5,658,723.5,795.5,874,962,1061.5,1173,1297.5,1437,1596.5,1775.5,1961,2144,2335,2552.5,2810.5,3115.5,3466,3850.5,4275.5,4766,5337,6000,6759.5,7619.5,8589,9690,10931,12277,13684.5,15284,17071,18935,20922,23035.5,25277.5,27649.5,30152.5,32786.5,35548,38432,41432.5,44540.5,47745,100000,0,0,0,0,0,0,0,0,0,0
22,168,95,18.5,13,10,8.5,7.5,6.5,6,5.5,5,5.5,6.5,8,10,14.5,19,25,30.5,34.5,41,43.5,47,50.5,49,48,48,46.5,49,50.5,51.5,52.5,53,58.5,63,69.5,70.5,73.5,80.5,84.5,93.5,102,108,116.5,129,137,152,171,186,208,227.5,251,284,313.5,336,383,414.5,438,487,535,597.5,664,733,807,885,978.5,1082.5,1198.5,1334,1469,1650,1862,2044.5,2260,2418,2607.5,2853.5,3156,3558.5,3951.5,4461,4989.5,5527,6251.5,7037,7884,8952.5,10057,11382.5,12812,14302,15903.5,17494.5,19299.5,21572.5,23697.5,25574.5,27776,30029,32312.5,34605.5,36887,39135,41330,43454,100000,0,0,0,0,0,0,0,0,0,0
23,128,84,28.5,13.5,9,8,7.5,6.5,6,6,6,6.5,7.5,9,11,14,17.5,21.5,26.5,32,38,43,46.5,48,47.5,47,46.5,46.5,47.5,49,51.5,54,56,58.5,61.5,64.5,67.5,71,75.5,81,87.5,95,103,112,123,135.5,150,166.5,184.5,204.5,226,249,274,301.5,332,365.5,401.5,441,485,533.5,587,646,711.5,783.5,863,951.5,1050,1159,1277.5,1405,1541,1686.5,1845.5,2023,2224,2451.5,2705.5,2988,3305.5,3673,4108.5,4621.5,5215.5,5893.5,6663.5,7541.5,8542,9671,10926.5,12295,13761,15314.5,16958.5,18712.5,20601,22635,24794,27036.5,29322.5,31625.5,33937,36245.5,38527,40760,42925.5,100000,0,0,0,0,0,0,0,0,0,0
24,125,82,28,13.5,9,7.5,7,6.5,6,6,6,6.5,7.5,9,11,13.5,17,21.5,26.5,31.5,37,42.5,46,47.5,47.5,46.5,46,46.5,47.5,49,51,53,55.5,58.5,61,63.5,66.5,70,74.5,80,86.5,93.5,101.5,111,121.5,133.5,147.5,163.5,181.5,201.5,223,246,270.5,297.5,327.5,360.5,396.5,435.5,478.5,526.5,579.5,637.5,702,773.5,852.5,940,1037,1144.5,1262,1388.5,1523.5,1668,1825.5,2001,2199.5,2424,2675.5,2955,3269,3631.5,4059.5,4564.5,5150.5,5820.5,6582,7450,8439.5,9557.5,10802.5,12162.5,13622,15170.5,16809.5,18557,20437.5,22463,24615.5,26855,29141.5,31447.5,33763,36076,38364,40605,42779,100000,0,0,0,0,0,0,0,0,0,0
25,122,80,27,13,9,7.5,7,6.5,6,6,6,6.5,7.5,9,11,13.5,17,21,25.5,31,37,42,45.5,47,46.5,46,45.5,45.5,46.5,48,50.5,53,55,57.5,60.5,63,65.5,69,73.5,79,85,92,100,109,119.5,131.5,145.5,161.5,179.5,199,220,242.5,267,294,323.5,356,391,429.5,472.5,519.5,571.5,629.5,693.5,764,842,928.5,1024.5,1130.5,1246.5,1372,1506,1649.5,1806,1980,2176,2397.5,2646,2922.5,3233,3590.5,4012,4509.5,5087.5,5749.5,6502.5,7361,8340,9447,10681.5,12033,13486,15029,16663,18404.5,20276.5,22293,24439,26676,28963.5,31272.5,33591.5,35909,38203,40451,42634,100000,0,0,0,0,0,0,0,0,0,0
26,119,78,26.5,13,9,7.5,6.5,6,6,6,6,6.5,7.5,9,11,13.5,16.5,20.5,25.5,30.5,36,41,44.5,46.5,46.5,45.5,45,45,46,48,50,52,54.5,57,59.5,62,64.5,68,72.5,77.5,83.5,91,99,107.5,117.5,129.5,143.5,159,176.5,196,217,239.5,263.5,290,319,351,386,424,466.5,513.5,565,622,685,754.5,831.5,917,1011.5,1116.5,1232,1356,1489,1632,1787,1959,2152.5,2371.5,2617.5,2891,3198,3551,3966,4455.5,5026,5680.5,6425,7274,8242.5,9338.5,10563,11906,13352,14890,16519,18254,20118.5,22126.5,24265.5,26499,28787,31099,33421.5,35743.5,38043.5,40299,42490,100000,0,0,0,0,0,0,0,0,0,0
27,116,76,25.5,12,8.5,7.5,6.5,6,6,6,6,6,7,8.5,10.5,13.5,16.5,20,24.5,30,35.5,40.5,44.5,46,45.5,45,44.5,44.5,45.5,47,49,51.5,54,56.5,59,61.5,64,67,71.5,76.5,82.5,89.5,97.5,106.5,116.5,128,141.5,157,174,193,214,236.5,260,286,315,346.5,381,419,461,507,557.5,614,676.5,745,821,905.5,999.5,1103.5,1217.5,1340.5,1472.5,1614.5,1768.5,1938.5,2129.5,2346,2589,2860,3164,3512,3920.5,4403,4966,5612.5,6349,7189,8147,9232.5,10447,11781,13220.5,14753,16377,18106,19962.5,21962.5,24095,26325,28613,30927.5,33253.5,35580,37885.5,40148,42347.5,100000,0,0,0,0,0,0,0,0,0,0
28,114,74.5,25,12,8,7,6.5,6,6,6,6,6,7,8.5,10.5,13,16,20,24.5,29.5,35,40,43.5,45.5,45.5,44.5,44,44.5,45.5,47,49,51,53.5,56,58.5,61,63.5,66.5,70.5,75.5,81.5,88.5,96,104.5,114.5,126,139.5,155,172,191,211.5,233,256.5,282.5,311,342.5,376.5,413.5,455,500.5,550.5,606.5,668,736,811.5,895,987.5,1090,1203,1325.5,1456.5,1597,1750,1918.5,2107.5,2321.5,2562,2830,3130.5,3474.5,3877,4352.5,4908,5546.5,6275,7106,8054,9129,10333.5,11659,13091.5,14618.5,16237,17960.5,19810,21801.5,23927,26153.5,28441,30757.5,33087,35417.5,37729,39998.5,42206,100000,0,0,0,0,0,0,0,0,0,0
29,111,73,25,12,8,6.5,6,6,5.5,5,5.5,6,6.5,8,10,12.5,15.5,19,23.5,29,34.5,39.5,43.5,45,44.5,44,43.5,43.5,44.5,46,48,50.5,53,55,57.5,60,62.5,65.5,69.5,74.5,80.5,87.5,95,103.5,113,124.5,138,153,170,188.5,208.5,230,253.5,279,307,338,371.5,408.5,449.5,494.5,544,599,660,727.5,802,884.5,976,1077.5,1189,1310,1440.5,1580.5,1732,1899,2086,2297,2535,2801,3098.5,3438,3835,4303.5,4851,5482,6203,7025,7963,9028,10222,11538.5,12964,14485.5,16099.5,17817,19659.5,21643,23761.5,25984.5,28271.5,30590,32923,35257.5,37574,39850.5,42066,100000,0,0,0,0,0,0,0,0,0,0
30,109,71.5,24,11.5,8,6.5,6,5.5,5,5,5.5,6,6.5,8,10,12.5,15.5,19,23.5,28.5,34,39.5,43,44.5,44.5,43.5,43,43.5,44.5,46,48,50,52,54.5,57,59.5,62,64.5,68.5,73.5,79.5,86.5,94,102,111.5,123,136,151,167.5,185.5,205.5,227,250,275.5,303.5,334,367.5,404,444,488.5,538,592.5,652.5,719,792.5,874,964.5,1065,1175.5,1295.5,1425,1564,1714.5,1880,2065,2273.5,2508.5,2771.5,3066,3402,3793.5,4255,4795.5,5419.5,6132.5,6946,7874.5,8929,10113.5,11421,12839,14355,15964,17676,19511.5,21487,23598.5,25817,28103.5,30424.5,32760.5,35099,37421,39704,41927,100000,0,0,0,0,0,0,0,0,0,0
31,106,69.5,23.5,11.5,8,6.5,6,5.5,5,5,5,5.5,6.5,8,10,12.5,15.5,19,23,28,34,39,42.5,44,44,43.5,43,43,44,45.5,47.5,50,52,54,56.5,59,61,64,68,72.5,78.5,85.5,92.5,100.5,110,121,134,149,165.5,183.5,203,224,247,272,299.5,330,363,399,439,483,531.5,585.5,645,710.5,783,863.5,953,1052.5,1162,1281,1409.5,1547.5,1697,1861,2044,2250.5,2483,2743.5,3035.5,3367.5,3753.5,4208.5,4742,5358.5,6063.5,6868.5,7787.5,8832,10006.5,11305.5,12716.5,14226.5,15830.5,17537,19365.5,21333.5,23438.5,25653,27938,30260,32599.5,34942,37269,39558.5,41789,100000,0,0,0,0,0,0,0,0,0,0
32,104,68,23,11,7.5,6.5,5.5,5,5,5,5,5.5,6.5,8,10,12,15,18.5,22.5,27.5,33,38.5,42,43.5,43.5,42.5,42,42.5,43.5,45,47,49,51,53.5,56,58,60.5,63.5,67,71.5,77.5,84.5,91.5,99.5,109,119.5,132,146.5,163,181,200.5,221.5,244,269,296,326,359,394.5,433.5,477,525.5,578.5,637,702.5,774.5,854,942.5,1040.5,1149,1267.5,1395,1532,1680,1842.5,2024,2228.5,2458.5,2716,3005,3333.5,3714.5,4163,4689,5298,5996,6793,7703,8737.5,9902,11192,12595.5,14100,15699.5,17400.5,19222,21182.5,23280.5,25490.5,27774.5,30098,32440,34786.5,37118.5,39414,41652,100000,0,0,0,0,0,0,0,0,0,0
33,102,67,22.5,10.5,7,6,5.5,5,5,5,5,5.5,6.5,8,10,12,14.5,18,22,27,33,38,41.5,43.5,43.5,42.5,42,42,43,45,47,49,51,53,55.5,58,60,62.5,66,71,77,83,90,98,107,118,130.5,145,161.5,179,198,219,241.5,265.5,292.5,322.5,354.5,389.5,428.5,471.5,519,572,630.5,694.5,765.5,844.5,932,1029,1136,1253,1380,1516.5,1663.5,1824.5,2004,2206.5,2434.5,2689.5,2975.5,3300,3676,4118.5,4638,5240,5930.5,6719.5,7620,8644.5,9799.5,11081,12477,13975.5,15570,17266,19081.5,21034,23124.5,25330,27613,29938,32282.5,34632.5,36969.5,39271.5,41517,100000,0,0,0,0,0,0,0,0,0,0
34,100,65.5,22,10.5,7,6,5.5,5,5,5,5,5.5,6.5,8,10,12,14.5,18,22,26.5,32,37.5,41.5,43,42.5,42,41.5,41.5,42.5,44,46,48,50,52.5,55,57,59,61.5,65.5,70.5,76,82,89,97,106,116.5,129,143.5,159,176.5,195.5,216,238.5,262.5,289,318.5,350.5,385.5,424,466.5,513.5,565.5,623,686.5,757,835,921.5,1017.5,1124,1240,1365.5,1501,1647,1807,1985,2185,2410.5,2663,2946,3267.5,3639,4075.5,4588,5183,5866.5,6647,7538.5,8554,9699,10971,12360.5,13853.5,15442.5,17133.5,18942.5,20888,22972,25172.5,27453.5,29779.5,32127,34480.5,36822,39130,41382.5,100000,0,0,0,0,0,0,0,0,0,0
35,98,64,21.5,10.5,7,6,5.5,5,5,5,5,5.5,6.5,7.5,9.5,12,14.5,17.5,21.5,26.5,32,37,40.5,42.5,42.5,41.5,41,41,42,44,46,48,50,52,54,56.5,59,61.5,65,69.5,75,81,88,96,104.5,115,127.5,141.5,157,174,193,213.5,235.5,259.5,285.5,314.5,346.5,381,419,461,507.5,559,616,679,748.5,826,912,1007,1112,1227,1351.5,1486,1631.5,1790,1966,2164,2387,2637.5,2918,3235.5,3603,4034,4539.5,5127.5,5803.5,6576.5,7459.5,8465,9601,10864.5,12246,13733,15317,17002.5,18805.5,20744,22821,25017,27296.5,29623,31972.5,34329.5,36676,38990,41249.5,100000,0,0,0,0,0,0,0,0,0,0
36,96,63,21.5,10.5,7,5.5,5,5,5,5,5,5.5,6.5,7.5,9,11.5,14,17,21,26,31.5,36.5,40.5,42,42,41.5,41,41,41.5,43,45,47,49.5,52,54,56,58,60.5,64,68.5,74,80,86.5,94.5,103.5,113.5,125.5,139.5,155,172,191,211.5,233,256.5,282.5,311,342.5,377,414.5,456,502,553,609.5,671.5,740.5,817,902,996.5,1100.5,1214,1337.5,1471,1615.5,1773.5,1948,2143.5,2364,2612,2890,3204.5,3567.5,3993,4492.5,5073.5,5742,6507.5,7382,8378.5,9505,10759.5,12133.5,13614.5,15193.5,16874,18671,20602.5,22673,24864,27141,29468,31820,34180.5,36531.5,38851,41117.5,100000,0,0,0,0,0,0,0,0,0,0
37,94,61.5,20.5,9.5,6.5,5.5,5,5,5,5,5,5,6,7.5,9,11.5,14,17,21,25.5,31,36.5,40,41.5,41.5,40.5,40,40.5,41.5,43,45,47,49,51,53,55,57.5,60,63,67.5,73,79,85.5,93,102,112.5,124.5,138,153,170,188.5,208.5,230,253.5,279.5,307.5,338.5,372.5,409.5,451,497,547.5,603,664.5,733,808.5,892.5,985.5,1088.5,1201.5,1324,1457,1600.5,1756.5,1929.5,2123.5,2342,2587.5,2863,3174.5,3533,3953,4446,5020,5681.5,6439.5,7306,8293.5,9410.5,10656.5,12023,13497.5,15071.5,16747,18538,20463,22526.5,24712,26987,29315,31669.5,34033,36388,38713.5,40986.5,100000,0,0,0,0,0,0,0,0,0,0
38,92,60.5,20.5,9.5,6.5,5.5,5,5,4.5,4.5,5,5,6,7.5,9,11,13.5,16.5,20.5,25.5,31,36,39.5,41.5,41.5,40.5,40,40,41,43,45,47,49,51,53,55,57,59.5,63,67,72,78,84.5,92,101,111,122.5,136,151,168,186.5,206,227.5,251,276,304,335,368.5,405.5,446.5,491.5,541.5,597,658,725.5,800,883,975.5,1077.5,1189.5,1311,1442.5,1585,1740.5,1912,2104,2320.5,2563.5,2836.5,3145,3499.5,3914,4401,4968.5,5623,6373.5,7232,8210.5,9318,10555.5,11914.5,13383,14952,16622.5,18408,20326,22382.5,24563,26835.5,29164,31520.5,33887,36246.5,38577,40856.5,100000,0,0,0,0,0,0,0,0,0,0
39,90,59,20,9.5,6.5,5.5,5,4.5,4,4,4.5,5,5.5,7,9,11,13.5,16.5,20,24.5,30,35.5,39.5,41,40.5,40,39.5,39.5,40.5,42,44,46,48,50,52,54,56,58.5,62,66.5,71.5,77,83.5,91,99.5,109.5,121,134.5,150,166.5,184.5,204,225,248,273,300.5,331,364.5,401,441.5,486.5,536,590.5,650.5,717.5,792,874,965,1066,1177,1298,1429,1570.5,1724.5,1894.5,2085,2299.5,2540,2810,3115.5,3466.5,3876,4357,4918.5,5566.5,6309.5,7159.5,8129,9227.5,10456,11807.5,13270,14833.5,16499,18279,20190.5,22240.5,24416.5,26686.5,29014.5,31373,33743,36106.5,38442,40728,100000,0,0,0,0,0,0,0,0,0,0
40,89,58.5,20,9.5,6.5,5.5,5,4.5,4,4,4.5,5,5.5,7,9,11,13.5,16.5,20,24.5,30,35,38.5,40.5,40.5,39.5,39,39.5,40.5,42,44,46,48,50,52,54,56,58,61,65.5,70.5,76,82.5,90,98.5,108.5,120,133,148,164.5,182.5,202,222.5,245,270,297.5,328,361,397,437,481,530,584.5,644,710,783.5,865,955.5,1055.5,1165.5,1285.5,1415.5,1556,1709,1878,2066.5,2278.5,2517,2785,3087.5,3434.5,3839.5,4314.5,4869,5510,6246,7088,8049,9139,10359,11702.5,13158.5,14717.5,16378.5,18152.5,20057.5,22101.5,24272,26539,28867,31227,33599.5,35967,38308,40600.5,100000,0,0,0,0,0,0,0,0,0,0
41,87,57,19,9,6,5,4.5,4,4,4,4.5,5,5.5,7,9,11,13,15.5,19.5,24.5,29.5,34.5,38.5,40.5,40.5,39.5,39,39,40,41.5,43,45,47,49,51,53,55,57.5,60.5,64.5,70,76,82,89,97.5,107,118.5,131.5,146,162.5,180,199,220,242.5,267,294.5,324.5,357,393,432.5,476,524.5,578,637,702.5,775.5,856.5,946,1045,1154,1273,1402,1541.5,1693.5,1861,2048,2258,2494.5,2760,3059.5,3403,3803,4272.5,4821,5455.5,6184,7018.5,7971.5,9052,10263,11599.5,13049.5,14603,16259,18027.5,19926,21963.5,24129,26393.5,28721,31082.5,33458.5,35830,38176,40474.5,100000,0,0,0,0,0,0,0,0,0,0
42,85,55.5,18.5,9,6,5,4.5,4,4,4,4.5,5,5.5,7,9,11,13,15.5,19,23.5,29,34.5,38.5,40,39.5,39,38.5,38.5,39.5,41,43,45,47,49,51,53,55,57,60,64,69,75,81,88,96.5,106,117,130,144.5,160.5,178,197,217.5,240,264.5,291.5,321,353,388.5,428,471.5,519,572,631,696,768,848,936.5,1034.5,1142.5,1260.5,1388.5,1527.5,1679,1845,2030,2238.5,2472.5,2735.5,3032.5,3372.5,3768,4231.5,4773.5,5401.5,6123.5,6950.5,7895,8967,10170,11498.5,12942,14490,16141,17904.5,19797,21828,23988,26249.5,28576.5,30939.5,33318,35693.5,38044.5,40349,100000,0,0,0,0,0,0,0,0,0,0
43,84,55,18.5,9,6,5,4.5,4,4,4,4,4.5,5.5,7,9,11,13,15.5,19,23.5,29,34,37.5,39.5,39.5,38.5,38,38.5,39.5,41,43,45,47,49,50.5,52,54,56.5,59.5,63.5,68.5,74,80,87,95.5,105,116,128.5,143,159,176,195,215.5,237.5,261.5,288,317.5,349.5,384.5,423.5,466.5,514,566.5,624.5,689,760.5,839.5,927,1024,1131.5,1249,1376,1514,1664,1829,2013,2219,2451,2712,3006,3342.5,3733.5,4191.5,4727.5,5349,6064,6883.5,7820,8883.5,10078,11399,12836,14379,16025,17783,19669.5,21694.5,23849.5,26107.5,28434,30798.5,33179.5,35558.5,37914.5,40225.5,100000,0,0,0,0,0,0,0,0,0,0
44,82,54,18.5,8.5,5.5,5,4.5,4,4,4,4,4.5,5.5,7,8.5,10,12.5,15.5,19,23.5,28.5,33.5,37.5,39.5,39.5,38.5,38,38,39,40.5,42,44,46,48,50,52,54,56,59,63,67.5,73,79,86,94,103.5,114.5,127,141.5,157,174,193,213.5,235,259,285.5,314.5,346.5,381,419.5,462,509,561,618.5,682.5,753,831,918,1014.5,1120.5,1237,1363.5,1500.5,1649.5,1813,1995.5,2200,2430,2688.5,2980,3313,3699.5,4153,4683.5,5298.5,6006.5,6818.5,7746.5,8801.5,9987.5,11300.5,12731.5,14269.5,15911,17664,19544.5,21563,23712.5,25967.5,28293,30659,33043,35425.5,37786,40102.5,100000,0,0,0,0,0,0,0,0,0,0
45,81,53,18,8.5,5.5,4.5,4,4,4,4,4,4.5,5.5,7,8.5,10,12.5,15,18,22.5,28,33.5,37.5,39,38.5,38,37.5,37.5,38.5,40,42,44,46,48,50,51.5,53,55,58,62,66.5,72,78.5,85.5,93,102,113,125.5,139.5,155.5,172.5,191,211,232.5,256.5,282.5,311,342.5,377,415,457.5,504.5,556,613,676,745.5,823,909.5,1005,1110,1225.5,1351,1487,1635.5,1798,1978.5,2181,2409,2665.5,2954.5,3284.5,3667,4115,4639.5,5248.5,5950,6754.5,7674.5,8721,9899,11205,12629,14161.5,15798.5,17546.5,19421,21433,23577,25829,28154,30521,32907.5,35293.5,37658.5,39980.5,100000,0,0,0,0,0,0,0,0,0,0
46,79,52,17.5,8,5.5,4.5,4,4,4,4,4,4.5,5.5,6.5,8,10,12,14.5,18,22.5,28,33,36.5,38.5,38.5,37.5,37,37.5,38.5,40,42,43.5,45,47,49,51,53,55,57.5,61.5,66.5,71.5,77.5,84.5,92,101,112,124.5,138.5,154,171,189,208.5,230,253.5,279.5,308,339.5,373.5,411,453,499,550,606.5,669,738.5,815.5,901,995.5,1099.5,1214,1339,1474,1621,1783,1962.5,2163,2388.5,2642.5,2929.5,3256.5,3635,4078,4596.5,5199.5,5894.5,6692,7604.5,8642.5,9812,11110.5,12528.5,14055.5,15687,17430,19299,21305.5,23444.5,25692.5,28016.5,30384.5,32773,35162.5,37532,39859.5,100000,0,0,0,0,0,0,0,0,0,0
47,78,51,17,8,5.5,4.5,4,4,4,4,4,4.5,5.5,6.5,8,10,12,14.5,18,22.5,27.5,32.5,36.5,38.5,38.5,37.5,37,37,38,39.5,41,43,45,47,49,50.5,52,54,57,61,65.5,71,77,83.5,91,100,111,123.5,137,152,169,187,206.5,228,251,276.5,305,336,370,407.5,448.5,494,545,601,662.5,731.5,808,892.5,986,1089.5,1203,1326.5,1461,1607.5,1768,1946,2145,2369,2621,2905,3229,3603.5,4041.5,4554.5,5151.5,5840,6630.5,7535.5,8565.5,9727,11017.5,12428.5,13950.5,15578,17316,19179,21179.5,23313,25557.5,27880.5,30249.5,32640,35032.5,37407,39740.5,100000,0,0,0,0,0,0,0,0,0,0
48,77,50.5,17,8,5.5,4.5,4,4,4,4,4,4.5,5.5,6.5,8,10,12,14.5,17.5,22,27.5,32.5,36.5,38,38,37.5,36.5,36.5,37.5,39,41,43,45,47,48.5,50,52,54,56.5,60,64.5,70,76,82.5,90,99,109.5,121.5,135.5,151,167.5,185,204.5,226,249,274.5,302.5,333,366.5,403.5,444.5,490,540,595,656.5,725,800.5,884,977,1080,1192.5,1315,1448.5,1594,1753.5,1930,2127.5,2349.5,2599.5,2881.5,3202,3572.5,4006,4513.5,5104.5,5787,6570.5,7467.5,8489.5,9643,10926.5,12331.5,13847.5,15469.5,17203,19061,21055.5,23184,25425,27746,30115.5,32508.5,34904.5,37283,39621.5,100000,0,0,0,0,0,0,0,0,0,0
49,75,49,16.5,8,5.5,4.5,4,4,4,4,4,4.5,5.5,6.5,8,10,12,14,17,21.5,27,32.5,36,37.5,37.5,36.5,36,36.5,37.5,39,41,42.5,44,46,48,50,51.5,53,56,60,64.5,69.5,75,81.5,89,98,108.5,120.5,134,149,165.5,183.5,203,223.5,246,271.5,299.5,329.5,362.5,399.5,440.5,485.5,535,590,651,718.5,793,876,968.5,1070,1181.5,1303.5,1436,1580.5,1739,1914.5,2110.5,2330.5,2578,2857.5,3175.5,3542.5,3971.5,4474,5059,5734.5,6511.5,7401.5,8415.5,9561,10837,12235.5,13746,15363.5,17092,18944.5,20933,23056,25293.5,27613,29983,32378,34777.5,37160.5,39504,100000,0,0,0,0,0,0,0,0,0,0
50,74,48.5,16.5,8,5,4,4,4,4,4,4,4.5,5.5,6.5,8,10,12,14,17,21.5,27,32,35.5,37.5,37.5,36.5,36,36,37,38.5,40,42,44,46,48,49.5,51,53,55.5,59,63.5,68.5,74,80.5,88,97,107.5,119.5,133,147.5,163.5,181.5,200.5,221,244,269,296.5,326.5,359.5,396,436,480.5,530,584.5,644.5,711.5,786,868,959,1060,1171,1292.5,1424.5,1568,1725.5,1899.5,2093.5,2312,2558,2835,3150,3513.5,3938,4435,5014,5683.5,6454,7337,8343,9480,10748.5,12140.5,13646,15259,16982.5,18829.5,20812.5,22930,25163.5,27482,29852.5,32249.5,34652,37038.5,39387.5,100000,0,0,0,0,0,0,0,0,0,0
51,73,48,16,7.5,5,4,4,3.5,3.5,4,4,4.5,5.5,6.5,8,10,11.5,13.5,17,21.5,26.5,31.5,35.5,37,37,36.5,36,36,36.5,38,40,42,44,46,47.5,49,50.5,52,55,59,63,68,74,80,87,96,106.5,118,131,146,162.5,180,198.5,219,242,266.5,293.5,323.5,356,392,432,476.5,525.5,579.5,639,705,778.5,860,951,1051.5,1161.5,1281.5,1412.5,1555.5,1711.5,1884,2077,2293.5,2537,2812,3124.5,3484.5,3904.5,4396.5,4970,5633.5,6397.5,7273,8271.5,9401,10662,12047.5,13547.5,15155.5,16874.5,18716.5,20693.5,22806,25036,27352.5,29723.5,32122.5,34527.5,36918,39272,100000,0,0,0,0,0,0,0,0,0,0
52,72,47,15.5,7.5,5,4,4,3.5,3,3.5,4,4,4.5,6,8,9.5,11,13.5,16.5,20.5,26,31.5,35.5,37,36.5,36,35.5,35.5,36.5,38,40,42,43.5,45,47,48.5,50,52,54.5,58,62.5,67.5,73,79.5,87,95.5,105.5,117,130,144.5,160.5,178,196.5,217,239.5,264,291,320.5,353,389,428.5,472,520.5,574,633,699,772,852.5,942.5,1042,1151,1270.5,1401,1543,1698,1869.5,2061,2276,2518,2790.5,3100,3456.5,3872.5,4359.5,4927,5584.5,6342,7210.5,8201.5,9323.5,10577,11955.5,13450,15053.5,16768,18605,20576.5,22683.5,24909.5,27224.5,29595.5,31996,34404.5,36799,39157.5,100000,0,0,0,0,0,0,0,0,0,0
53,71,46.5,15.5,7,4.5,4,3.5,3,3,3.5,4,4,4.5,6,8,9.5,11,13.5,16.5,20.5,26,31,34.5,36.5,36.5,35.5,35,35.5,36.5,38,39.5,41,43,45,46.5,48,49.5,51,53.5,57,61.5,66.5,72,78.5,86,94.5,104.5,116,129,143.5,159,176,195,215.5,237.5,261.5,288,317.5,350,385.5,424.5,468,516,569,628,693,765,845.5,934.5,1033,1141.5,1260,1389.5,1530.5,1685,1855.5,2045,2258,2498,2768.5,3075.5,3429,3841,4323,4885,5536.5,6287.5,7149,8133,9247.5,10493.5,11865.5,13354.5,14953,16662.5,18494.5,20461,22563,24785,27098,29469,31871,34282,36680.5,39044,100000,0,0,0,0,0,0,0,0,0,0
54,69,45,15,7,4.5,4,3.5,3,3,3,3.5,4,4.5,6,8,9.5,11,13,16,20.5,25.5,30.5,34.5,36.5,36.5,35.5,35,35,36,37.5,39,41,43,44.5,46,47.5,49,51,53.5,57,61,66,71.5,77.5,85,93.5,103,114.5,127.5,141.5,157.5,175,193.5,213.5,235.5,259.5,286,315,346.5,381.5,420.5,463.5,511,564,622.5,687,758.5,838,926.5,1024,1131.5,1249.5,1378,1518,1671.5,1841,2029.5,2241,2479,2747,3051.5,3402,3809.5,4286.5,4844,5490,6234.5,7089.5,8066,9172.5,10411,11776.5,13260,14854,16559,18386,20347,22443.5,24661.5,26972.5,29344,31748,34161.5,36563.5,38932,100000,0,0,0,0,0,0,0,0,0,0
55,68,44.5,15,7,4.5,4,3.5,3,3,3,3.5,4,4.5,6,7.5,9,11,13,16,20.5,25.5,30.5,34.5,36,36,35.5,35,35,35.5,37,39,41,42.5,44,46,47.5,48.5,50,52.5,56,60.5,65.5,71,77,84,92.5,102,113,126,140.5,156,173,191.5,211.5,233,256.5,283,312,343.5,378.5,417,459.5,507,559.5,617,681,752,831,919,1015.5,1122,1239,1367,1506.5,1659,1827,2014,2224,2460,2726.5,3028.5,3375.5,3779.5,4252,4803.5,5443.5,6182,7030,7999.5,9099,10330.5,11689.5,13167.5,14756.5,16457,18279,20234.5,22326,24540,26849,29220,31625,34041.5,36447.5,38820.5,100000,0,0,0,0,0,0,0,0,0,0
56,67,44,15,7,4.5,4,3.5,3,3,3,3.5,4,4.5,6,7.5,9,11,13,16,20,25,30.5,34.5,36,35.5,35,34.5,34.5,35.5,37,39,40.5,42,44,45.5,47,48.5,50,52.5,56,60,64.5,70,76.5,83.5,91.5,101,112,125,139.5,155,171.5,189.5,209.5,231,254.5,280.5,309,340.5,375.5,414,456,502.5,554.5,612,675.5,746,824,911,1007.5,1113.5,1229.5,1356,1494.5,1646.5,1813.5,1999,2207.5,2442,2706,3005.5,3349.5,3749.5,4217.5,4764,5398.5,6131,6972.5,7934.5,9026.5,10251,11603.5,13076,14660.5,16356.5,18173.5,20123.5,22210,24420.5,26727.5,29098,31504,33923,36332.5,38710,100000,0,0,0,0,0,0,0,0,0,0
57,66,43,14.5,7,4.5,3.5,3,3,3,3,3.5,4,4.5,6,7.5,9,11,13,15.5,19.5,25,30,33.5,35.5,35.5,34.5,34,34,35,37,38.5,40,42,44,45.5,46.5,48,50,52.5,55.5,59.5,64.5,69.5,75.5,82.5,90.5,100,111,124,138,153,170,188,207.5,229,252.5,278.5,306.5,337.5,372,410,452,498.5,550,606.5,669.5,739.5,817,903.5,999,1104,1219.5,1345.5,1483,1634,1800,1984.5,2191.5,2424,2686,2983.5,3324.5,3720.5,4184,4725.5,5354.5,6081,6916,7871,8955.5,10172.5,11518.5,12985.5,14565,16256.5,18069,20014,22095.5,24302,26606.5,28977,31385,33806,36218.5,38600.5,100000,0,0,0,0,0,0,0,0,0,0
58,65,42.5,14,6.5,4.5,3.5,3,3,3,3,3.5,4,4.5,6,7.5,9,10.5,12.5,15.5,19.5,24.5,29.5,33.5,35.5,35.5,34.5,34,34,35,36.5,38,40,42,43.5,45,46.5,47.5,49,51.5,55,59,63.5,69,75,81.5,89.5,99,110,122.5,136.5,152,168.5,186,205.5,227,250,275.5,304,335,369,406.5,448,494,545,601.5,664,733.5,810.5,896,990.5,1095,1210,1335,1471.5,1621.5,1786.5,1970,2175.5,2406,2666,2961,3299.5,3692.5,4151.5,4688,5311.5,6031.5,6860,7808.5,8885.5,10095.5,11435.5,12897,14472,16159,17966.5,19906.5,21983,24185,26487,28857,31266,33689.5,36106,38492.5,100000,0,0,0,0,0,0,0,0,0,0
59,64,42,14,6.5,4.5,3.5,3,3,3,3,3.5,4,4.5,6,7.5,9,10.5,12.5,15.5,19.5,24.5,29.5,33.5,35,35,34.5,34,34,34.5,36,38,40,41.5,43,44.5,46,47.5,49,51.5,54.5,58.5,63.5,68.5,74,81,89,98,109,121.5,135.5,150.5,166.5,184.5,204,225,248,273.5,301.5,332,366,403.5,444.5,490,540.5,596.5,658.5,727.5,804,888.5,982.5,1086.5,1200.5,1325,1461,1610,1774,1956,2159.5,2388.5,2647,2939.5,3275,3664.5,4119,4650.5,5269,5983.5,6805.5,7747,8817,10020,11353.5,12809,14379,16062,17865,19800,21871.5,24069.5,26369.5,28739,31149,33575,35994.5,38385,100000,0,0,0,0,0,0,0,0,0,0
60,63,41.5,14,6.5,4.5,3.5,3,3,3,3,3.5,4,4.5,5.5,7,9,10.5,12,15,19,24,29.5,33.5,35,34.5,34,33.5,33.5,34.5,36,38,39.5,41,43,44.5,45.5,46.5,48,50.5,54,58,62.5,67.5,73.5,80.5,88,97,108,120.5,134,149,165.5,183,202,223,246,271,298.5,329,363,400,440.5,486,536.5,592,653.5,722,797.5,881.5,975,1078,1191,1314.5,1450,1598.5,1761.5,1942,2144,2371.5,2628,2918.5,3251,3636.5,4087.5,4614.5,5227,5936,6752,7686.5,8750,9946.5,11273.5,12723.5,14288.5,15966.5,17765,19695,21761.5,23956,26253.5,28622,31032.5,33460.5,35883.5,38278.5,100000,0,0,0,0,0,0,0,0,0,0
61,62,40.5,13.5,6.5,4.5,3.5,3,3,3,3,3,3.5,4.5,5.5,7,8.5,10,12,15,19,24,29,32.5,34.5,34.5,33.5,33,33.5,34.5,36,37.5,39,41,42.5,44,45.5,46.5,48,50.5,53.5,57.5,62,67,73,79.5,87.5,97,107.5,119.5,133,148,164,181,200,221,244,269,296.5,327,360,396.5,437.5,482.5,532,587,648,716,791.5,875,967.5,1069.5,1182,1305,1439.5,1587,1749,1928.5,2129,2354.5,2609,2897.5,3227.5,3610,4056.5,4578.5,5186.5,5889.5,6699,7627,8683.5,9873,11193.5,12638,14198.5,15872.5,17666.5,19591.5,21653,23843,26138,28506.5,30918,33348,35774,38173,100000,0,0,0,0,0,0,0,0,0,0
62,61,40,13.5,6.5,4.5,3.5,3,3,3,3,3,3.5,4.5,5.5,7,8.5,10,12,14.5,18.5,23.5,28.5,32.5,34.5,34.5,33.5,33,33,34,35.5,37,39,40.5,42,43.5,45,46.5,48,50,53,57,61.5,66.5,72,78.5,86.5,96,106.5,118.5,132,146.5,162.5,180,198.5,219,242,267,294,324,357,393.5,434,478.5,528,582.5,643,710.5,785,867.5,959.5,1061,1172.5,1295,1429,1575.5,1736.5,1915,2114.5,2338.5,2591,2877.5,3205,3584,4026.5,4544,5146.5,5844,6648,7569.5,8618.5,9801,11115.5,12554.5,14110,15779.5,17569,19489,21546,23732.5,26024.5,28391.5,30804,33236.5,35665.5,38068.5,100000,0,0,0,0,0,0,0,0,0,0
63,61,40,13.5,6.5,4.5,3.5,3,3,3,3,3,3.5,4.5,5.5,7,8.5,10,12,14.5,18.5,23.5,28.5,32.5,34.5,34.5,33.5,33,33,33.5,35,37,38.5,40,42,43.5,44.5,45.5,47,49.5,52.5,56.5,61,66,72,78.5,86,95,105.5,117.5,131,145.5,161,178,197,217.5,240,265,292,321.5,354,390,430.5,475,523.5,577.5,638,705,779,861,952,1053,1164,1285.5,1418.5,1564,1724,1901.5,2100,2322.5,2573,2857,3182,3558,3996.5,4509.5,5107,5799,6597,7512.5,8555,9730.5,11038.5,12472,14022.5,15687.5,17473,19388.5,21440.5,23622.5,25912,28278.5,30692,33126,35558,37965,100000,0,0,0,0,0,0,0,0,0,0
64,60,39,13,6.5,4.5,3.5,3,3,3,3,3,3.5,4.5,5.5,7,8.5,10,12,14.5,18.5,23.5,28.5,32.5,34,34,33.5,32.5,32.5,33.5,35,37,38.5,40,41.5,43,44.5,45.5,47,49,52,56,60.5,65.5,71,77.5,85,94,104.5,116.5,130,144.5,160,177,195.5,215.5,238,262.5,289,318.5,351.5,387.5,427,471,519.5,573.5,633.5,699.5,773,855,945.5,1045.5,1155.5,1276,1408,1553,1712.5,1889,2086,2307,2556,2838,3160,3532.5,3967.5,4476,5068.5,5755.5,6547.5,7456,8492,9661,10962.5,12390.5,13936.5,15597.5,17378.5,19289,21336,23514,25801,28166.5,30580.5,33016.5,35451.5,37862.5,100000,0,0,0,0,0,0,0,0,0,0
65,59,38.5,13,6,3.5,3,3,3,3,3,3,3.5,4.5,5.5,7,8.5,10,12,14.5,18,23,28,31.5,33.5,33.5,32.5,32,32.5,33.5,35,36.5,38,40,41.5,43,44.5,45.5,46.5,48.5,51.5,55.5,60,64.5,70,76.5,84,93,103.5,115.5,128.5,142.5,158.5,175.5,193.5,214,236.5,260.5,287,316.5,349,384.5,424,467.5,515.5,569,628,694,767.5,848.5,938,1037,1146.5,1266.5,1398,1542.5,1701,1876,2071.5,2291,2538.5,2818.5,3138,3508,3939.5,4443.5,5031,5712.5,6498.5,7401,8430.5,9593,10888.5,12310.5,13851.5,15508,17284.5,19191,21233.5,23407,25691.5,28056,30470,32908,35346,37760.5,100000,0,0,0,0,0,0,0,0,0,0
66,58,38,12.5,5.5,3.5,3,3,3,3,3,3,3.5,4.5,5.5,7,8.5,9.5,11,14,18,23,28,31.5,33.5,33.5,32.5,32,32,33,34.5,36,38,39.5,41,42.5,43.5,44.5,46,48.5,51.5,55,59.5,64.5,70,76.5,84,92.5,102.5,114.5,127.5,141.5,157,174,192.5,212.5,234.5,258.5,285,314,346,381.5,420.5,464,512,565,624,689,761,841.5,931,1029.5,1138,1257.5,1388.5,1532,1689.5,1863.5,2057.5,2275.5,2521.5,2799.5,3117,3484,3911.5,4411,4994,5670.5,6450.5,7347,8370,9525.5,10814.5,12231.5,13768,15420,17192,19093.5,21131.5,23301.5,25583,27946.5,30361.5,32801,35241.5,37659.5,100000,0,0,0,0,0,0,0,0,0,0
67,57,37.5,12.5,5.5,3.5,3,3,3,3,3,3,3.5,4.5,5.5,7,8.5,9.5,11,13.5,17.5,22.5,27.5,31.5,33.5,33.5,32.5,32,32,32.5,34,36,38,39.5,41,42.5,43.5,44.5,46,48,51,55,59,63.5,69,75.5,83,91.5,101.5,113.5,126.5,140.5,156,172.5,190.5,210.5,232.5,256.5,282.5,311.5,343.5,378.5,417.5,460.5,508,560.5,619,684,756,836,924.5,1022.5,1130.5,1249,1379,1521.5,1678,1851,2044,2260.5,2504.5,2781,3096,3459.5,3883.5,4379.5,4958,5629,6403.5,7293.5,8310,9459.5,10742.5,12153.5,13685,15333,17101,18998,21031.5,23197.5,25476,27838,30253.5,32694.5,35137.5,37559.5,100000,0,0,0,0,0,0,0,0,0,0
68,57,37,12,5.5,3.5,3,3,3,3,3,3,3.5,4.5,5.5,7,8.5,9.5,11,13.5,17.5,22.5,27.5,31.5,33,33,32.5,32,32,32.5,34,36,37.5,39,40.5,42,43.5,44.5,45.5,47.5,50.5,54,58.5,63.5,69,75,82,91,101,112.5,125.5,139.5,155,171.5,189.5,209,230.5,254.5,280.5,309,340.5,375.5,414.5,457,504,556.5,614.5,679,750.5,829.5,917.5,1015,1122,1240,1369.5,1511,1666.5,1838.5,2030.5,2246,2488.5,2762.5,3075.5,3436.5,3856.5,4348,4922,5588,6357,7241.5,8251.5,9394.5,10671.5,12077,13603.5,15247,17011,18903.5,20932.5,23094.5,25370,27731,30146.5,32589,35035,37460.5,100000,0,0,0,0,0,0,0,0,0,0
69,56,36.5,12,5.5,3.5,3,3,3,3,3,3,3.5,4.5,5.5,6.5,8,9.5,11,13.5,17.5,22.5,27.5,31.5,33,32.5,32,31.5,31.5,32.5,34,35.5,37,39,40.5,41.5,42.5,43.5,45,47.5,50.5,54,58,62.5,68,74.5,82,90.5,100,111.5,124.5,138.5,153.5,169.5,187.5,207.5,229,252.5,278.5,307,338.5,373,411,453.5,500.5,552.5,610,673.5,744.5,823.5,911,1007.5,1114,1231.5,1360,1500.5,1655.5,1827,2017.5,2231.5,2472.5,2744.5,3055,3413.5,3830.5,4318,4887,5548,6312,7190.5,8194,9330.5,10601.5,12001.5,13523.5,15162.5,16922,18810.5,20835,22992.5,25265.5,27625.5,30041,32485,34933.5,37362.5,100000,0,0,0,0,0,0,0,0,0,0
70,55,36,12,5.5,3.5,3,3,3,3,3,3,3.5,4.5,5.5,6.5,8,9.5,11,13.5,17,22,27,30.5,32.5,32.5,31.5,31,31.5,32.5,33.5,35,37,38.5,40,41.5,42.5,43.5,45,47,49.5,53,57.5,62.5,67.5,73.5,81,89.5,99.5,111,123.5,137,152,168.5,186.5,206,227,250.5,276.5,304.5,335.5,370,408,450,496.5,548,605.5,669,739,817.5,904.5,1000.5,1106.5,1223,1350.5,1490.5,1645,1815.5,2005,2217.5,2456.5,2727,3035.5,3391,3804.5,4288,4853,5509,6267.5,7140,8137.5,9268,10532.5,11927,13444,15079,16834.5,18718.5,20738.5,22892,25162,27520.5,29936.5,32382,34832.5,37264.5,100000,0,0,0,0,0,0,0,0,0,0
19,178,103,24,17,12,9.5,8.5,7.5,6.5,5.5,5,5.5,6.5,7.5,9,10.5,12,13.5,15,17,19,20.5,21.5,22,22,22,22.5,23.5,24.5,25,26,28,30,32.5,35.5,38.5,41,43,45.5,49,54,59.5,65,71,77.5,85,94,104.5,115.5,127,138.5,149.5,161,172.5,183.5,195.5,210.5,229.5,250.5,270.5,289,307.5,328,352,380,412.5,451,495.5,544.5,599.5,661.5,727,797.5,879,974.5,1088,1223,1377.5,1557,1774.5,2036.5,2348,2713,3136,3623,4191,4857.5,5638,6546.5,7572,8694.5,9922.5,11291.5,12802.5,14472,16547,18884,21245,23749.5,26399,29192,32126.5,35198.5,38400,41721.5,100000,0,0,0,0,0,0,0,0,0,0
20,172,94.5,14.5,10.5,8,7,7,6.5,6,5.5,5,5.5,6.5,7.5,8.5,10,12.5,15.5,18,19.5,21,22.5,23.5,24.5,25,25,25,25.5,26,26.5,27,27,27.5,29.5,33,37,41,44.5,48,52,56,60.5,65.5,71,78,86.5,95,103.5,113.5,125,138,151.5,164.5,176,186.5,198,211,225.5,240,255,272,293,319,347,375.5,406,441.5,484,532.5,585.5,647,717.5,792,873.5,965.5,1070.5,1195.5,1348.5,1529.5,1739.5,1985,2270,2603,2997,3462,4001,4621.5,5340,6175.5,7130.5,8203,9437,10891.5,12578,14450.5,16479.5,18546.5,20606.5,22741,24948.5,27227.5,29576,31990.5,34468,37004.5,100000,0,0,0,0,0,0,0,0,0,0
21,160,91,18.5,12.5,8.5,6.5,6,5.5,5,5,5,5.5,6.5,8,10,12,14,16,17.5,19.5,22.5,25,26.5,26.5,25.5,25,25.5,26.5,27.5,28.5,29.5,30.5,32,34.5,37,38.5,39.5,41,44,48.5,53.5,59,65,71,77,83,90,99,109.5,121.5,135,149,163,176.5,189.5,202.5,215,228,242,257,274.5,295,319,346.5,375.5,406.5,443,486.5,536,590.5,650.5,719,798,886,984,1095.5,1223.5,1374,1552,1759,2004.5,2298,2644,3050.5,3520.5,4064.5,4703.5,5454,6321.5,7312,8423,9661.5,11102,12807.5,14765.5,16904,19118.5,21379,23704,26091,28538.5,31042,33597.5,36201,38847,100000,0,0,0,0,0,0,0,0,0,0
22,158,90.5,18,11,8,6.5,5.5,5.5,6,5.5,4.5,4.5,6,8,9.5,12,14,17,19,19,21,24.5,27,24.5,23.5,25,26.5,26.5,28,30.5,29.5,29,30.5,33.5,37.5,41,42,43,48,53,56.5,61.5,65,71,79.5,86,91.5,101,115,125,134.5,149,161,177,184,201,218,223,239,255.5,279,297,327.5,353.5,380,420,444,488.5,549.5,603.5,664,739,816.5,914.5,1007,1116,1244,1393.5,1596,1805,2114,2433.5,2792.5,3258.5,3714.5,4251,4899,5620,6593,7656.5,8760.5,10167,11719.5,13216.5,15208,17202,19000,21230,23591.5,26065,28626,31245,33889.5,36527,39125,100000,0,0,0,0,0,0,0,0,0,0
23,120,78.5,26,12,8.5,7.5,6.5,5.5,5,5,5,5.5,6,6.5,8,9.5,10.5,12,14,15.5,17,19,20.5,21,21,21.5,22.5,23,23.5,24.5,25.5,27,28.5,30.5,33.5,36.5,39.5,42,44.5,48,52.5,58,63.5,69,75.5,83,91.5,100.5,110.5,121.5,133,145,157,169,180.5,192,205,220,237,255,273,292.5,314.5,339,367,398.5,434,475,521.5,573.5,630.5,692.5,760.5,837.5,929,1038.5,1167.5,1318.5,1497,1709.5,1961.5,2256.5,2599.5,3000.5,3473,4028.5,4675,5423,6290,7294,8441.5,9730,11156,12719,14424,16280.5,18294.5,20465,22786,25238,27788.5,30405.5,33058.5,35715,38341.5,100000,0,0,0,0,0,0,0,0,0,0
24,118,77,25.5,12,8.5,7.5,6.5,5.5,5,5,5,5,5.5,6.5,7.5,9,10.5,12,13.5,15,17,18.5,19.5,20.5,21,21.5,22,22.5,23.5,24.5,25.5,26.5,28,30,32.5,35.5,38.5,41.5,44.5,48,52.5,57.5,63,68.5,74.5,82,90,99,109.5,120.5,131.5,143,155,167,178.5,190,203,217.5,234,251.5,269.5,289,310.5,334.5,362,393.5,428.5,468.5,514.5,566,622.5,683.5,750.5,827,916.5,1023.5,1150,1298.5,1473.5,1681.5,1929,2219.5,2557.5,2952,3417,3964,4601,5339,6195,7186.5,8321.5,9598.5,11014,12567,14262.5,16109.5,18114,20276,22589.5,25036.5,27585.5,30203.5,32860.5,35523.5,38158.5,100000,0,0,0,0,0,0,0,0,0,0
25,115,75,25,12,8,7,6.5,5.5,5,5,5,5,5.5,6.5,7.5,9,10.5,12,13.5,15,17,18.5,19.5,20,20.5,21,21.5,22.5,23,23.5,25,26.5,28,30,32.5,35.5,38.5,41,43.5,47,51.5,56.5,62,68,74,81,89,98,108,118.5,130,141.5,153,165,176.5,188,200.5,215,231.5,248.5,266.5,285.5,306.5,330.5,357.5,388,422.5,462.5,508,558.5,614,674.5,741,816,904,1009,1133,1279,1451,1655,1898,2183.5,2516,2905,3362.5,3900.5,4529,5257.5,6102.5,7082,8204.5,9469.5,10874,12418,14104.5,15941.5,17936.5,20090,22396.5,24838.5,27385,30004,32664.5,35333.5,37977,100000,0,0,0,0,0,0,0,0,0,0
26,113,74,25,12,8,7,6.5,5.5,5,4.5,4.5,5,5.5,6.5,7.5,9,10.5,12,13.5,15,16.5,18,19.5,20,20.5,21,21.5,22,22.5,23.5,24.5,26,27.5,29,31.5,35,38,40.5,43.5,47,51,56,61.5,67,73,80,88,97,107,117.5,128.5,139.5,151,163,174.5,186,198.5,212.5,228.5,245.5,263,282,303,326.5,353,383,417,456,500.5,550.5,606,666,731.5,805.5,892,995,1117,1260,1428.5,1629,1867.5,2148.5,2476,2859,3309.5,3839.5,4459,5178,6012.5,6979.5,8089.5,9343.5,10738,12272,13949,15777,17762.5,19907,22206,24642.5,27187,29807,32471,35145.5,37796.5,100000,0,0,0,0,0,0,0,0,0,0
27,110,72,24,11.5,8,6.5,6,5.5,5,4.5,4.5,5,5.5,6.5,7.5,9,10.5,11.5,13,15,16.5,18,19.5,20,20,20.5,21,21.5,22.5,23.5,24.5,25.5,27,29,31.5,34.5,37.5,40,42.5,46,50.5,55.5,60.5,66,72,79,87,95.5,105,115.5,126.5,138,149.5,161,172.5,184,196.5,210,225.5,242.5,260,279,299.5,322.5,349,378.5,412,450.5,494,543,597.5,657.5,723,796,881,981.5,1101,1242,1407.5,1604,1838.5,2115,2437.5,2814.5,3258,3780,4391,5101,5924.5,6879.5,7977.5,9220,10604,12128,13795.5,15614.5,17591.5,19727.5,22018.5,24449.5,26992,29612.5,32279,34959,37618.5,100000,0,0,0,0,0,0,0,0,0,0
28,108,70.5,23.5,11,7.5,6.5,6,5.5,4.5,4,4.5,5,5.5,6.5,7.5,8.5,10,11.5,13,14.5,16,18,19,19.5,20,20.5,21,21.5,22.5,23.5,24.5,25.5,27,29,31.5,34.5,37,39.5,42.5,46,50,54.5,60,65.5,71,78,86,94.5,104,114.5,125.5,136.5,147.5,159,170.5,182,194,207.5,223,239.5,257,275.5,296,319,344.5,373.5,406.5,444.5,488,536.5,590,649,714,786,869.5,968.5,1085.5,1224,1387,1580,1810,2081.5,2399.5,2771.5,3208,3722,4324.5,5025,5838.5,6782.5,7868,9098.5,10472,11987,13646,15455.5,17422.5,19550,21834,24259.5,26799,29419.5,32089,34774.5,37441.5,100000,0,0,0,0,0,0,0,0,0,0
29,106,69,23,11,7.5,6.5,5.5,5,4.5,4,4,4.5,5.5,6.5,7.5,8.5,10,11.5,13,14.5,16,17.5,18.5,19.5,20,20,20.5,21.5,22,22.5,23.5,25,26.5,28,30.5,33.5,36.5,39,41.5,45,49.5,54.5,59.5,64.5,70,77,85,93.5,103,113,123.5,134.5,146,157.5,168.5,180,192,205.5,221,237.5,254.5,272.5,292.5,315,340.5,369,401.5,439,481.5,529.5,582.5,641,705.5,776.5,858.5,955.5,1070.5,1206.5,1366.5,1556.5,1782.5,2049.5,2363,2729.5,3159.5,3666,4260,4951.5,5755,6687.5,7761.5,8981,10344,11849,13498.5,15299,17257,19375.5,21652,24072.5,26609,29229.5,31902,34592.5,37266.5,100000,0,0,0,0,0,0,0,0,0,0
30,104,68,22.5,10.5,7.5,6.5,5.5,5,4.5,4,4,4.5,5.5,6.5,7.5,8.5,10,11.5,12.5,14,16,17.5,18.5,19,19.5,20,20.5,21,21.5,22.5,23.5,24.5,26,28,30.5,33.5,36.5,39,41.5,44.5,48.5,53.5,58.5,64,70,76.5,84,92.5,101.5,111.5,122.5,133.5,144.5,155.5,166.5,178,190,203,218,234.5,251.5,269.5,289.5,311.5,336.5,365,397,433.5,475.5,522.5,575,633,696.5,767.5,848.5,943.5,1056,1189.5,1347,1533.5,1756,2019,2327,2688,3112,3611,4197,4880,5673.5,6594.5,7656.5,8864.5,10217.5,11713,13353,15144.5,17094,19204.5,21473.5,23887.5,26421,29041.5,31716,34411.5,37092.5,100000,0,0,0,0,0,0,0,0,0,0
31,102,66.5,22,10.5,7.5,6.5,5.5,5,4.5,4,4,4.5,5.5,6.5,7.5,8.5,9.5,11,12.5,14,15.5,17,18.5,19,19,19.5,20.5,21,21.5,22.5,23.5,24.5,26,28,30,33,36,38.5,41,44,48.5,53,57.5,63,69,75.5,83,91.5,100.5,110.5,121,131.5,142.5,153.5,164.5,176,188,201,216,232,249,267,286.5,308.5,333,360.5,392,428,469,516,568,625,688,758,838,931.5,1042,1173,1328,1512,1730.5,1989,2292.5,2648,3066,3558,4135.5,4809.5,5593.5,6504,7555,8752,10094,11579.5,13210.5,14993,16933.5,19035.5,21297,23705.5,26235.5,28855.5,31532.5,34232.5,36920.5,100000,0,0,0,0,0,0,0,0,0,0
32,100,65.5,22,10.5,7,6,5.5,4.5,4,4,4,4.5,5.5,6.5,7.5,8.5,9.5,11,12.5,14,15.5,17,18.5,19,19,19.5,20,20.5,21.5,22,23,24.5,25.5,27,29.5,32.5,35.5,38,40.5,43.5,47.5,52.5,57.5,62.5,68,74.5,82,90,99,109,119.5,130.5,141.5,152.5,163.5,174.5,186,199,213.5,229.5,246.5,264,283,304.5,329,356.5,387.5,423,463.5,509.5,561,617.5,680,749.5,828,920,1029,1157.5,1309.5,1490,1705,1959.5,2258.5,2609.5,3021.5,3506.5,4076.5,4742,5516,6415.5,7455,8640.5,9972,11448.5,13071,14844.5,16776,18869.5,21123.5,23526,26052.5,28672,31351,34055,36750,100000,0,0,0,0,0,0,0,0,0,0
33,98,64,21.5,10.5,7,6,5.5,4.5,4,4,4,4.5,5.5,6.5,7.5,8.5,9.5,11,12.5,13.5,15,17,18,18.5,19,19,19.5,20.5,21,21.5,22.5,23.5,25,27,29.5,32.5,35,37.5,40,43,47,51.5,56.5,61.5,67,73.5,81,89,98,108,118,128.5,139.5,150.5,161.5,172.5,184,197,211.5,227,243.5,261,280,301.5,325.5,352.5,383,418,458,503,554,610.5,672,740.5,818.5,908.5,1015.5,1142.5,1292,1469.5,1680.5,1931,2226,2571.5,2977.5,3456,4018.5,4675.5,5440.5,6330,7358,8532,9853.5,11320.5,12933.5,14698,16621,18706,20952,23348.5,25872,28491,31171.5,33880,36581,100000,0,0,0,0,0,0,0,0,0,0
34,96,62.5,20.5,10,7,6,5.5,4.5,4,4,4,4.5,5.5,6,7,8.5,9.5,10.5,12,13.5,15,16.5,17.5,18.5,19,19,19.5,20.5,21,21.5,22.5,23.5,25,27,29,31.5,34.5,37,39.5,43,47,51.5,56,61,66.5,72.5,80,88,97,107,117,127.5,138.5,149,159.5,170.5,182,194.5,208.5,224.5,241,258,277,298,321.5,348.5,379,413.5,453,497.5,547.5,603,664,732,808.5,897.5,1003,1127.5,1275,1449.5,1657,1903.5,2194,2535,2935.5,3407,3961.5,4610.5,5366.5,6245.5,7262.5,8426,9737,11194,12798,14554,16468.5,18545,20783.5,23174,25693.5,28311,30993.5,33706,36413.5,100000,0,0,0,0,0,0,0,0,0,0
35,94,61.5,20.5,9.5,6.5,5.5,5,4.5,4,4,4,4.5,5,5.5,6.5,8,9.5,10.5,12,13.5,15,16.5,17.5,18,18.5,19,19.5,20,20.5,21.5,22.5,23.5,24.5,26,28.5,31.5,34.5,37,39,42,46,50.5,55.5,60.5,66,72,79,87,96,105.5,115.5,126,136.5,147.5,158.5,169.5,180.5,192.5,206.5,222,238.5,256,274.5,295,318.5,345,374.5,408.5,447.5,491.5,541,596,656.5,723.5,799.5,887,990.5,1113,1258,1430,1634,1876.5,2162.5,2498.5,2893.5,3359,3906.5,4547,5294,6163,7169.5,8322,9622.5,11070,12665,14412.5,16318,18386.5,20618,23002.5,25518,28134,30817.5,33534,36247.5,100000,0,0,0,0,0,0,0,0,0,0
36,93,60.5,20,9.5,6.5,5.5,5,4.5,4,4,4,4.5,5,5.5,6.5,8,9.5,10.5,12,13.5,15,16.5,17.5,18,18,18.5,19,19.5,20.5,21,22,23.5,24.5,26,28.5,31.5,34,36.5,39,42,46,50.5,55,59.5,65,71.5,78.5,86,94.5,104,114,124.5,135.5,146,156.5,167.5,178.5,190.5,204.5,220,236,253,271.5,292,315,341,370.5,404,442,485.5,534.5,588.5,649,715.5,790,876.5,978.5,1099,1241.5,1410.5,1611.5,1850.5,2132.5,2464,2853.5,3312.5,3852.5,4485,5223.5,6083,7078.5,8220,9510.5,10948.5,12534.5,14273,16170,18230.5,20454.5,22832.5,25344,27959,30643.5,33363.5,36083,100000,0,0,0,0,0,0,0,0,0,0
37,91,59.5,20,9.5,6.5,5.5,5,4.5,4,4,4,4.5,5,5.5,6.5,8,9.5,10.5,11.5,13,14.5,16,17.5,18,18,18.5,19,19.5,20,20.5,21.5,22.5,24,26,28.5,31,33.5,36,38.5,41.5,45,49.5,54.5,59.5,64.5,70.5,77.5,85,93.5,103,113,123,133.5,144.5,155,165.5,177,189,202.5,217.5,233.5,250.5,268.5,289,312,337.5,366.5,399.5,437,480,528.5,582,641.5,707.5,781.5,867,967,1085.5,1226,1392.5,1590.5,1825.5,2103,2429.5,2814,3267,3800,4425,5154.5,6004,6989.5,8120.5,9400.5,10829,12406,14136,16025,18077,20293,22665,25172.5,27786,30472,33195.5,35920.5,100000,0,0,0,0,0,0,0,0,0,0
38,89,58,19,9,6.5,5.5,5,4.5,4,4,4,4,4.5,5.5,6.5,7.5,9,10.5,11.5,13,14.5,16,17.5,18,18,18,18.5,19.5,20,20.5,21.5,22.5,24,26,28,30.5,33.5,36,38,41,45,49.5,54,58.5,64,70,76.5,84,92.5,102,112,122,132.5,143,153.5,164.5,175.5,187.5,201,215.5,231,248,266.5,286.5,308.5,333.5,362,394.5,432,474.5,522,575,634,699.5,773,857,955.5,1072,1210,1374,1569,1800.5,2074.5,2397,2776,3222.5,3748.5,4366,5087.5,5928,6903,8023,9292.5,10711.5,12280,14001.5,15881.5,17925.5,20134.5,22500.5,25003.5,27615,30302,33028.5,35759,100000,0,0,0,0,0,0,0,0,0,0
39,88,57.5,19,9,6.5,5.5,4.5,4,4,4,4,4,4.5,5.5,6.5,7.5,9,10.5,11.5,13,14.5,16,17,17.5,18,18,18.5,19,19.5,20.5,21.5,22.5,23.5,25,27.5,30.5,33,35,37.5,40.5,44.5,49,53.5,58,63,69,75.5,83.5,92,101,111,121,131,141.5,152,162.5,173.5,185.5,199,213.5,229,245.5,263.5,283.5,305.5,330,358,390.5,427.5,469,516,569,627.5,692,764.5,847.5,944.5,1059.5,1195.5,1356.5,1548.5,1776.5,2046.5,2364.5,2738.5,3179.5,3699,4309,5022,5853,6817.5,7927.5,9187,10596.5,12156.5,13869.5,15741.5,17777.5,19978.5,22338,24837,27446.5,30133.5,32863,35599,100000,0,0,0,0,0,0,0,0,0,0
40,86,56,18.5,9,6,5,4.5,4,4,4,4,4,4.5,5.5,6.5,7.5,9,10.5,11.5,12.5,14,15.5,16.5,17.5,18,18,18.5,19,19.5,20.5,21.5,22.5,23.5,25,27.5,30.5,33,35,37,40,44,48.5,53,57.5,62.5,68.5,75.5,83,91,100,109.5,119.5,130,140,150.5,161,171.5,183.5,197,211.5,227,243.5,261,280.5,302.5,327,354.5,386,422.5,464,510.5,562.5,620.5,684.5,756,838,934,1047,1180.5,1339.5,1528.5,1753,2019,2333,2702.5,3137.5,3650.5,4253,4957.5,5779.5,6734.5,7834,9083.5,10483.5,12034.5,13739,15602.5,17630.5,19824.5,22177.5,24672,27280,29967.5,32700,35441,100000,0,0,0,0,0,0,0,0,0,0
41,85,55.5,18.5,9,6,5,4.5,4,4,3.5,3.5,4,4.5,5.5,6.5,7.5,8.5,10,11.5,12.5,14,15.5,16.5,17,17.5,18,18,18.5,19.5,20,20.5,21.5,23,25,27,29.5,32.5,35,37,39.5,43.5,48,52,56.5,62,68,74.5,82,90,99,108.5,118,128.5,139,149,159.5,170.5,182,195,209.5,224.5,240.5,258.5,278,299.5,323.5,351,382.5,418,458.5,504.5,556,613.5,677.5,748.5,829,923,1034.5,1166.5,1323,1509,1730.5,1993,2302.5,2667,3096.5,3603,4198,4894.5,5708,6653.5,7742.5,8981.5,10372.5,11915,13611,15466.5,17486.5,19672.5,22019.5,24509.5,27115,29803,32538,35284,100000,0,0,0,0,0,0,0,0,0,0
42,83,54,18,8.5,5.5,5,4.5,4,3.5,3,3.5,4,4.5,5.5,6.5,7.5,8.5,10,11.5,12.5,14,15.5,16.5,17,17,17.5,18,18.5,19,19.5,20.5,21.5,23,25,27,29.5,32,34,36.5,39.5,43,47.5,52,56.5,61.5,67,73.5,81,89,98,107.5,117,127,137.5,148,158,168.5,180,193,207.5,222.5,238.5,256,275,296,320,347.5,378.5,413.5,453.5,499,550,607,670,740,820,913,1022.5,1152.5,1307,1490.5,1708.5,1967,2272.5,2632.5,3056.5,3556.5,4144.5,4833.5,5638,6573.5,7653,8882.5,10263.5,11797,13485,15332,17344,19523,21863.5,24349,26952,29640,32378,35128.5,100000,0,0,0,0,0,0,0,0,0,0
43,82,53.5,17.5,8,5.5,5,4.5,4,3.5,3,3.5,4,4.5,5.5,6.5,7.5,8.5,9.5,11,12.5,14,15.5,16.5,17,17,17.5,18,18.5,19,19.5,20.5,21.5,22.5,24,26.5,29.5,32,34,36,39,43,47,51,55.5,60.5,66,72.5,80,88,97,106.5,116,126,136,146,156.5,167.5,179,191.5,205.5,220.5,236.5,254,272.5,293,317,344,374.5,409.5,449,494,544.5,600.5,663,732.5,811.5,903.5,1011.5,1139.5,1291.5,1472,1687,1942,2243,2598.5,3017.5,3511.5,4093,4774,5569.5,6495.5,7565,8785,10157,11681.5,13361,15200,17204,19376,21710,24190.5,26791.5,29479.5,32219.5,34974.5,100000,0,0,0,0,0,0,0,0,0,0
44,80,52.5,17.5,8,5.5,5,4.5,4,3.5,3,3.5,4,4.5,5.5,6.5,7.5,8.5,9.5,11,12.5,13.5,15,16.5,17,17,17,17.5,18.5,19,19.5,20.5,21.5,22.5,24,26.5,29,31.5,34,36,38.5,42,46.5,51,55.5,60.5,66,72.5,79.5,87.5,96.5,105.5,115,125,135,145,155,165.5,177,189.5,203.5,218.5,234,251,270,291,314,340.5,371,405,444,488.5,538.5,594,656,725.5,803.5,894,1000.5,1126.5,1276,1454,1666,1917.5,2215,2565.5,2979,3467,4041.5,4715.5,5503,6419.5,7479,8689,10051.5,11567.5,13239,15070,17066.5,19231,21558.5,24034.5,26633,29321,32063,34822,100000,0,0,0,0,0,0,0,0,0,0
45,79,51.5,17,8,5.5,5,4.5,4,3.5,3,3.5,4,4.5,5.5,6.5,7.5,8.5,9.5,10.5,12,13.5,15,16,16.5,17,17,17.5,18,18.5,19.5,20.5,21.5,22.5,24,26,28.5,31,33,35.5,38.5,42,46,50,54.5,59.5,65,71.5,78.5,86.5,95.5,104.5,114,124,134,144,154,164.5,175.5,187.5,201.5,216.5,232,249,267.5,288,311,337,367,401,439.5,483.5,533,588,649.5,718,795,884,989,1113.5,1261,1436.5,1645.5,1893.5,2187,2533.5,2942,3424,3992,4658.5,5437.5,6345,7395,8595,9948.5,11456,13119,14942,16930.5,19087.5,21409,23880.5,26476,29163.5,31907.5,34671,100000,0,0,0,0,0,0,0,0,0,0
46,78,51,17,8,5.5,5,4.5,4,3.5,3,3,3.5,4.5,5.5,6.5,7.5,8.5,9.5,10.5,12,13.5,15,16,16.5,17,17,17.5,18,18.5,19,19.5,20.5,22,24,26,28.5,31,33,35,38,42,46,50,54.5,59.5,64.5,70.5,78,86,94.5,103.5,113,122.5,132,142,152.5,163,174,186.5,200,214.5,230,246.5,264.5,285,308,334,363.5,397,435,478,527,582,643,710.5,787,875.5,979,1101.5,1247,1420,1625.5,1870,2160,2502,2905.5,3382,3943.5,4602.5,5373.5,6272,7312,8502.5,9847,11346,13000.5,14815.5,16797,18947,21262,23728,26320.5,29008,31754,34521.5,100000,0,0,0,0,0,0,0,0,0,0
47,77,50,16.5,8,5.5,4.5,4,3.5,3,3,3,3.5,4.5,5.5,6.5,7.5,8.5,9.5,10.5,11.5,13,14.5,15.5,16,16.5,17,17,17.5,18.5,19,19.5,20.5,21.5,23,25.5,28.5,31,33,35,37.5,41,45,49.5,54,58.5,64,70.5,77.5,85,93.5,102.5,111.5,121,131,141,151,161.5,172.5,184.5,198,212.5,228,244.5,262.5,282.5,305,330.5,359.5,393,431,473.5,521.5,575.5,636,703.5,779,866,968.5,1089.5,1232.5,1403,1606.5,1848,2134,2471.5,2870,3341,3896,4548,5311,6200.5,7231.5,8412.5,9747.5,11238,12884.5,14692,16665.5,18808,21116.5,23577.5,26167.5,28854,31601.5,34373,100000,0,0,0,0,0,0,0,0,0,0
48,75,49,16.5,8,5.5,4.5,4,3.5,3,3,3,3.5,4.5,5.5,6.5,7.5,8.5,9.5,10.5,11.5,13,14.5,15.5,16,16,16.5,17,17.5,18,18.5,19.5,20.5,21.5,23,25.5,28,30.5,33,35,37.5,41,45,49,53.5,58,63,69.5,76.5,84,92.5,101.5,110.5,120,130,140,150,160,171,183,196,210.5,226,242.5,260.5,280.5,302.5,327.5,356.5,389,426,468.5,516.5,570,629.5,696.5,771.5,857.5,958.5,1077.5,1219,1387,1587,1825.5,2108,2441.5,2835.5,3301,3849.5,4494,5249.5,6131,7152.5,8324,9650,11131.5,12770,14570,16536,18671,20973,23429.5,26016.5,28702,31451,34226,100000,0,0,0,0,0,0,0,0,0,0
49,74,48.5,16,7.5,5.5,4.5,4,3.5,3,3,3,3.5,4.5,5.5,6.5,7.5,8.5,9.5,10.5,11.5,13,14.5,15.5,16,16,16.5,17,17.5,18,18.5,19.5,20.5,21.5,23,25,27.5,30,32,34,37,40.5,44.5,49,53,57.5,63,69,75.5,83,91.5,100.5,109.5,119,129,139,149,159,169.5,181.5,194.5,208.5,224,240.5,258,277.5,299.5,324.5,353,385,422,464,511,564,623.5,689.5,763.5,849,948.5,1066,1205.5,1371,1568.5,1804,2083,2412.5,2802,3262,3804.5,4442.5,5190,6062.5,7075,8237.5,9554,11027,12658,14449.5,16407.5,18536,20832,23283.5,25867,28551.5,31302,34080.5,100000,0,0,0,0,0,0,0,0,0,0
50,73,47.5,15.5,7.5,5.5,4.5,4,3.5,3,3,3,3.5,4.5,5.5,6.5,7.5,8.5,9.5,10.5,11.5,13,14.5,15.5,16,16,16.5,17,17.5,18,18.5,19.5,20.5,21.5,23,25,27.5,30,32,34,36.5,40,44,48,52.5,57,62,68.5,75.5,83,91,99.5,108.5,118,128,137.5,147,157.5,168.5,180,193,207,222,238,255.5,275,296.5,321.5,350,382,418,459,506,558.5,617,682.5,756.5,841,939,1055,1192.5,1356,1551,1783,2058.5,2384,2768.5,3223.5,3760,4391,5131,5995.5,6999,8152,9460,10924.5,12547,14331,16282,18403.5,20693,23139,25719.5,28403.5,31155,33937,100000,0,0,0,0,0,0,0,0,0,0
51,72,47,15.5,7.5,5.5,4.5,4,3.5,3,3,3,3.5,4.5,5,5.5,7,8.5,9.5,10.5,11.5,13,14.5,15.5,16,16,16,16.5,17,17.5,18.5,19,19.5,21,22.5,24.5,27.5,30,32,34,36.5,40,44,48,52,56.5,62,68,74.5,82,90,98.5,107.5,117,126.5,136,146,156,166.5,178,191,205,220,236,253.5,273,294.5,319,346.5,378,414,455,501.5,553.5,611.5,676.5,749.5,832.5,929.5,1044,1179.5,1341,1533.5,1762.5,2034.5,2356,2736.5,3186,3716.5,4341.5,5074,5930,6924.5,8068.5,9367.5,10823.5,12438,14214.5,16158,18272,20555,22996,25573.5,28256.5,31009,33794,100000,0,0,0,0,0,0,0,0,0,0
52,71,46.5,15.5,7,5,4.5,4,3.5,3,3,3,3.5,4.5,5,5.5,7,8.5,9.5,10.5,11.5,12.5,14,15.5,16,16,16,16.5,17,17.5,18,18.5,19.5,20.5,22,24.5,27,29.5,31.5,33,36,39.5,43,47,51.5,56,61,67,73.5,81,89,97.5,106.5,116,125.5,135,145,155,165.5,177,189.5,203,218,234,251,270,291.5,316,343.5,374.5,410,450.5,496.5,548,605.5,670,742.5,825,920.5,1033.5,1167.5,1326.5,1516.5,1742.5,2011,2329,2705,3149.5,3674,4292,5017.5,5865.5,6851,7986,9276.5,10724,12330.5,14099.5,16035.5,18142.5,20419.5,22855.5,25429,28110.5,30864.5,33653,100000,0,0,0,0,0,0,0,0,0,0
53,70,45.5,15,7,4.5,4,4,3.5,3,3,3,3.5,4.5,5,5.5,6.5,7.5,9,10.5,11.5,12.5,14,15,15.5,16,16,16.5,17,17.5,18,18.5,19.5,20.5,22,24,26.5,29,31,33,35.5,39,43,47,51,55.5,60.5,66.5,73.5,80.5,88.5,97,105.5,115,124.5,134,144,154,164,175,188,202,216.5,232,249,268,289,313,340.5,371,406,446,491.5,543,600,663.5,735,816.5,911.5,1023,1155,1312.5,1500,1723,1988,2302.5,2674.5,3114,3633,4244.5,4962.5,5802.5,6779.5,7905.5,9187,10626.5,12225.5,13986.5,15915,18015.5,20286,22716.5,25287,27967.5,30722,33513,100000,0,0,0,0,0,0,0,0,0,0
54,69,45,15,7,4.5,4,3.5,3,3,3,3,3.5,4,4.5,5.5,6.5,7.5,8.5,9.5,11,12.5,14,15,15.5,16,16,16,16.5,17,17.5,18.5,19.5,20.5,22,24,26.5,29,31,33,35.5,39,43,47,51,55,60,66,72.5,80,88,96,104.5,114,123.5,133,142.5,152,162.5,174,186.5,200,214.5,230,247,266,287,310.5,337,367.5,402.5,442,487,537.5,594,657.5,728.5,809,902.5,1013,1143.5,1298.5,1483.5,1704,1966,2276.5,2644,3078.5,3592,4197.5,4909,5741,6709.5,7827,9099.5,10530.5,12121.5,13875,15796.5,17890,20154,22579.5,25146.5,27825,30580.5,33375,100000,0,0,0,0,0,0,0,0,0,0
55,68,44.5,15,7,4.5,4,3.5,3,3,3,3,3.5,4,4.5,5.5,6.5,7.5,8.5,9.5,11,12.5,13.5,14.5,15,15.5,16,16,16.5,17,17.5,18.5,19.5,20.5,22,24,26.5,29,31,33,35.5,38.5,42,46,50,54.5,59.5,65,71.5,79,87,95.5,104,113,122.5,132,141.5,151,161.5,173,185,198,212.5,228,245,263.5,284,307.5,334,364,398.5,438,482.5,532.5,588.5,651.5,722,802,894.5,1003,1132,1285,1467.5,1685.5,1944.5,2251.5,2615,3045,3553,4152,4856,5680.5,6641,7749.5,9013.5,10436,12019,13765.5,15680,17766,20023.5,22444,25007.5,27685,30441,33237.5,100000,0,0,0,0,0,0,0,0,0,0
56,67,43.5,14.5,7,4.5,4,3.5,3,3,3,3,3.5,4,4.5,5.5,6.5,7.5,8.5,9.5,11,12.5,13.5,14.5,15,15,15.5,16,16.5,17,17.5,18.5,19.5,20.5,21.5,23.5,26,28.5,30.5,32,34.5,38,42,46,50,54,59,65,71.5,78.5,86,94.5,103.5,112.5,121.5,131,140.5,150,160.5,171.5,183.5,197,211,226,243,261.5,282,305,331,361,395,434,478,527.5,583,645,715,794.5,886,993.5,1121,1272,1452,1667,1923,2226.5,2586,3011.5,3514,4107,4804.5,5621.5,6573.5,7673.5,8929,10343,11918,13657,15564.5,17644,19895.5,22310.5,24870,27546,30302.5,33101.5,100000,0,0,0,0,0,0,0,0,0,0
57,66,43,14,6.5,4.5,4,3.5,3,3,3,3,3.5,4,4.5,5.5,6.5,7.5,8.5,9.5,10.5,12,13.5,14.5,15,15,15.5,16,16.5,17,17.5,18,18.5,20,21.5,23.5,26,28,30,32,34.5,38,42,45.5,49,53.5,58.5,64,70.5,78,85.5,93.5,102.5,111.5,120.5,129.5,139,149,159,170,182,195,209.5,225,241.5,259.5,279.5,302.5,328.5,358,392,430,473.5,523,578,639.5,709,787.5,878,984.5,1110,1259,1437,1649.5,1902.5,2202.5,2557.5,2978,3476,4063.5,4754,5563.5,6507.5,7599,8846,10252,11819.5,13551,15451,17523.5,19768.5,22178.5,24734.5,27408.5,30165.5,32967,100000,0,0,0,0,0,0,0,0,0,0
58,65,42.5,14,6.5,4.5,4,3.5,3,3,3,3,3.5,4,4.5,5.5,6.5,7.5,8.5,9.5,10.5,12,13.5,14.5,15,15,15.5,16,16,16.5,17.5,18,18.5,19.5,21,23,25.5,28,30,32,34.5,38,41.5,45,49,53.5,58.5,64,70.5,77.5,85,93,101.5,110.5,119.5,128.5,138,148,158,168.5,180.5,193.5,207.5,223,239.5,257.5,277.5,300,325.5,355,388.5,426,469,518,572.5,633.5,702.5,780.5,870,975,1099,1246.5,1422.5,1632,1882,2179,2530.5,2946.5,3439,4020.5,4704.5,5506.5,6442.5,7525.5,8764,10162,11721.5,13446,15339,17404.5,19643.5,22048.5,24601,27273,30030,32834,100000,0,0,0,0,0,0,0,0,0,0
59,64,42,14,6.5,4.5,4,3.5,3,3,3,3,3.5,4,4.5,5.5,6.5,7.5,8.5,9.5,10.5,12,13.5,14.5,15,15,15,15.5,16,16.5,17,17.5,18.5,19.5,21,23,25.5,28,30,32,34.5,37.5,41,45,49,53,57.5,63,69.5,76.5,84,92,100.5,109.5,118.5,127.5,137,146.5,156.5,167.5,179.5,192.5,206,221,237.5,255.5,275.5,297.5,323,352,384.5,422,465,513.5,567.5,628,696.5,774,862.5,966,1088.5,1234,1408,1615.5,1862,2155.5,2503.5,2915,3402.5,3978.5,4656,5451,6379,7453.5,8683.5,10073.5,11626,13343,15229,17288,19520.5,21920,24468.5,27138.5,29896,32702,100000,0,0,0,0,0,0,0,0,0,0
60,63,41,13.5,6.5,4.5,4,3.5,3,3,3,3,3.5,4,4.5,5.5,6.5,7.5,8.5,9.5,10.5,12,13.5,14.5,15,15,15,15.5,16,16.5,17,17.5,18.5,19.5,21,23,25.5,28,29.5,31,33.5,37,41,44.5,48,52.5,57.5,63,69,76,83.5,91.5,100,108.5,117.5,126.5,136,145.5,155.5,166.5,178,190.5,204.5,219.5,235.5,253.5,273,295,320.5,349,381.5,418.5,460.5,508.5,562.5,623,690.5,767,855,957.5,1078.5,1222.5,1394,1598.5,1843,2133,2477,2885,3367,3936.5,4608,5396.5,6317,7383,8604.5,9986.5,11531,13241,15120,17172,19399,21793.5,24338,27006,29763,32571,100000,0,0,0,0,0,0,0,0,0,0
61,62,40.5,13.5,6.5,4.5,4,3.5,3,3,3,3,3,3.5,4.5,5.5,6.5,7.5,8.5,9.5,10.5,11.5,13,14.5,15,15,15,15.5,16,16,16.5,17.5,18.5,19.5,21,23,25,27.5,29.5,31,33.5,37,40.5,44,48,52,56.5,62,68.5,75.5,83,91,99,107.5,116.5,125.5,135,144.5,154,165,177,189.5,203,217.5,233.5,251.5,271,293,318,346,378.5,415.5,457,504,557.5,617.5,684.5,760.5,847.5,948.5,1068,1210.5,1380.5,1583,1824,2111,2451.5,2854.5,3332,3896.5,4561.5,5342.5,6255.5,7314,8527.5,9901.5,11438.5,13141,15013,17058.5,19279,21668,24208.5,26874.5,29632,32442,100000,0,0,0,0,0,0,0,0,0,0
62,62,40.5,13.5,6.5,4.5,4,3.5,3,3,3,3,3,3.5,4.5,5.5,6.5,7.5,8.5,9.5,10.5,11.5,13,14,14.5,15,15,15,15.5,16,16.5,17.5,18.5,19.5,20.5,22.5,25,27,29,31,33.5,36.5,40,44,48,52,56.5,62,68,74.5,82,90,98.5,107,115.5,124.5,134,143.5,153,163.5,175,187.5,201.5,216.5,232,249.5,269,290.5,315,343,375,411.5,453,500,553,612,678.5,754,840,940,1058.5,1199.5,1367,1567,1805.5,2089,2426,2825.5,3298,3857,4516,5290,6195.5,7246,8451.5,9817.5,11346.5,13041.5,14907,16946.5,19160.5,21544,24081,26745,29502,32314,100000,0,0,0,0,0,0,0,0,0,0
63,61,39.5,13,6.5,4.5,4,3.5,3,3,3,3,3,3.5,4.5,5.5,6.5,7.5,8.5,9.5,10.5,11.5,13,14,14.5,15,15,15,15.5,16,16.5,17.5,18,19,20.5,22.5,25,27,29,31,33,36,40,43.5,47,51,56,61.5,67.5,74.5,81.5,89,97.5,106.5,115,124,133.5,142.5,152,162.5,174,186.5,200,214.5,230,247.5,267,288.5,313,340.5,372,408,449,495.5,548,607,673,747.5,832.5,932,1049.5,1188.5,1354,1551.5,1787.5,2068,2401,2796.5,3265,3818.5,4471.5,5239,6136.5,7179,8376.5,9734.5,11256,12944.5,14803,16835.5,19044,21422.5,23955,26616.5,29373.5,32187,100000,0,0,0,0,0,0,0,0,0,0
64,60,39,13,6.5,4.5,3.5,3,3,3,3,3,3,3.5,4.5,5.5,6.5,7.5,8.5,9.5,10.5,11.5,12.5,13.5,14,14.5,15,15,15.5,16,16.5,17,17.5,18.5,20,22,24.5,27,29,30.5,32.5,36,39.5,43,47,51,55.5,61,67,73.5,81,89,97,105.5,114.5,123.5,132.5,141.5,151,161.5,173,185.5,198.5,212.5,228.5,246,265,286,310,337.5,369,405,445.5,491.5,543.5,602,667.5,741.5,826,924,1039.5,1177,1341,1536.5,1770,2047.5,2377,2768.5,3232,3780.5,4428,5188.5,6079,7113.5,8302.5,9653,11167.5,12848.5,14700,16726,18928,21301.5,23830.5,26489.5,29246,32061.5,100000,0,0,0,0,0,0,0,0,0,0
65,59,38.5,13,6.5,4.5,3.5,3,3,2.5,2.5,3,3,3.5,4.5,5.5,6.5,7.5,8.5,9.5,10.5,11.5,12.5,13.5,14,14,14.5,15,15.5,16,16.5,17,17.5,18.5,20,22,24.5,27,28.5,30,32.5,36,39.5,43,46.5,50.5,55.5,60.5,66.5,73.5,80.5,88,96,104.5,113.5,122.5,131.5,140.5,150,160.5,171.5,183.5,197,211.5,227,244,263,284,308,335.5,366.5,401.5,441.5,487,538.5,596.5,661.5,735,819,916.5,1031,1166.5,1328,1521.5,1752.5,2027,2353.5,2741,3200,3743.5,4385,5139,6022,7049,8230.5,9573,11080,12754,14598.5,16618,18814.5,21182.5,23707,26364,29120,31936.5,100000,0,0,0,0,0,0,0,0,0,0
66,59,38.5,12.5,6,4.5,3.5,3,3,2.5,2,2.5,3,3.5,4.5,5.5,6.5,7.5,8.5,9.5,10.5,11.5,12.5,13.5,14,14,14.5,15,15.5,16,16,16.5,17.5,18.5,20,22,24.5,27,28.5,30,32.5,35.5,39,42.5,46,50,54.5,60,66,72.5,79.5,87,95,103.5,112.5,121.5,130.5,139.5,149,159.5,170.5,182.5,195.5,209.5,225,242,261,282,305.5,332.5,363.5,398.5,438,483,534,591.5,656.5,729.5,812.5,908.5,1021.5,1156,1316,1507,1735.5,2007.5,2330.5,2714,3168.5,3707,4342.5,5090,5966.5,6986,8159.5,9494.5,10994,12661,14499,16512,18702,21064.5,23585.5,26240,28995.5,31813.5,100000,0,0,0,0,0,0,0,0,0,0
67,58,38,12.5,5.5,4,3.5,3,3,2.5,2,2.5,3,3.5,4.5,5.5,6.5,7.5,8.5,9,10,11.5,12.5,13.5,14,14,14.5,15,15,15.5,16,16.5,17.5,18.5,20,22,24,26,28,30,32,35,38.5,42,46,50,54.5,59.5,65.5,72,79,87,95,103,111.5,120.5,129.5,138.5,148,158,169,181.5,194.5,208.5,224,240.5,259,280,303.5,330,360.5,395,434,479,530,587,651,723.5,806,901,1013,1146,1304,1493,1719,1988,2307.5,2687.5,3138,3671,4301,5043,5912.5,6924,8089.5,9416.5,10909,12569,14400.5,16407.5,18591.5,20949,23465.5,26117,28871.5,31691,100000,0,0,0,0,0,0,0,0,0,0
68,57,37,12,5.5,4,3.5,3,3,2.5,2,2.5,3,3.5,4.5,5.5,6.5,7.5,8,8.5,9.5,11,12.5,13.5,14,14,14,14.5,15,15.5,16,16.5,17.5,18.5,20,22,24,26,28,29.5,31.5,35,38.5,42,45.5,49.5,54,59,65,71.5,78.5,86,94,102.5,111,119.5,128.5,137.5,147,157,168,180,193,207,222,238.5,257,278,301,327.5,358,392,431,475.5,525.5,582,645.5,717.5,799.5,893.5,1004,1135.5,1292.5,1479.5,1702.5,1969,2285.5,2661.5,3108,3636.5,4261,4996,5858,6862.5,8021,9340.5,10825.5,12479,14303.5,16303.5,18481.5,20833.5,23346.5,25996,28750,31571,100000,0,0,0,0,0,0,0,0,0,0
69,56,36.5,12,5.5,4,3.5,3,3,2.5,2,2.5,3,3.5,4.5,5.5,6.5,7,7.5,8.5,9.5,11,12.5,13.5,14,14,14,14.5,15,15.5,16,16.5,17.5,18.5,19.5,21.5,24,26,28,29.5,31.5,34.5,38,41.5,45,49,53.5,58.5,64.5,71,78,85.5,93,101.5,110,118.5,127.5,136.5,146,156,167,179,191.5,205.5,220.5,237,255.5,275.5,298.5,325,355,389,427.5,471.5,521.5,577.5,640.5,712,793,886.5,996,1126,1281,1466,1687,1950.5,2264,2636,3078,3602,4221,4950,5805.5,6803,7954,9266,10743.5,12389.5,14207.5,16201.5,18374,20721,23229.5,25876,28629,31451,100000,0,0,0,0,0,0,0,0,0,0
70,56,36.5,12,5.5,4,3.5,3,3,2.5,2,2.5,3,3.5,4.5,5.5,6.5,7,7.5,8.5,9.5,11,12.5,13.5,14,14,14,14.5,15,15,15.5,16.5,17.5,18.5,19.5,21,23.5,26,27.5,29,31.5,34.5,38,41.5,45,49,53.5,58.5,64,70.5,77.5,85,93,101,109.5,118,126.5,135.5,145,155,165.5,177.5,190.5,204,219,235.5,253.5,273.5,296.5,322.5,352,386,424,467.5,517,572.5,635.5,706.5,786.5,879,988,1116.5,1269.5,1452.5,1671,1932,2242.5,2611.5,3049.5,3568.5,4182,4905,5754,6744,7887,9191.5,10662,12301.5,14113,16100.5,18267,20608.5,23113,25757.5,28509.5,31332,100000,0,0,0,0,0,0,0,0,0,0
